Generation,Fitness,Amplitude,Phase,Offset
1,0.6399484195036643,"[0.30673866 0.30681586 0.28399945 0.41575556 0.46409133 0.02124188
 0.26640213 0.20843519 0.25137064 0.36949225]","[0.26790749 0.30873237 0.11407891 0.15546982 0.39274353 0.51373752
 0.1471803  0.23455601 0.33367965 0.33780092]","[0.19122627 0.49999907 0.27354095 0.06529088 0.25785769 0.30011852
 0.1998232  0.14701736 0.24861063 0.37113473]"
1,0.7964607798194152,"[0.05875966 0.43178998 0.31784933 0.49888949 0.23387256 0.22043045
 0.19596225 0.25272851 0.33922921 0.33299079]","[0.10990765 0.22525127 0.30381731 0.18419396 0.37422289 0.24841684
 0.2282587  0.24228927 0.26640276 0.2001862 ]","[ 0.14591561  0.00317511 -0.07810823  0.2091971   0.17580481  0.28101042
  0.16723635  0.28042262  0.19381049  0.10205178]"
1,0.9001087064921556,"[0.29601012 0.1158254  0.18014811 0.26426457 0.28026439 0.42378661
 0.49559542 0.14270136 0.14653579 0.29892895]","[0.17311203 0.34236188 0.32672579 0.1980708  0.26270671 0.28978399
 0.37015965 0.22130008 0.25118044 0.23219242]","[0.04771284 0.14607058 0.20276168 0.23344425 0.26881596 0.21319866
 0.29115551 0.3918653  0.24754557 0.30300478]"
1,0.9214804214337218,"[0.33748949 0.12938517 0.14847806 0.36575589 0.3306299  0.31052241
 0.07811407 0.37081078 0.08116271 0.37813665]","[0.16616624 0.2432314  0.21493825 0.33505483 0.36017996 0.38300271
 0.40209686 0.20347467 0.28827052 0.25637974]","[0.26263933 0.37507765 0.37420548 0.32893326 0.26827797 0.08471516
 0.36453918 0.25301646 0.48856047 0.44794393]"
1,0.6509061120945818,"[0.25976688 0.33899113 0.32496161 0.2859025  0.21365237 0.3808468
 0.39355403 0.31425834 0.11840188 0.24805023]","[0.24686258 0.20936585 0.37209432 0.43785812 0.32095907 0.24843842
 0.26093121 0.30588154 0.26399311 0.23605925]","[0.22535884 0.22965631 0.25233839 0.26325998 0.30502189 0.17300308
 0.17244812 0.34623871 0.22283997 0.27362114]"
1,0.7292150028234006,"[0.2213001  0.19233765 0.07904389 0.39841027 0.29906918 0.17227767
 0.29563286 0.22363183 0.34228146 0.23895917]","[0.38551736 0.05276372 0.13832331 0.3515638  0.07169673 0.13322129
 0.29086309 0.35951861 0.31527259 0.24594567]","[0.11929443 0.1935926  0.17277559 0.15003612 0.18729355 0.30801384
 0.23982424 0.34339231 0.15640689 0.29612778]"
1,0.5457743230799834,"[0.23004917 0.09565215 0.32297551 0.04272385 0.22832723 0.2574382
 0.21347541 0.36924994 0.32244212 0.08805563]","[0.36151852 0.27415424 0.22336697 0.27289669 0.22258063 0.08005884
 0.28038701 0.28437753 0.19128292 0.47403669]","[0.37154531 0.36627865 0.1514431  0.19836459 0.18326074 0.18591268
 0.28698499 0.08476262 0.2757914  0.12753074]"
1,0.8791225656542491,"[0.35801682 0.29448047 0.28132665 0.27815305 0.18320205 0.27935433
 0.31600015 0.29174864 0.23477295 0.21254889]","[0.30251416 0.37023846 0.24874274 0.24182199 0.24706898 0.2544547
 0.47177445 0.21183252 0.34247641 0.3245838 ]","[0.19549416 0.39210506 0.19201299 0.26400237 0.32365707 0.30251766
 0.37246709 0.24995512 0.09264611 0.37545081]"
1,0.6709701815192081,"[0.19173223 0.04394198 0.19683721 0.25104046 0.29806692 0.4999405
 0.36444256 0.19726097 0.32187893 0.23035817]","[0.18248669 0.09719171 0.18662815 0.33916223 0.17928922 0.12540845
 0.04242781 0.30744022 0.30173344 0.20513682]","[0.29814157 0.38447627 0.2658971  0.19980062 0.29101651 0.3232326
 0.26927923 0.29554172 0.31472338 0.21457122]"
1,0.9385520448625906,"[0.49262934 0.26967039 0.19126485 0.23648994 0.27123419 0.23230935
 0.25891977 0.19924649 0.26186545 0.10281755]","[0.25274979 0.17393315 0.10469459 0.2900706  0.22121628 0.04422713
 0.29608121 0.15799416 0.22981321 0.0048078 ]","[0.16498615 0.18811009 0.14979333 0.34842919 0.13473195 0.42671127
 0.22700213 0.36660752 0.27306074 0.19183865]"
1,0.6203708774028908,"[0.2675855  0.33191306 0.26628974 0.22352491 0.15866574 0.31388857
 0.35898239 0.3390594  0.43376961 0.23931272]","[0.27950223 0.42472266 0.18493995 0.14858921 0.21945522 0.27892932
 0.35146016 0.22171523 0.29680832 0.22097234]","[0.30874524 0.13090948 0.3147212  0.23094725 0.33702354 0.38729772
 0.3128445  0.42228616 0.36959127 0.3826155 ]"
1,0.49136596217019934,"[0.13132328 0.30637663 0.42411419 0.23270664 0.2437758  0.33435352
 0.18556318 0.48141631 0.10827428 0.14839838]","[0.30041212 0.32795892 0.14472548 0.21863557 0.09540949 0.16421414
 0.0417098  0.12838913 0.11984851 0.34455974]","[0.36373256 0.26067077 0.19519917 0.2772824  0.35112467 0.12064672
 0.19571744 0.31700283 0.31406091 0.21055262]"
1,0.5504064863866278,"[0.26532103 0.40597768 0.24672903 0.39486767 0.24052815 0.1313934
 0.21462651 0.22726221 0.17909439 0.32875726]","[0.15225023 0.26226292 0.08180304 0.18269306 0.18032675 0.20032267
 0.19058958 0.15477215 0.07180732 0.13088357]","[0.34053451 0.28016709 0.17239646 0.29581717 0.30733246 0.24332373
 0.35425391 0.33132597 0.14080659 0.18525546]"
1,0.37664653928935937,"[0.29217461 0.33392989 0.12853168 0.2970036  0.02512129 0.17906709
 0.33784985 0.09112401 0.37074081 0.28023701]","[0.19624354 0.36559962 0.23597311 0.12675077 0.18990374 0.2163353
 0.31513767 0.29988515 0.22319228 0.43696631]","[0.25025434 0.19781278 0.3539323  0.04314886 0.14677771 0.19776075
 0.27541128 0.222033   0.18926953 0.19277202]"
1,0.5583694571946154,"[0.14192409 0.15426872 0.22877155 0.36163756 0.2055482  0.2823059
 0.41708184 0.15550925 0.21474878 0.06754379]","[0.12290388 0.35226461 0.3082588  0.18010612 0.28231632 0.24164441
 0.24167765 0.30746236 0.37234962 0.16877785]","[0.26696284 0.3543594  0.39512962 0.15767503 0.21556031 0.2410711
 0.28481442 0.21720897 0.1101727  0.21302065]"
1,0.687552069343287,"[0.31449249 0.40243361 0.14056052 0.33133971 0.35405016 0.21292739
 0.39971232 0.35544014 0.16500594 0.25377215]","[0.42051601 0.29206304 0.20737534 0.40300794 0.20081945 0.35096822
 0.12743071 0.002593   0.29640727 0.38520433]","[0.33104278 0.41600911 0.39891136 0.16826965 0.16099009 0.33348024
 0.24406905 0.2423473  0.29061771 0.06149079]"
1,0.9167620942220515,"[0.16846069 0.17138662 0.38712826 0.23597851 0.28066479 0.21625759
 0.24821721 0.30023137 0.17928568 0.34258544]","[0.02345885 0.26763684 0.01130518 0.14724338 0.34844487 0.32929882
 0.33996653 0.37939886 0.27231006 0.52603158]","[0.30750064 0.46155008 0.11913164 0.25340665 0.30484569 0.41281841
 0.27539749 0.28363198 0.18159947 0.33064022]"
1,0.6600903952520154,"[0.2143356  0.20837855 0.26822899 0.30303959 0.15815695 0.02940331
 0.35515568 0.21715627 0.1270696  0.2265488 ]","[0.15098644 0.2025258  0.14721613 0.16588125 0.13428782 0.28502466
 0.43123774 0.26592476 0.1127458  0.39908516]","[0.21656996 0.27480388 0.25708088 0.27279725 0.19498441 0.18934394
 0.30690123 0.22131981 0.1641546  0.28576882]"
1,0.9446693215588943,"[0.24235296 0.06494169 0.22265439 0.07314832 0.20067572 0.14766874
 0.11341446 0.31161871 0.28093221 0.46419071]","[0.11962982 0.27989668 0.30611867 0.22623494 0.27944468 0.14450645
 0.23402425 0.32872624 0.08316136 0.27874865]","[0.30571072 0.22404746 0.18093801 0.29718388 0.39056698 0.29805315
 0.250719   0.3376881  0.04041536 0.29169563]"
1,0.5961117313102623,"[0.32597733 0.29751836 0.21206697 0.42256596 0.13490529 0.18590375
 0.10401952 0.20424387 0.1514092  0.14820189]","[0.07684402 0.32988524 0.25804914 0.39545059 0.3009524  0.09580553
 0.26884727 0.07232624 0.14557356 0.31972227]","[0.2949634  0.35352327 0.07831965 0.39566481 0.28987153 0.25583723
 0.45568668 0.1801378  0.41602132 0.17897764]"
1,0.8972098740426575,"[0.40109611 0.21632835 0.37349329 0.22096117 0.39092083 0.24318821
 0.25613615 0.12756627 0.14382192 0.1211517 ]","[0.25959788 0.21644292 0.4436777  0.15787344 0.2317694  0.13980672
 0.29094785 0.21756456 0.29631525 0.32581943]","[0.29066447 0.21546392 0.27114798 0.41833724 0.34774728 0.30534331
 0.1896866  0.35505186 0.12961647 0.32105424]"
1,0.6444629361436682,"[0.30697636 0.36329471 0.34674777 0.44875367 0.34585014 0.23032741
 0.24999902 0.22241697 0.04720232 0.17433072]","[0.24394065 0.26988367 0.3648634  0.05294338 0.39273744 0.30757814
 0.22109013 0.22767703 0.17222026 0.30150295]","[0.29972502 0.33367907 0.24814264 0.34447694 0.48259217 0.38223366
 0.24047305 0.21173714 0.26202523 0.1889459 ]"
1,0.783331145639327,"[0.35946642 0.18895483 0.03531367 0.1109393  0.20098935 0.32763974
 0.11338136 0.05276827 0.34235813 0.22366998]","[0.27761981 0.19780492 0.20962113 0.35625333 0.17368619 0.26099194
 0.12256469 0.2771124  0.24680647 0.22889321]","[0.12980191 0.17508062 0.19444812 0.09987051 0.33265561 0.19638319
 0.25700093 0.19745068 0.20940131 0.26370285]"
1,0.45865638140463605,"[0.14039681 0.45507528 0.17508771 0.19154939 0.22331408 0.27417746
 0.09741583 0.23616018 0.14320992 0.08502964]","[0.07081833 0.22640237 0.16070606 0.39515183 0.44285269 0.12227734
 0.05954852 0.17105237 0.30105656 0.18635385]","[0.22011755 0.29309679 0.33763777 0.30124056 0.08244467 0.24107121
 0.06948421 0.37498567 0.34365857 0.36195428]"
1,0.7836127889575422,"[0.37252703 0.24726731 0.40213698 0.2000559  0.28929658 0.27319126
 0.11940779 0.235194   0.14390397 0.33604267]","[0.39345948 0.1997709  0.27425472 0.13866825 0.33995671 0.23348821
 0.28452757 0.28378987 0.11442667 0.21615321]","[0.23557638 0.34894803 0.24291451 0.19921252 0.10694085 0.08190447
 0.39590244 0.21554075 0.24910326 0.22876335]"
1,0.6815966319655035,"[0.22341447 0.36043976 0.23672387 0.31169416 0.24749527 0.26863961
 0.14201295 0.36137946 0.31824097 0.23039067]","[0.19873471 0.09112602 0.39910928 0.22502603 0.23248622 0.15676831
 0.35144883 0.24668111 0.18145882 0.12502208]","[0.24644088 0.2849311  0.31334928 0.28230852 0.15846437 0.29487336
 0.1933004  0.30121114 0.28049849 0.24160883]"
1,0.796859295453341,"[0.31846816 0.2017854  0.32682072 0.01863521 0.13796576 0.31645612
 0.3062324  0.20232724 0.17012215 0.25407634]","[0.49925861 0.26709153 0.0555146  0.34984774 0.51726265 0.23069894
 0.2525634  0.41309    0.25100156 0.23568415]","[ 0.30670571 -0.05529599  0.16014586  0.33713605  0.22931849  0.26504517
  0.15151585  0.11093916  0.04368769  0.0763403 ]"
1,0.9358917507918689,"[0.22131665 0.15464226 0.15287073 0.32655566 0.15185111 0.28824688
 0.17187967 0.09508963 0.3215711  0.3322101 ]","[0.22981431 0.13535498 0.19736366 0.25384435 0.2786419  0.32667717
 0.45298713 0.25830593 0.16664116 0.25382887]","[0.2069896  0.2822901  0.3689754  0.12519665 0.14788019 0.26726564
 0.29967198 0.15951842 0.20967834 0.29858077]"
1,0.8194329565157182,"[0.20044697 0.17103957 0.03638653 0.28784365 0.14271394 0.23386694
 0.14777188 0.24678742 0.392745   0.02059801]","[0.19628035 0.23351422 0.10511415 0.24789421 0.22641567 0.37719318
 0.37001708 0.34915538 0.35269599 0.20025244]","[0.40078191 0.32927914 0.26562465 0.15370941 0.31261331 0.06255903
 0.29926792 0.19213349 0.25915674 0.26666887]"
1,0.690637140853652,"[0.25148636 0.23194612 0.10170175 0.09794058 0.18276292 0.13094872
 0.25652865 0.20055457 0.08606635 0.33472544]","[0.27473362 0.26410693 0.34193444 0.16963894 0.27122089 0.36710206
 0.23768077 0.23898805 0.33985859 0.3703612 ]","[0.19422724 0.25529597 0.17814613 0.12872157 0.32473644 0.07762494
 0.36466777 0.23798081 0.12070733 0.26935126]"
1,0.5866077956672227,"[0.20520391 0.23533385 0.14220576 0.14660425 0.19424501 0.04934822
 0.27121807 0.25295809 0.28775268 0.1927049 ]","[0.02336699 0.33523627 0.05752301 0.37463729 0.37943094 0.27574668
 0.06246527 0.33269146 0.31106576 0.13879279]","[0.31462727 0.21313663 0.17892488 0.29347377 0.19693479 0.17035627
 0.26734315 0.16896261 0.30993947 0.27325116]"
1,0.660093818408363,"[0.11251194 0.26178188 0.45670648 0.31582597 0.30516994 0.41231413
 0.20857266 0.38793074 0.22053559 0.19817481]","[0.08485819 0.1626148  0.26906695 0.19838653 0.15881512 0.36200106
 0.28306702 0.11405507 0.36879938 0.22812846]","[0.10686678 0.07366975 0.36992145 0.17594024 0.218266   0.21282504
 0.25031911 0.18009952 0.0995897  0.28576883]"
1,0.622683654191742,"[0.2821592  0.13261884 0.34755437 0.07728921 0.28691542 0.32770144
 0.36523526 0.28344059 0.21675727 0.27104369]","[0.24332497 0.14047807 0.17568551 0.20603294 0.16262101 0.17697757
 0.31611011 0.38739386 0.13228733 0.16576786]","[0.35981289 0.40253585 0.20425049 0.18119841 0.43019163 0.27693623
 0.24836221 0.25973244 0.21980223 0.26393275]"
1,0.6672369952762903,"[0.34070776 0.30344289 0.33142186 0.19544612 0.33237351 0.31625473
 0.2950975  0.2180205  0.2111499  0.32416807]","[0.08618703 0.2168395  0.33732979 0.23454404 0.19529904 0.22196516
 0.31575297 0.0866452  0.2800964  0.19432361]","[0.32007395 0.36423737 0.17505687 0.17276566 0.19564188 0.29187003
 0.17012111 0.20047978 0.24380752 0.20102548]"
1,0.6431624941545923,"[0.19019882 0.05240016 0.27838571 0.33525213 0.21005797 0.18471585
 0.24246817 0.0960853  0.40009315 0.15377933]","[0.08613904 0.325628   0.144354   0.05975566 0.23342848 0.30135147
 0.09300359 0.15848113 0.27928625 0.28973414]","[0.30144134 0.32146852 0.16635621 0.49898033 0.11309643 0.23645365
 0.15650596 0.19846215 0.16414925 0.36744086]"
1,0.5507192708756796,"[1.80540760e-01 1.03926429e-05 2.40271135e-01 1.15594536e-01
 2.89754046e-01 2.79121637e-01 2.45244196e-01 2.54850449e-01
 2.83567495e-01 2.64061051e-01]","[0.29672395 0.35369418 0.23290767 0.27292268 0.12731418 0.22337707
 0.28161373 0.52833995 0.14748541 0.3734812 ]","[0.28265959 0.02400151 0.43546248 0.37983417 0.38168656 0.280519
 0.38111547 0.08411203 0.30353113 0.05069923]"
1,0.8144322623158903,"[0.05162488 0.34696316 0.22971755 0.22898957 0.38069405 0.12317428
 0.43052365 0.20515031 0.21703545 0.29644892]","[0.2217283  0.18252983 0.0305843  0.29516137 0.27529986 0.18519815
 0.18964573 0.15268301 0.32341069 0.24641344]","[0.38446945 0.18494278 0.34216105 0.15271881 0.11107459 0.07737934
 0.2894788  0.24219614 0.23678796 0.49582268]"
1,0.8717513700535892,"[0.42383359 0.15940288 0.28346834 0.33627426 0.24248398 0.18425229
 0.14232732 0.24594862 0.13312017 0.35149137]","[0.18089159 0.30051416 0.004598   0.32167512 0.25071764 0.53606426
 0.20913805 0.13882556 0.21745624 0.19033568]","[0.23632583 0.18938127 0.10460156 0.3831074  0.16123584 0.33788158
 0.457173   0.18651105 0.2525181  0.23270404]"
1,0.970790940101732,"[0.30142236 0.37667307 0.18200549 0.30288832 0.43180117 0.2242441
 0.21414837 0.30781493 0.29778941 0.24452047]","[0.2969394  0.38906165 0.21432224 0.30646517 0.22075319 0.2848867
 0.19281619 0.22976212 0.22377467 0.29553119]","[0.20776131 0.18971757 0.17370246 0.18487337 0.11949026 0.23191712
 0.38160444 0.18664632 0.29042707 0.17861445]"
2,0.6851198016318982,"[0.31106576 0.32083767 0.19661288 0.27192989 0.3335649  0.31686678
 0.1827384  0.19398175 0.27823294 0.0873125 ]","[0.12140831 0.15531423 0.23530413 0.39632394 0.34244143 0.33839192
 0.29574224 0.27433339 0.18842252 0.32210307]","[0.20807251 0.12373699 0.3533348  0.14509094 0.08815173 0.24589954
 0.3941132  0.16351527 0.22702276 0.16391204]"
2,0.6563670257062971,"[0.31267933 0.24365867 0.26776666 0.44573985 0.29306354 0.23426713
 0.27344046 0.17051769 0.28021341 0.19003827]","[0.25476031 0.41765082 0.17387113 0.1871643  0.25755183 0.2605868
 0.32966043 0.243598   0.27019806 0.2552436 ]","[0.36654635 0.11149906 0.39954378 0.33991448 0.0499012  0.13711635
 0.31159487 0.38854927 0.2764352  0.21857052]"
2,0.49534387312324135,"[0.37295275 0.35032735 0.32302407 0.14866662 0.25686139 0.20059548
 0.14456097 0.05802801 0.13655584 0.13225434]","[0.3045374  0.26599233 0.30984094 0.38238423 0.30493884 0.32645473
 0.2531868  0.16240505 0.15529835 0.32882312]","[0.33571195 0.36691849 0.19970189 0.26695681 0.24522988 0.11015844
 0.16164671 0.21218927 0.36128578 0.13947331]"
2,0.8286117222498146,"[0.09398428 0.22160506 0.39702317 0.25719034 0.41010699 0.23941792
 0.32120543 0.14602737 0.20564407 0.34225783]","[0.3122469  0.18320862 0.05366596 0.25093349 0.28559153 0.12992364
 0.38077273 0.25162895 0.23178003 0.23279105]","[0.40551494 0.15570163 0.11682192 0.22142522 0.1173504  0.26513644
 0.3224605  0.12781159 0.28031855 0.2392156 ]"
2,0.9428648671723947,"[0.29252376 0.09313485 0.04429858 0.24867357 0.36363354 0.38274823
 0.1763444  0.20246098 0.18272326 0.17411128]","[0.17286066 0.3901674  0.12536558 0.13500791 0.25029895 0.37191695
 0.42589615 0.18783976 0.36076302 0.19480721]","[0.3139609  0.26790091 0.25800011 0.24586406 0.09785977 0.08361099
 0.36642489 0.14393135 0.22480242 0.34060797]"
2,0.6695012773227054,"[0.14500449 0.23544639 0.26740864 0.2420104  0.36881836 0.00702497
 0.01186657 0.09181188 0.37625566 0.27917971]","[0.16627834 0.21500569 0.23648252 0.15614372 0.17680791 0.2282164
 0.14010542 0.03285654 0.24124579 0.32544831]","[0.46182802 0.4365998  0.32253317 0.28573741 0.20245626 0.17716288
 0.49912054 0.20405616 0.37423044 0.3159317 ]"
2,0.9431699260455453,"[0.29026282 0.31336084 0.37649207 0.22764381 0.33864505 0.1514931
 0.26464802 0.23031742 0.2221418  0.17927272]","[0.26697097 0.35905917 0.1987934  0.33722869 0.27002187 0.23300663
 0.46399797 0.12453175 0.22234046 0.113656  ]","[0.19949442 0.31600687 0.30360596 0.22100181 0.24190382 0.26942852
 0.49678288 0.12751422 0.23122335 0.25710217]"
2,0.7012238605795085,"[0.23365295 0.2900445  0.24019822 0.12176578 0.27163652 0.41710354
 0.08932369 0.28947509 0.19793695 0.33013648]","[0.34320035 0.33596166 0.17577388 0.26089305 0.24142658 0.24784318
 0.27444169 0.262115   0.27264206 0.20517362]","[0.32787574 0.1033409  0.288587   0.34065385 0.31136817 0.27884203
 0.38479602 0.14167263 0.40370049 0.21600656]"
2,0.8476689607897117,"[0.14282596 0.30980078 0.16584004 0.24899587 0.22947937 0.13723818
 0.13117192 0.24803888 0.21303845 0.33598045]","[0.26881467 0.20575225 0.22874443 0.22544395 0.25212365 0.19522292
 0.14452476 0.12289395 0.12979704 0.2550385 ]","[0.3436133  0.26233462 0.16741238 0.19933712 0.20381695 0.09830418
 0.25180922 0.27851509 0.4989171  0.43307666]"
2,0.5868862112497054,"[0.12801368 0.31518866 0.19352671 0.15400431 0.23541301 0.19802106
 0.21695155 0.28394186 0.19219715 0.20477549]","[0.4332662  0.24988749 0.02278509 0.25693957 0.31149957 0.1871718
 0.32613655 0.18203573 0.25419911 0.27970464]","[0.33343289 0.12111475 0.13921609 0.21088464 0.30690734 0.12080547
 0.19644078 0.12690234 0.44285075 0.37421254]"
2,0.6935927860174047,"[0.39292704 0.34387311 0.28516234 0.28808968 0.12431778 0.37703038
 0.15906614 0.19013082 0.25467009 0.30135142]","[0.25667746 0.33330928 0.41442079 0.24566337 0.44982739 0.34620192
 0.18992736 0.14369879 0.04088597 0.36211178]","[0.35640159 0.17849119 0.26954454 0.47066205 0.26819771 0.18446497
 0.22691534 0.22327573 0.36107375 0.14054749]"
2,1.0838786945274776,"[0.40692108 0.17713842 0.49065238 0.20223031 0.29133549 0.30517264
 0.29820838 0.30505988 0.18453806 0.31906557]","[0.32436408 0.40644405 0.07880576 0.17937466 0.28479557 0.33986897
 0.29375615 0.14345929 0.30935388 0.13391609]","[0.1712883  0.19407119 0.22539031 0.36762931 0.22845496 0.36075992
 0.47397278 0.3886475  0.22110069 0.21346921]"
2,0.5897391006098259,"[0.25119363 0.23398004 0.18985977 0.2318462  0.31459016 0.28291928
 0.06719288 0.02360121 0.34384778 0.4589199 ]","[0.33420357 0.24940696 0.06287149 0.25542014 0.25068936 0.41240796
 0.29041882 0.15792545 0.30093397 0.35946682]","[0.35311007 0.19414832 0.23532674 0.2323581  0.28930554 0.3050966
 0.49988384 0.35310759 0.26849314 0.28186948]"
2,0.8363021621492203,"[0.2215848  0.43315895 0.37134091 0.29455682 0.22073317 0.18925313
 0.21419506 0.25030274 0.38300242 0.15561532]","[0.3005069  0.33070936 0.28027006 0.17298079 0.24578712 0.30648214
 0.1566313  0.31855213 0.21201092 0.51538858]","[0.13448626 0.31535655 0.15871693 0.26998172 0.16455832 0.22990674
 0.41769391 0.34555216 0.37551288 0.26214523]"
2,0.9479073785790926,"[0.49997587 0.2539101  0.21894692 0.31841499 0.27493644 0.21676181
 0.3340223  0.15569115 0.35000333 0.10961221]","[0.28335502 0.36467519 0.14765989 0.32027274 0.18109779 0.27215603
 0.32629071 0.30751833 0.16813385 0.33492386]","[0.29095594 0.22400019 0.2314006  0.28929168 0.27491627 0.14630601
 0.25067835 0.32087273 0.23871334 0.38898209]"
2,0.907776994277256,"[0.42569156 0.10711619 0.29005137 0.27056741 0.3565062  0.21116415
 0.30342967 0.07722523 0.25977984 0.1218964 ]","[0.28553612 0.3505444  0.10431591 0.29912702 0.30010598 0.21913133
 0.38188769 0.45713067 0.28581879 0.14284912]","[0.32206818 0.2353782  0.28021824 0.02484563 0.29032673 0.32486624
 0.30880448 0.16395398 0.27638267 0.26476459]"
2,0.9573468661926549,"[0.30278544 0.18389432 0.23782706 0.33873141 0.18974523 0.24417811
 0.27576032 0.16563524 0.26448175 0.24610898]","[0.30491841 0.3206727  0.15614668 0.24211279 0.26413523 0.30067743
 0.25726188 0.27896255 0.2099118  0.12167974]","[0.31985358 0.33128985 0.32455697 0.27657843 0.24766689 0.30659919
 0.31571818 0.26320225 0.33284828 0.12858667]"
2,0.6554637349728529,"[0.23931779 0.27169428 0.26751609 0.30405453 0.49396369 0.28205654
 0.02074397 0.22380258 0.3052462  0.20836932]","[0.27201378 0.06367887 0.16937097 0.22329554 0.42820347 0.42229253
 0.26840709 0.18310134 0.1502239  0.30552077]","[0.27490056 0.19820654 0.31488218 0.23287235 0.26692063 0.29381897
 0.27278363 0.10285576 0.16000029 0.35397441]"
2,0.6395959923748171,"[0.37259192 0.19197426 0.20806521 0.22186471 0.06578279 0.31403317
 0.1981656  0.20257734 0.3405898  0.26812519]","[0.13360212 0.25373081 0.132859   0.31275784 0.24925462 0.24388547
 0.2030505  0.33763096 0.14450021 0.26588244]","[0.19043399 0.19182693 0.35152818 0.09116803 0.13387008 0.14226977
 0.33778254 0.18000001 0.2149136  0.19305089]"
2,0.739811495758797,"[0.35838151 0.15955069 0.20831856 0.26035666 0.36199623 0.23989633
 0.1915658  0.23597719 0.24165879 0.2897879 ]","[0.25897307 0.30515432 0.2688338  0.09413984 0.34325489 0.38348873
 0.3535672  0.33959875 0.48939843 0.25830362]","[0.29981446 0.28968898 0.10928499 0.303471   0.34327661 0.31427595
 0.28278487 0.21916611 0.19274462 0.30783335]"
3,0.705664334399745,"[0.34434224 0.23156032 0.25561286 0.30318843 0.1444447  0.23029608
 0.25965698 0.24174567 0.23104112 0.3612625 ]","[0.17409935 0.28240804 0.08646577 0.11069901 0.24075368 0.22114603
 0.46845234 0.27779297 0.26870456 0.1516348 ]","[0.22585606 0.29381245 0.21882254 0.15960647 0.24693668 0.27973883
 0.37492075 0.1055858  0.44857435 0.32967006]"
3,0.9757008933598865,"[0.33820749 0.27410753 0.2791159  0.15457497 0.29520528 0.34143462
 0.20248482 0.20211572 0.37008718 0.26248814]","[0.24213539 0.45918563 0.20723881 0.16922047 0.18533309 0.35902075
 0.23545965 0.16288118 0.10029134 0.10860026]","[0.28371656 0.26805195 0.28605139 0.34869027 0.25707748 0.18793176
 0.13314126 0.40937783 0.27530793 0.30554571]"
3,0.9377838758958504,"[0.24851933 0.26429221 0.32585606 0.1826225  0.20807367 0.20275935
 0.2218196  0.15622454 0.06572841 0.2299474 ]","[0.2804953  0.29965622 0.23159106 0.21832873 0.05120376 0.18268744
 0.21640043 0.30506168 0.21326186 0.22573219]","[0.30031214 0.37627407 0.18218298 0.23359747 0.34302109 0.33922329
 0.4200242  0.22844083 0.35263959 0.37034044]"
3,0.6443952502704489,"[0.41362022 0.19787596 0.26189756 0.09574761 0.4211728  0.30773005
 0.33885067 0.32620878 0.33857317 0.2319344 ]","[0.35170759 0.32435919 0.0060328  0.26877923 0.18916955 0.30990515
 0.43814473 0.20865374 0.18047722 0.00068204]","[0.28116796 0.19288807 0.33470097 0.3880788  0.24220958 0.32757404
 0.41044174 0.2028725  0.27860327 0.32731591]"
3,0.8944863893250764,"[0.49883095 0.32525975 0.22589889 0.19042715 0.40083822 0.16661552
 0.30494181 0.21918449 0.0051721  0.23691614]","[0.42610434 0.34270853 0.18398016 0.22702459 0.29104607 0.17593491
 0.39321759 0.20546242 0.23846547 0.30550698]","[0.24853567 0.27732643 0.26100246 0.30289447 0.17524654 0.25823333
 0.32724265 0.41285917 0.28674908 0.16401177]"
3,0.6865812818601509,"[0.39136829 0.20371094 0.31267217 0.29067882 0.28240719 0.12171486
 0.24027847 0.27666106 0.26623383 0.19755924]","[0.38713675 0.50267699 0.1697822  0.2074629  0.26016063 0.44391637
 0.27581361 0.28073261 0.28229107 0.21339997]","[0.21047572 0.38631051 0.16526651 0.29277733 0.35622271 0.30709077
 0.45129437 0.25345885 0.20099574 0.16257803]"
3,0.6494578614068777,"[0.29698045 0.38521808 0.3326772  0.11692693 0.24705147 0.23406831
 0.30007583 0.22429    0.1689301  0.34810277]","[0.21280468 0.26438789 0.21999798 0.19797005 0.2890846  0.12859801
 0.38489615 0.21468858 0.18779379 0.22909901]","[0.05900864 0.33862846 0.19236846 0.22951531 0.26015633 0.22916905
 0.31635485 0.28460058 0.22776315 0.20621972]"
3,0.7619130824840498,"[0.33698472 0.20946967 0.46082253 0.21211013 0.21804648 0.20707161
 0.30823003 0.23693359 0.2152404  0.41941043]","[0.14668948 0.22111823 0.22675127 0.47000974 0.14811418 0.45838568
 0.25569997 0.21251688 0.38325794 0.26743806]","[0.25342686 0.2604602  0.43988393 0.43028848 0.26227078 0.24055221
 0.49548114 0.43214345 0.26413038 0.19430819]"
3,0.8891294381954558,"[0.38295077 0.16819937 0.31751791 0.28110233 0.3288848  0.17373552
 0.29403094 0.20865942 0.19093911 0.18765197]","[0.14712783 0.17632245 0.1154457  0.2910704  0.26237212 0.13276894
 0.23294145 0.15824673 0.15952121 0.34364342]","[0.48058525 0.43180612 0.23135147 0.19586823 0.25774498 0.36943519
 0.49987593 0.27001702 0.20784346 0.24112189]"
3,0.6302416033803493,"[0.35059257 0.16941119 0.38696752 0.19012057 0.29728242 0.39453677
 0.23331796 0.13060193 0.29696625 0.32690075]","[0.33244078 0.37644508 0.17545844 0.29453992 0.16231419 0.31455482
 0.24603656 0.28743174 0.23871591 0.26974439]","[0.26728791 0.33398769 0.39455125 0.24708417 0.20139614 0.27774903
 0.35260887 0.35625757 0.35726438 0.36590758]"
3,1.1050812770767027,"[0.43356318 0.13943952 0.21246646 0.17141707 0.10665066 0.22080543
 0.32660274 0.27367073 0.24719166 0.30228183]","[0.05622911 0.3504394  0.15009472 0.07245984 0.298442   0.436399
 0.40643577 0.15115685 0.29238255 0.21089976]","[0.31516837 0.35193772 0.29115129 0.08940446 0.41056001 0.26945073
 0.43990195 0.21668768 0.27756823 0.20392308]"
3,0.9050936694299513,"[0.2991219  0.1442214  0.37723963 0.32386566 0.26357922 0.28547705
 0.27615504 0.20708913 0.15171655 0.23987847]","[0.3020827  0.37982575 0.13050532 0.21478106 0.3276533  0.34190875
 0.27082691 0.25872219 0.17732929 0.27054126]","[0.31363895 0.20205722 0.1128981  0.33981699 0.29695109 0.05812425
 0.36139134 0.18295365 0.48065294 0.20092002]"
3,0.9974039418211227,"[0.32536937 0.31532729 0.29244045 0.35897587 0.49538308 0.31011958
 0.20758359 0.34993128 0.21404834 0.14856113]","[0.18769389 0.31335363 0.04058818 0.29500613 0.15664816 0.36324313
 0.33590783 0.3021341  0.28655269 0.1222996 ]","[0.16853786 0.17475136 0.30080899 0.09101386 0.26768193 0.18742733
 0.41610919 0.12929821 0.30064397 0.31673806]"
3,0.7766731426174988,"[0.49999944 0.18523194 0.33630099 0.39875337 0.43872149 0.26920794
 0.35551121 0.32092155 0.25040587 0.19668878]","[0.15304899 0.24144344 0.26973647 0.42033622 0.37682681 0.07512705
 0.24435485 0.2323109  0.34708827 0.0834577 ]","[0.40756641 0.45140985 0.25349643 0.29327959 0.12169845 0.13320275
 0.28486018 0.17261932 0.24203994 0.34003643]"
3,0.7686136719437059,"[0.23308363 0.40642639 0.30900424 0.23527667 0.26153285 0.20190612
 0.21141589 0.25852988 0.24460399 0.11809865]","[0.33526952 0.31422325 0.11802648 0.20434913 0.13431915 0.29228857
 0.46810023 0.093676   0.11375149 0.2342447 ]","[0.32425442 0.33819628 0.11441858 0.22018465 0.36697825 0.18798881
 0.36862098 0.43345113 0.35776613 0.25057478]"
3,0.5290361064938913,"[0.38633943 0.16802237 0.3855321  0.22527384 0.11791095 0.2542463
 0.23600484 0.03204082 0.32380797 0.22271264]","[0.25775124 0.31303548 0.10099609 0.06286869 0.24363391 0.38536481
 0.27312229 0.20915943 0.20478169 0.30948384]","[0.25609893 0.29119538 0.24882291 0.2310898  0.15604465 0.16576451
 0.3646229  0.28779254 0.21572907 0.32427455]"
3,0.828758446406364,"[0.41754239 0.38252561 0.140255   0.28421635 0.25197149 0.30059906
 0.2246295  0.29521143 0.35935521 0.18084565]","[0.27497111 0.4938213  0.0856398  0.22139537 0.25726382 0.28327167
 0.21980287 0.17583067 0.23053228 0.15285263]","[0.26921678 0.12054543 0.31329542 0.33033051 0.16779767 0.2066768
 0.33443095 0.25593525 0.21606468 0.36207197]"
3,0.7506861049357865,"[0.38657345 0.39352592 0.47032587 0.12155484 0.21652056 0.21732459
 0.20255236 0.10553747 0.43966194 0.18070642]","[0.25540628 0.33636264 0.17025367 0.21404554 0.23315333 0.3022692
 0.2721936  0.17916445 0.29920854 0.02226041]","[0.23446683 0.36941374 0.17392336 0.3738823  0.13730509 0.1674553
 0.46482855 0.42383995 0.36187799 0.43690973]"
3,1.1109734764578836,"[0.25912663 0.28324536 0.40688241 0.42946867 0.21113245 0.32593462
 0.12505032 0.05233175 0.23372887 0.09843707]","[0.26164699 0.44702565 0.2464385  0.1918829  0.2561282  0.31975398
 0.2993757  0.15612383 0.18540345 0.35125671]","[0.20531701 0.29143207 0.25016441 0.23304851 0.16394801 0.31052267
 0.29998552 0.23951905 0.25193266 0.26178557]"
3,0.6803685242144573,"[0.32228248 0.14747326 0.27061159 0.29993383 0.30114746 0.31984594
 0.22175025 0.24724574 0.40579446 0.21807222]","[0.42475813 0.34759285 0.11875201 0.39054806 0.30266628 0.17495842
 0.41822183 0.14358478 0.20566889 0.18798334]","[0.24011372 0.22915253 0.20431828 0.25402086 0.30167813 0.01092677
 0.31676098 0.16861504 0.19768037 0.34563869]"
4,0.9865897556945608,"[0.40955955 0.20436253 0.43124029 0.21648144 0.18994905 0.2247865
 0.22973059 0.2119936  0.12660079 0.03996133]","[0.13076745 0.23167668 0.26977923 0.22902836 0.29011474 0.28543965
 0.22079968 0.16218912 0.16345832 0.3346268 ]","[0.29391314 0.41655732 0.23791992 0.20383015 0.16741563 0.12726432
 0.36923371 0.37064083 0.33701995 0.13575447]"
4,0.4464886491885909,"[0.31646337 0.1635616  0.47224847 0.32416991 0.37296456 0.35571349
 0.21840074 0.18077731 0.1780281  0.31935934]","[0.24996354 0.41589692 0.1972659  0.20999385 0.25951727 0.23377664
 0.41289831 0.0956657  0.2367666  0.3015798 ]","[0.21428018 0.22851625 0.24685343 0.25837835 0.19227459 0.2777509
 0.48973925 0.31059409 0.38673146 0.25309321]"
4,0.5813349546356195,"[0.24645917 0.22470831 0.33621823 0.25062561 0.15154368 0.23676245
 0.16784273 0.22875256 0.32509407 0.32593761]","[0.11192302 0.26732245 0.19681986 0.21595183 0.29284131 0.25721048
 0.33788872 0.21606278 0.27241384 0.34735091]","[0.18037368 0.38111762 0.10685997 0.23355119 0.23376661 0.36811261
 0.43176416 0.23307014 0.38402036 0.14586647]"
4,0.9962399324509698,"[0.41049309 0.26350451 0.22557175 0.21794219 0.17459491 0.37620804
 0.23592236 0.20013126 0.33618142 0.1227332 ]","[0.38508289 0.36854802 0.265556   0.15082222 0.04154463 0.36198791
 0.33684877 0.19167523 0.19520129 0.25166371]","[0.29740821 0.32766897 0.37464633 0.24663367 0.3752695  0.18648002
 0.25748075 0.12000157 0.19683155 0.31794058]"
4,0.7388072705552028,"[0.30088518 0.26067786 0.29660116 0.25557415 0.27233144 0.289135
 0.20846214 0.17789406 0.19190382 0.17367036]","[0.237967   0.32691832 0.2540367  0.03197124 0.14442482 0.43989622
 0.22870512 0.12880482 0.20212285 0.21304659]","[0.33034335 0.28243086 0.36937679 0.2386669  0.30077963 0.357132
 0.29327122 0.24631092 0.34708595 0.32620085]"
4,0.6923874355527759,"[0.33345768 0.21045962 0.31200962 0.37098308 0.13784612 0.29220553
 0.22692663 0.21783931 0.34255028 0.26859696]","[0.24347011 0.40772576 0.07169169 0.28185085 0.23738957 0.25604702
 0.36695094 0.09921083 0.23561042 0.34448361]","[0.35345184 0.38929709 0.33404644 0.28964681 0.16915463 0.22529235
 0.33782709 0.23411076 0.20603576 0.21756153]"
4,0.6562606254614395,"[0.17263535 0.3058315  0.33222926 0.23831996 0.33409241 0.29713893
 0.08956291 0.08614958 0.23783891 0.26162926]","[0.0744997  0.57314424 0.23520646 0.22368728 0.30641489 0.27658061
 0.26875812 0.16977677 0.23585626 0.38889368]","[0.26319366 0.42572929 0.21239395 0.14325246 0.31245256 0.35796904
 0.39324076 0.1354214  0.33023929 0.34642328]"
4,0.9135655095610101,"[0.36375232 0.18243692 0.35873417 0.21949597 0.31975755 0.12075882
 0.08536821 0.01297029 0.12493299 0.05214643]","[0.18362411 0.37632131 0.06595768 0.14131421 0.27313218 0.39134802
 0.47008508 0.31527926 0.01867478 0.22470347]","[0.16221979 0.23560864 0.18607273 0.11990254 0.17159221 0.12753037
 0.34416639 0.26996065 0.25844813 0.19420084]"
4,1.2391248442135827,"[0.39777288 0.3096718  0.30938219 0.33422772 0.30547561 0.27234886
 0.29719995 0.16884418 0.15140522 0.14258182]","[0.25317544 0.36522081 0.14909165 0.11759893 0.22085229 0.29886533
 0.27154754 0.27638667 0.2447379  0.22716373]","[0.20255033 0.25405059 0.3549172  0.32064877 0.18774377 0.27728114
 0.35483697 0.30159588 0.18008502 0.4318132 ]"
4,0.6461641187485037,"[0.33231394 0.29298027 0.3002904  0.22031413 0.35244628 0.30116506
 0.22195652 0.17125902 0.12985461 0.2611196 ]","[0.23348098 0.58980681 0.12858494 0.087968   0.24925969 0.36456601
 0.42397133 0.13578625 0.10636068 0.20420832]","[0.41535342 0.42487441 0.25742303 0.23216545 0.29024567 0.1434837
 0.3140797  0.28563133 0.27652139 0.19632503]"
4,0.6267587778778642,"[0.17366675 0.24894537 0.1800012  0.13192367 0.22668508 0.36544479
 0.22814294 0.15999485 0.12695498 0.23953177]","[0.08033242 0.44912551 0.02207665 0.16581476 0.23061022 0.19359025
 0.31556309 0.2376313  0.23064925 0.21821904]","[0.48280659 0.22276457 0.30602233 0.07061043 0.28466209 0.2514654
 0.40907522 0.14484459 0.42304283 0.21435256]"
4,0.42541604666790184,"[0.39616597 0.38724225 0.48228909 0.28517174 0.38876793 0.4939858
 0.21326929 0.19262775 0.2233771  0.21771372]","[0.13841104 0.35517519 0.17062026 0.19223766 0.31586554 0.38914547
 0.35119331 0.25290678 0.24079642 0.23431909]","[0.3129811  0.2511708  0.32864967 0.40725446 0.30531053 0.28260822
 0.35187514 0.14372287 0.41587525 0.24169685]"
4,0.9184176818817142,"[0.37870724 0.29879137 0.3381301  0.25649482 0.35954807 0.28921501
 0.17549495 0.21094892 0.20685194 0.08862139]","[0.11145269 0.40841819 0.14347308 0.26498421 0.14361067 0.363619
 0.34312259 0.16430511 0.14819929 0.1902306 ]","[0.25805735 0.35100389 0.3543032  0.1631717  0.28104104 0.19775278
 0.3696727  0.2648213  0.2781009  0.2849537 ]"
4,0.5890885238791506,"[0.2453814  0.22528132 0.24748072 0.11207537 0.17807625 0.319796
 0.24217995 0.47403475 0.20500537 0.07268217]","[0.0786872  0.28533998 0.16756667 0.13363141 0.22064788 0.30313126
 0.33483884 0.23750374 0.16392714 0.22233033]","[0.3800208  0.29203935 0.19683544 0.13857864 0.32906385 0.08510227
 0.28637815 0.36621387 0.17148919 0.34131564]"
4,1.2309879405554327,"[0.32159015 0.22065166 0.38427059 0.41027863 0.19428586 0.23601924
 0.1358639  0.15261427 0.2439995  0.23542659]","[0.16824163 0.32904034 0.22082233 0.23428509 0.20430122 0.25118624
 0.42503009 0.22076357 0.11017163 0.29273568]","[0.23416073 0.23965614 0.22172121 0.1310038  0.24378043 0.23393616
 0.27831299 0.25627252 0.32144472 0.2021112 ]"
4,0.8966979274294233,"[0.22847005 0.27206879 0.31335608 0.32109247 0.24243819 0.23617953
 0.07321013 0.14211308 0.09393913 0.24391492]","[0.32797387 0.32737589 0.21114757 0.43252143 0.25617139 0.22570545
 0.3503943  0.14165675 0.23788578 0.17662292]","[0.36751154 0.35062128 0.49723608 0.20061852 0.27827102 0.30801093
 0.39586286 0.16907033 0.28223127 0.18924371]"
4,1.1053502869568133,"[0.34718177 0.313235   0.37665972 0.19060731 0.28216204 0.22483958
 0.18911099 0.2022334  0.26525892 0.14832911]","[0.32307677 0.43530507 0.20224047 0.09015412 0.30236623 0.35295161
 0.32387388 0.31834977 0.16814964 0.21385121]","[0.07914427 0.3873382  0.22509355 0.27033202 0.30619347 0.34443843
 0.38144469 0.21065965 0.25462954 0.30834948]"
4,0.65771059117224,"[0.30390472 0.26380548 0.27551558 0.3437897  0.29737533 0.21245092
 0.42840031 0.1862884  0.10870404 0.25193162]","[0.24506255 0.35909072 0.11641547 0.22533147 0.07733737 0.31788144
 0.37382184 0.23100662 0.13183561 0.14693905]","[0.26141982 0.27936825 0.23305897 0.19513994 0.19496883 0.38366439
 0.39547907 0.13740055 0.31075053 0.25567082]"
4,0.4763000530203706,"[0.39870937 0.17938472 0.42483987 0.14309353 0.17402422 0.18713243
 0.17342789 0.15084879 0.14617295 0.11825479]","[0.20237553 0.44903422 0.31480693 0.03944238 0.16947426 0.23166918
 0.1734784  0.31636066 0.14170598 0.37769795]","[0.31386754 0.4312435  0.32443874 0.20992881 0.31524616 0.33289813
 0.32873551 0.35357573 0.31002878 0.24706409]"
4,0.3873670878301227,"[0.17951441 0.13533504 0.33342844 0.25768883 0.19668478 0.37405805
 0.27521218 0.23166229 0.21397298 0.22659423]","[0.29134491 0.21097175 0.10515063 0.34195484 0.20209817 0.4110229
 0.17582424 0.14833707 0.27555578 0.13246035]","[0.31030871 0.30446609 0.26303076 0.24317263 0.13278807 0.20007387
 0.30621925 0.169829   0.31504591 0.21001879]"
5,0.7004689451014434,"[0.31786728 0.30352358 0.36179799 0.30901166 0.20567011 0.16943007
 0.16926354 0.11965132 0.18463391 0.13897929]","[0.20493981 0.13766904 0.1384737  0.01518904 0.26248875 0.30393885
 0.23136895 0.20295726 0.23570125 0.20742436]","[0.33876033 0.27115576 0.3046396  0.1736002  0.31023764 0.21681187
 0.22947249 0.17506549 0.30541387 0.26276351]"
5,0.9292220346047536,"[0.37882995 0.23506115 0.37157052 0.23477748 0.23637911 0.19495797
 0.32840734 0.16740549 0.31159259 0.13743278]","[0.22794773 0.34879797 0.17560349 0.20863998 0.09003741 0.32759564
 0.39931158 0.24344587 0.25732217 0.29422772]","[0.33721103 0.35316303 0.25962367 0.30159136 0.31862545 0.2943224
 0.33243166 0.2631414  0.16080362 0.36840448]"
5,0.8205937918740125,"[0.23487301 0.08292044 0.39695199 0.1175211  0.26451222 0.32792047
 0.2017204  0.34953821 0.07153947 0.23241059]","[0.22435863 0.35817107 0.34648522 0.1627356  0.27531922 0.16901913
 0.44909533 0.27052433 0.18212529 0.34064333]","[0.14846383 0.27612746 0.19204612 0.17667734 0.30589622 0.2321485
 0.31857371 0.128611   0.33500984 0.1933998 ]"
5,1.067707658412692,"[0.39761261 0.26500428 0.34830903 0.3812381  0.25322421 0.36970099
 0.21042711 0.13356748 0.27523218 0.21916841]","[0.31717728 0.36546658 0.27812975 0.19916533 0.19672668 0.3520392
 0.38132104 0.16626393 0.11944821 0.23005695]","[0.279247   0.34948236 0.06758139 0.27101946 0.29046909 0.31090235
 0.33831181 0.28876636 0.27322291 0.15414659]"
5,0.42949650943495665,"[0.30190299 0.24770439 0.32697569 0.19538987 0.27759756 0.12767428
 0.23616409 0.15219255 0.19577733 0.09236456]","[0.30663097 0.36889895 0.26661858 0.21446261 0.14720824 0.27223619
 0.43908467 0.38767115 0.0988512  0.17940533]","[0.18535055 0.21408543 0.41418517 0.31357881 0.2665186  0.2024294
 0.25830964 0.27132872 0.22423542 0.38998036]"
5,0.8416584798549459,"[0.38115265 0.29702403 0.24652481 0.22868596 0.31465239 0.27887522
 0.37916354 0.11782912 0.2700407  0.0064294 ]","[0.12707273 0.44755588 0.30224018 0.25310421 0.25885376 0.42366171
 0.31485262 0.16590788 0.22265139 0.31916707]","[0.30946685 0.42850834 0.33494214 0.35714373 0.32720974 0.19846181
 0.08345659 0.19322759 0.36964152 0.23858839]"
5,0.7216232581578919,"[0.28014646 0.3814748  0.29529574 0.33941877 0.14287039 0.23066966
 0.2542168  0.11311414 0.14205897 0.13761102]","[0.27795095 0.45351858 0.20499218 0.11038937 0.10256647 0.19489003
 0.33157686 0.29706725 0.03320697 0.37014054]","[0.14925501 0.1944468  0.18161778 0.18895072 0.30096972 0.2136611
 0.3084956  0.17956886 0.37271036 0.2780642 ]"
5,0.7187585790010453,"[0.31706632 0.22898713 0.27049484 0.46784802 0.28021404 0.28430262
 0.30129156 0.21007432 0.07150754 0.17508202]","[0.15053124 0.29983017 0.34486974 0.11049437 0.18903486 0.29637728
 0.32538327 0.22360823 0.12623308 0.37453762]","[0.04798969 0.23628229 0.39584709 0.15772048 0.05545162 0.17100557
 0.30507952 0.25688686 0.37059458 0.33109873]"
5,0.5626006953420299,"[0.45926876 0.16055165 0.23676896 0.32273263 0.1904958  0.09843964
 0.20203501 0.28776515 0.19437161 0.13302484]","[0.35092075 0.37654427 0.21536943 0.26126985 0.23225837 0.43403981
 0.28792796 0.22825769 0.26151212 0.17744915]","[0.24945956 0.10307741 0.24545213 0.32099563 0.34464489 0.17048464
 0.37945694 0.20411527 0.06305728 0.44635553]"
5,0.6200137762995392,"[0.24802875 0.20242762 0.28789504 0.35921559 0.24322304 0.20690814
 0.21023027 0.18753909 0.20300066 0.11103556]","[0.32138098 0.28746325 0.21368348 0.10201293 0.20201674 0.4322554
 0.24423453 0.22352125 0.0879614  0.20729299]","[0.36782029 0.3185987  0.43374685 0.26714054 0.18216749 0.24415897
 0.42517175 0.21364875 0.11006093 0.21342432]"
5,0.8954696283137855,"[0.30862595 0.23145281 0.34012198 0.24983172 0.32871423 0.31648368
 0.1498057  0.31974351 0.12621639 0.16618335]","[0.30005953 0.41549053 0.27149189 0.01991826 0.29423125 0.20398557
 0.2760814  0.25022159 0.11710038 0.39889227]","[0.27957227 0.25443642 0.28488732 0.32488873 0.22158905 0.22163256
 0.33210771 0.37058728 0.2294419  0.37873745]"
5,1.1246415784099681,"[0.19332397 0.27696403 0.25137561 0.26544035 0.19363358 0.30788596
 0.29723642 0.03841045 0.10058469 0.14710892]","[0.23264107 0.24392467 0.2534312  0.29387267 0.15925242 0.29621465
 0.24868872 0.19431714 0.11203842 0.32288579]","[0.24059279 0.27332471 0.38925095 0.12973092 0.11103966 0.22732701
 0.37089048 0.24523023 0.20667824 0.27513485]"
5,1.2017371933155285,"[0.30731781 0.1941311  0.2740299  0.39550686 0.24908437 0.2445975
 0.35312557 0.0634548  0.23478086 0.15657697]","[0.2328782  0.49014514 0.23721956 0.17370831 0.12203232 0.29754809
 0.33135006 0.27179149 0.14050285 0.28835987]","[0.27048913 0.22243558 0.26069938 0.16159667 0.21756342 0.23803795
 0.28326107 0.30676258 0.24267495 0.32473717]"
5,1.097743608386416,"[0.16499781 0.38618016 0.36776368 0.27856968 0.28137187 0.23366695
 0.21974175 0.23188306 0.09021444 0.13981676]","[0.20943429 0.46816234 0.15092414 0.23874343 0.21265721 0.36623022
 0.4033499  0.05350424 0.27106835 0.07370808]","[0.13585188 0.29241438 0.42953796 0.34374249 0.25141812 0.40269569
 0.16216696 0.34219973 0.08925063 0.41861353]"
5,1.2329832350725116,"[0.39806625 0.32784416 0.32816618 0.34235123 0.22689458 0.2769549
 0.19066882 0.1934     0.08603606 0.13884612]","[0.30876025 0.30684009 0.24443827 0.29421651 0.28258317 0.26223562
 0.32639121 0.39603724 0.22021688 0.15132125]","[0.22639322 0.37936455 0.2872569  0.24505563 0.32892362 0.32991055
 0.42033944 0.37196819 0.36787409 0.39629046]"
5,0.930658750919156,"[0.37106956 0.16423441 0.33566401 0.26557974 0.46938386 0.27129571
 0.22842016 0.05545502 0.09847058 0.16158739]","[0.398075   0.37455687 0.12944763 0.11387153 0.25805924 0.26082935
 0.26520738 0.26883898 0.19955738 0.15139054]","[0.29631982 0.18912271 0.24545417 0.22469215 0.2703562  0.19247717
 0.30272414 0.16086702 0.2026944  0.22065429]"
5,0.5141255225886804,"[0.36616393 0.3441948  0.33517393 0.48710392 0.22791952 0.1587718
 0.13299147 0.10088215 0.3586993  0.16921883]","[0.1597027  0.22902068 0.25064774 0.22370615 0.27091008 0.23088077
 0.48064753 0.29052421 0.18023485 0.213599  ]","[0.36839209 0.37668153 0.26913863 0.26210737 0.22686657 0.22249448
 0.41275189 0.12740211 0.36464291 0.34997563]"
5,0.8002224216636855,"[0.41736144 0.25721442 0.38759956 0.14680781 0.19472108 0.2083857
 0.22664061 0.1703463  0.24197078 0.13257907]","[0.33051225 0.36566615 0.08043243 0.12570722 0.10854123 0.25684825
 0.27088522 0.13517806 0.20513878 0.36820404]","[0.25719596 0.31474281 0.33291056 0.22075518 0.19649283 0.36374105
 0.49721431 0.31611639 0.35272352 0.37181164]"
5,0.47802886565941344,"[0.37748274 0.27235702 0.35845223 0.2929292  0.21149089 0.22217661
 0.3459416  0.13195565 0.22267958 0.19608806]","[0.16088489 0.36754413 0.12927191 0.08635066 0.12351715 0.30768327
 0.45604247 0.2316043  0.09382257 0.29421545]","[0.13106692 0.27474106 0.18062141 0.3697683  0.09725106 0.19244688
 0.22547788 0.17780311 0.15079984 0.16604689]"
5,0.720350704826982,"[0.48320617 0.29026901 0.45688861 0.40391223 0.29413566 0.25370152
 0.23367581 0.1496555  0.01454027 0.13909736]","[0.13801611 0.4449623  0.19754423 0.0944937  0.2084788  0.30492039
 0.44125244 0.21309919 0.12991686 0.1950593 ]","[0.30904527 0.22313733 0.3630657  0.16590398 0.22958815 0.23957297
 0.24728605 0.26783662 0.15356164 0.20411809]"
6,1.0028121772888996,"[0.33149693 0.35367438 0.34723981 0.39667085 0.38038278 0.33026856
 0.37629777 0.20048953 0.09471468 0.01013692]","[0.29806091 0.28876318 0.27542593 0.2433244  0.20080077 0.22856555
 0.23568603 0.3441881  0.2531816  0.25633725]","[0.18925505 0.29148716 0.26496498 0.17740364 0.16798004 0.29597905
 0.4999996  0.39744932 0.30406808 0.4332585 ]"
6,0.8074643982066692,"[0.30391295 0.23320667 0.18517889 0.21237309 0.30863836 0.37932347
 0.3002418  0.17309282 0.05375962 0.13317128]","[0.17517038 0.29139715 0.3592928  0.23700166 0.17281818 0.33630127
 0.30153714 0.20208841 0.10716192 0.34438524]","[0.31074441 0.38184879 0.39520295 0.27744964 0.29777822 0.21273364
 0.3071984  0.33775839 0.26714601 0.4011396 ]"
6,0.8441797709130359,"[0.308059   0.33116879 0.3285382  0.26135256 0.23453305 0.23713615
 0.27547725 0.13386742 0.26865116 0.16269696]","[0.27328887 0.40651674 0.1642986  0.27822319 0.01311395 0.32747069
 0.35980504 0.098583   0.16746316 0.33068621]","[0.21728307 0.39032658 0.12422959 0.10423671 0.22153523 0.23403787
 0.34108991 0.28983655 0.39150362 0.30661869]"
6,0.8388894456620015,"[0.32789986 0.28021108 0.31097783 0.40466428 0.19198463 0.13553492
 0.28501146 0.09726058 0.15773666 0.21578523]","[0.32670353 0.41033733 0.17325891 0.21408187 0.12399704 0.28857902
 0.31666358 0.22436355 0.07520724 0.24237239]","[0.21577405 0.40383182 0.2223299  0.14941064 0.27855845 0.24302547
 0.35816856 0.27137594 0.32437364 0.19300351]"
6,0.7043434602785426,"[0.45158329 0.4101228  0.23751795 0.28115188 0.35297681 0.17859232
 0.45353512 0.21165991 0.19229464 0.10378522]","[0.26910094 0.30119055 0.30992925 0.22749818 0.2136131  0.19725322
 0.21019779 0.2844868  0.2202814  0.26451356]","[0.32622216 0.40298881 0.42107821 0.18669769 0.29619525 0.35908078
 0.37646562 0.3177264  0.16922846 0.32100568]"
6,0.7552566541687296,"[0.23857786 0.32002658 0.25474361 0.38528012 0.33780259 0.30128187
 0.28480824 0.07451501 0.11193661 0.21164307]","[0.39431681 0.40858652 0.31701384 0.08241875 0.11894079 0.31603434
 0.2348259  0.12697228 0.21761351 0.17929574]","[0.15666163 0.18552169 0.30787353 0.22837399 0.32199588 0.31748188
 0.27299288 0.32085079 0.2368739  0.42210596]"
6,0.8480730984273357,"[0.30555037 0.29793316 0.33477429 0.40447869 0.3025224  0.12117494
 0.21636387 0.16426519 0.18337648 0.14255011]","[0.30823464 0.32940512 0.23862063 0.30617014 0.12095139 0.26725115
 0.26451757 0.32485459 0.28006464 0.17505561]","[0.29215437 0.32160654 0.34303585 0.107774   0.30823799 0.20925779
 0.36397457 0.2985075  0.34466477 0.32691461]"
6,1.0172210338255177,"[0.45085087 0.32217574 0.24731675 0.21565159 0.21461298 0.28543913
 0.23625826 0.18921999 0.16390054 0.04164681]","[0.12430702 0.41252965 0.25293339 0.17175693 0.16620454 0.3315015
 0.33677492 0.31270939 0.17185158 0.22493785]","[0.26054677 0.34450247 0.21068303 0.27166794 0.33278512 0.25081472
 0.26636901 0.38159159 0.25105048 0.26886747]"
6,1.0244084261964175,"[0.41663415 0.20409232 0.2506377  0.3151908  0.24888056 0.18414869
 0.39589907 0.18385849 0.03678428 0.0451403 ]","[0.30779939 0.30088929 0.27072998 0.17468808 0.25045889 0.29914929
 0.3106407  0.12722199 0.19193222 0.30439953]","[0.21548534 0.28367307 0.27216722 0.11553962 0.21275427 0.34911576
 0.23694557 0.22461945 0.22142001 0.27354235]"
6,0.9144815336743314,"[0.24606249 0.16056913 0.35703828 0.3324716  0.26614212 0.29702225
 0.35814428 0.28959418 0.18625881 0.16584166]","[0.14108132 0.30459658 0.09379487 0.20769904 0.10555898 0.27277453
 0.28061855 0.31213712 0.19708236 0.19478971]","[0.25966463 0.47968855 0.43295069 0.23916627 0.32746389 0.31267677
 0.42253159 0.27057014 0.44274911 0.37249162]"
6,1.1779313939795883,"[0.26298793 0.33679438 0.3505236  0.23078533 0.13718819 0.31144721
 0.15144538 0.08637622 0.10676458 0.06771661]","[0.14214717 0.30301811 0.27313749 0.21524759 0.26414833 0.29210339
 0.24409875 0.3156478  0.24368352 0.19795478]","[0.25396134 0.30452928 0.20516156 0.26138433 0.34360061 0.3509874
 0.35342098 0.30606731 0.2323298  0.29742828]"
6,0.6767098264058157,"[0.26920585 0.27279798 0.39860525 0.14527142 0.18540834 0.13545455
 0.23553813 0.11009107 0.11476053 0.21215226]","[0.47552333 0.29972341 0.34903077 0.17437247 0.33940402 0.38461121
 0.54305577 0.23397815 0.14632473 0.1178923 ]","[0.18961742 0.18561087 0.38311707 0.30327032 0.16858525 0.29574581
 0.24510188 0.31686327 0.27469294 0.31974949]"
6,0.6956187368380242,"[0.2799256  0.27739513 0.37104333 0.37532785 0.44030646 0.38610007
 0.21634864 0.27978412 0.0773337  0.09487031]","[0.18433739 0.35810363 0.18763578 0.23496083 0.26360362 0.23097074
 0.25876253 0.25489797 0.1294884  0.22732978]","[0.14558378 0.24331229 0.27137666 0.24264652 0.10757424 0.29168599
 0.2492021  0.34196684 0.11498243 0.27122014]"
6,1.1031807824478934,"[0.39882367 0.26061606 0.33716516 0.35208554 0.35571755 0.32875489
 0.3135171  0.08528731 0.0489616  0.15540903]","[0.23311597 0.44950681 0.17933779 0.07517815 0.23260911 0.36855871
 0.36453316 0.36480261 0.1734001  0.08303752]","[0.24292016 0.31041737 0.2642745  0.15029213 0.24400946 0.35794886
 0.28309242 0.23354346 0.25461034 0.45374671]"
6,0.4539757598546623,"[0.18548454 0.3688853  0.34301372 0.35674076 0.22024855 0.37766645
 0.27978782 0.04219163 0.15883842 0.200159  ]","[0.37678032 0.2942831  0.25299181 0.09650852 0.1161251  0.40786774
 0.27458173 0.16816395 0.15444576 0.26517694]","[0.09653599 0.20165689 0.32308104 0.12842597 0.1743751  0.4176507
 0.2634975  0.12744867 0.29444601 0.29553624]"
6,0.8749029884009892,"[0.29494142 0.39099556 0.21646758 0.37582578 0.26590379 0.26610067
 0.39441162 0.17357194 0.19143844 0.1460504 ]","[0.34492232 0.33535333 0.18336107 0.30617026 0.20458475 0.19877868
 0.34297418 0.17340263 0.2209649  0.25312954]","[0.27148083 0.25122333 0.28012184 0.22867588 0.25537775 0.3346072
 0.22522896 0.16777136 0.19153548 0.41291643]"
6,0.6298994105757364,"[0.20588764 0.34704816 0.3210554  0.37885321 0.32038969 0.35998552
 0.27058833 0.23095064 0.2054304  0.13982193]","[0.21865247 0.48315096 0.17716136 0.35059632 0.28456004 0.34644836
 0.37125393 0.32948838 0.11483393 0.27615594]","[0.31001081 0.28686886 0.34960889 0.28880883 0.12700539 0.28298362
 0.2535778  0.30799002 0.29573004 0.32015267]"
6,0.6995331047539788,"[0.45261571 0.31610787 0.32253756 0.27210316 0.36674273 0.27423882
 0.22109421 0.06147703 0.19450599 0.20619467]","[0.22842906 0.4377558  0.16197151 0.11936664 0.12123438 0.25050469
 0.38344877 0.31478317 0.2267966  0.19121678]","[0.15880679 0.26542899 0.41242538 0.22623247 0.31307351 0.33616237
 0.28851576 0.2525602  0.26939865 0.34795732]"
6,0.7251695371175853,"[0.4861109  0.28847742 0.35814567 0.48946395 0.27319234 0.35825832
 0.31183923 0.23925294 0.18283735 0.07861713]","[0.46983841 0.29656731 0.38992665 0.13809046 0.21821882 0.22157491
 0.3105763  0.30779464 0.22004962 0.25028365]","[0.18012689 0.32499604 0.18618048 0.11384835 0.25271053 0.32727691
 0.4049593  0.26911521 0.38774918 0.03262943]"
6,0.7732672556076148,"[0.25218589 0.18310032 0.42793365 0.26268802 0.20199878 0.41648396
 0.22765089 0.15178382 0.23777373 0.20032972]","[0.20832433 0.34551954 0.19065335 0.17534319 0.30058598 0.2448795
 0.40690706 0.28189189 0.08245904 0.28069865]","[0.16105701 0.07831013 0.36818781 0.34896791 0.26263668 0.14984134
 0.34552299 0.24816156 0.27040878 0.43782801]"
7,0.6101999233292135,"[0.41205458 0.26235621 0.18891997 0.26265159 0.20113677 0.21183593
 0.25200297 0.17797969 0.03875507 0.09076754]","[0.10290841 0.3529452  0.33390869 0.30138683 0.22084082 0.32274512
 0.27713726 0.26388632 0.28049759 0.17443305]","[0.34490941 0.19039142 0.18896731 0.19388636 0.27395897 0.33899823
 0.40743162 0.2372134  0.38954634 0.299134  ]"
7,0.7145160629280982,"[0.33082828 0.20365634 0.40557427 0.35728545 0.17015266 0.31486748
 0.42654472 0.14775404 0.02803189 0.04317728]","[0.31654717 0.39651242 0.17493816 0.19332451 0.20314714 0.21314128
 0.46096568 0.19655763 0.30301104 0.07204939]","[0.24699111 0.33983489 0.23870386 0.16045029 0.24029211 0.34957241
 0.3417929  0.33594901 0.27711316 0.24396719]"
7,0.8140237730186286,"[0.36686232 0.22826181 0.30527546 0.29805889 0.25673747 0.20035969
 0.37003021 0.21992547 0.20828112 0.01181268]","[0.21101304 0.35001521 0.18619543 0.30625823 0.30070899 0.26580323
 0.25436282 0.11233266 0.26564003 0.30123103]","[0.10240878 0.31707116 0.24402243 0.21157884 0.28148586 0.31728306
 0.34904281 0.17435679 0.25816747 0.31436915]"
7,0.7061634923517477,"[0.27668116 0.33112306 0.38760404 0.14396032 0.1513652  0.22894002
 0.18805854 0.08389975 0.00653774 0.16033731]","[0.13363725 0.47257469 0.15033445 0.23523442 0.21968941 0.41594729
 0.33680449 0.41057719 0.15691646 0.28625486]","[0.27406502 0.48589187 0.32896165 0.14089226 0.22424062 0.24446593
 0.3071472  0.39689109 0.29812165 0.33730938]"
7,0.7633543736578723,"[0.26496822 0.3324299  0.30951398 0.26284351 0.26826836 0.3844696
 0.39421653 0.14337905 0.22739071 0.04495062]","[0.19219318 0.3897936  0.21870616 0.19553051 0.11412293 0.3084015
 0.23675667 0.19104    0.19881558 0.14017593]","[0.20761369 0.3041548  0.26344432 0.11497757 0.3340559  0.34102083
 0.39715233 0.33863414 0.23074684 0.35038876]"
7,1.2154825511883125,"[0.43581598 0.29836693 0.3983607  0.16730723 0.22985516 0.25492402
 0.19807379 0.22984129 0.15748977 0.1396613 ]","[0.07955674 0.26301121 0.26813541 0.14308797 0.23293463 0.24401933
 0.27167908 0.308546   0.14021481 0.1294953 ]","[0.21814993 0.39744793 0.26802942 0.24057631 0.38723352 0.30300802
 0.34176203 0.27076529 0.35177469 0.32796587]"
7,1.3710268462982982,"[0.36147686 0.29985974 0.0964519  0.23911541 0.39191471 0.31728475
 0.39975812 0.1605518  0.01641898 0.03644262]","[0.31651529 0.31352376 0.10487237 0.1687468  0.25793943 0.28037774
 0.28325348 0.27928473 0.30144189 0.20186413]","[0.12663217 0.31411763 0.26353475 0.2532586  0.22946574 0.26588825
 0.37251683 0.25546128 0.29426716 0.36062257]"
7,1.1298375523705046,"[0.47807991 0.19986621 0.37715875 0.16920729 0.17323349 0.27430799
 0.24450414 0.08643011 0.05790616 0.21544444]","[0.25883531 0.48113    0.22099485 0.23572487 0.1658297  0.27025711
 0.25628027 0.20887217 0.21781536 0.23914376]","[0.27221402 0.19266693 0.34849888 0.08256872 0.36299024 0.26240213
 0.34416902 0.47450886 0.17699588 0.21503161]"
7,0.6251176033464496,"[0.22159384 0.30955875 0.32628742 0.26781113 0.20306455 0.2723368
 0.26851972 0.12053936 0.16956693 0.11381947]","[0.17971236 0.32579311 0.2305035  0.23674853 0.28120984 0.29343365
 0.36824091 0.31709106 0.2372631  0.25160186]","[0.0991635  0.3641796  0.16869915 0.31266673 0.31264581 0.18937592
 0.40876456 0.26120696 0.30752442 0.27463865]"
7,0.5434948540764848,"[0.34710449 0.22644686 0.27707635 0.42486914 0.12285324 0.17096589
 0.27847244 0.15042393 0.04387661 0.21947609]","[0.18685392 0.3356837  0.25707391 0.1010219  0.23660504 0.27720246
 0.32335838 0.29330311 0.27972287 0.2551478 ]","[0.30362078 0.23867372 0.2174705  0.12639529 0.29109956 0.39946638
 0.33646847 0.41712085 0.29048415 0.21588675]"
7,0.506907878513945,"[0.22569097 0.27702835 0.28200722 0.34509403 0.20035879 0.24114944
 0.24112484 0.06049579 0.03478867 0.09517918]","[0.14566381 0.43842869 0.22870207 0.08915242 0.15209214 0.36310281
 0.25402327 0.2535226  0.11429494 0.17949543]","[0.23749874 0.30655564 0.30733504 0.15300514 0.15350076 0.3440669
 0.27908859 0.41972488 0.36387417 0.26156578]"
7,0.6136667925941798,"[0.36017046 0.22377347 0.30658204 0.33490147 0.13049079 0.19921675
 0.23697686 0.02425014 0.13374157 0.10505455]","[0.23397997 0.26927017 0.2062126  0.3274537  0.21803791 0.35145534
 0.19670784 0.1845855  0.35148232 0.19450385]","[0.17068886 0.37040354 0.29542143 0.17680711 0.38574253 0.31794855
 0.32728373 0.21239766 0.26469131 0.36151999]"
7,1.2459872647599564,"[0.258968   0.48427536 0.33978659 0.23222065 0.2165438  0.29219601
 0.28255234 0.25358104 0.09925779 0.08894926]","[0.21304593 0.30127494 0.21242024 0.25810106 0.06164879 0.28185361
 0.23710848 0.36609567 0.15277998 0.17181847]","[0.12681013 0.34800289 0.33511793 0.10882967 0.12195267 0.39250203
 0.39024516 0.34937945 0.29031466 0.39586566]"
7,1.1843884772939284,"[0.34565395 0.25977962 0.35067677 0.21560041 0.31498744 0.36669094
 0.36491034 0.07928128 0.07699166 0.09721334]","[0.2424655  0.4225697  0.15329599 0.13389316 0.14386906 0.26215054
 0.30293589 0.27358869 0.22008406 0.2002998 ]","[0.19390351 0.24333409 0.25850825 0.14071086 0.18465644 0.26688424
 0.36914066 0.39738801 0.25874501 0.3914999 ]"
7,0.808994117513316,"[0.24671092 0.14580096 0.18829619 0.28915109 0.29968891 0.40931732
 0.12935632 0.12048279 0.11332446 0.04632805]","[0.19644354 0.28038041 0.14730961 0.01550129 0.25288962 0.28922823
 0.27497107 0.33368014 0.19460927 0.25394297]","[0.19915892 0.38985028 0.11668031 0.26939953 0.30495208 0.49746218
 0.24319829 0.36193746 0.19707179 0.39442054]"
7,1.0803249285094045,"[0.3299929  0.29557488 0.15830613 0.43569005 0.32668597 0.24478746
 0.30585877 0.16833966 0.0125017  0.04110865]","[0.22798073 0.34378572 0.29175067 0.21926477 0.10182635 0.31578268
 0.24678813 0.25518621 0.1931222  0.09561523]","[0.34817555 0.23544176 0.22693209 0.12307555 0.32325288 0.16872906
 0.3049998  0.17801149 0.32799234 0.37835523]"
7,0.6243371895795062,"[0.38429999 0.36000487 0.26563685 0.1502843  0.25450797 0.34487195
 0.28506143 0.13096559 0.04394322 0.09339802]","[0.29686056 0.3449293  0.30931858 0.20340858 0.26172283 0.39819558
 0.36045465 0.28755255 0.25937483 0.167132  ]","[0.22310876 0.32996754 0.29226202 0.09699736 0.31165431 0.26069697
 0.26302351 0.42717982 0.08574949 0.36162398]"
7,0.6365685911959656,"[0.09634404 0.31899634 0.33885996 0.28725583 0.29130793 0.33902542
 0.16793733 0.01804772 0.24443726 0.14066167]","[0.19467129 0.34624972 0.34293441 0.31148615 0.21604398 0.36521991
 0.25681547 0.37228283 0.18410993 0.24152194]","[0.06832269 0.38512448 0.29972962 0.23081232 0.14858558 0.22769408
 0.3917671  0.33414011 0.22987098 0.34710074]"
7,0.9540964040389315,"[0.31389169 0.20122228 0.35451938 0.21097491 0.32444974 0.42686718
 0.2897267  0.14975095 0.08670227 0.13034518]","[0.12686757 0.4224193  0.20073068 0.19910987 0.24517627 0.20938442
 0.1472098  0.16173777 0.0970973  0.13973757]","[0.27511864 0.46598596 0.2287971  0.01907686 0.29807777 0.2986204
 0.33789065 0.31161467 0.15022071 0.49287336]"
7,0.6631663973582619,"[0.3977718  0.3551307  0.28899606 0.28571001 0.39489549 0.21293195
 0.23504594 0.08297285 0.08121039 0.0518447 ]","[0.04323275 0.37288522 0.24841879 0.20616576 0.21589427 0.34305425
 0.24400275 0.31983589 0.18130587 0.09085252]","[0.14726686 0.37743574 0.25496998 0.15122526 0.20455562 0.20299415
 0.37247067 0.29256028 0.18195106 0.36951164]"
8,0.5985596919526702,"[0.38776524 0.1863792  0.34978355 0.27666596 0.20946323 0.25695814
 0.43448964 0.2742756  0.16458013 0.11570291]","[0.33044637 0.36309004 0.2288322  0.15523956 0.2807584  0.45569663
 0.30013196 0.22291963 0.24624394 0.26359279]","[0.14450341 0.38236536 0.22582466 0.32964888 0.19797565 0.36147589
 0.35458239 0.4019476  0.18836606 0.38783301]"
8,1.0603115740156348,"[0.39467453 0.27406055 0.31071123 0.29376672 0.33479306 0.22446889
 0.34914397 0.07982253 0.07826239 0.0005824 ]","[0.16602547 0.40985777 0.30762085 0.17082013 0.1965312  0.26392891
 0.23896651 0.37061308 0.18367137 0.13470163]","[0.05179557 0.3070839  0.29528849 0.16968665 0.28844635 0.32831158
 0.37677695 0.24050164 0.36540443 0.39861435]"
8,0.48155639608424583,"[0.41566485 0.33844491 0.21185961 0.23948197 0.21449085 0.21837913
 0.26431614 0.13099505 0.11790988 0.05660077]","[0.29858104 0.30582418 0.14441126 0.17988488 0.17991378 0.2258166
 0.35889844 0.20343121 0.16228337 0.19622561]","[0.18050351 0.21936054 0.29998343 0.15706456 0.3092935  0.34503928
 0.45279365 0.33515132 0.37830101 0.33169522]"
8,0.47757471525779666,"[0.44230717 0.271596   0.21837767 0.17895259 0.32509507 0.31989257
 0.25557037 0.27904197 0.10501272 0.13782902]","[0.20944738 0.36214897 0.00346195 0.15832835 0.29319865 0.24663727
 0.25805056 0.18508704 0.03274795 0.08483655]","[0.01633592 0.33789777 0.22246073 0.17135766 0.30172451 0.28772372
 0.30863958 0.31758613 0.32980253 0.37261652]"
8,1.1532729647807043,"[0.31439472 0.39857959 0.22174852 0.24244983 0.30782084 0.37004802
 0.35378021 0.31850866 0.07847802 0.11240152]","[0.27744787 0.39989365 0.24910228 0.12017838 0.19050139 0.32942211
 0.33743863 0.3666327  0.18112875 0.150934  ]","[0.13763944 0.24462258 0.3016556  0.10581687 0.30591638 0.44739297
 0.27195618 0.30953413 0.40025307 0.31042692]"
8,0.6756878296854708,"[0.24559524 0.3981589  0.34173817 0.23144384 0.34775213 0.27377805
 0.45850353 0.27083801 0.05541973 0.06706034]","[0.10743427 0.28680958 0.16240176 0.14785928 0.24071229 0.24315188
 0.29186433 0.49361049 0.29879125 0.15934024]","[0.17751491 0.38877402 0.23770299 0.09961346 0.14571026 0.23785638
 0.40950685 0.33529723 0.23411485 0.33845653]"
8,0.8808946849636663,"[0.4035058  0.34279616 0.30810336 0.17221888 0.34656489 0.25202157
 0.22019121 0.28334074 0.03384089 0.06489621]","[0.28882557 0.3450395  0.15482435 0.19939169 0.208638   0.16009261
 0.14520779 0.18716458 0.22644628 0.28726453]","[0.0947635  0.22858016 0.38901965 0.19201883 0.18725904 0.29084216
 0.39682747 0.28925451 0.34272504 0.4108099 ]"
8,0.8715115989537037,"[0.38166146 0.29080173 0.09834746 0.21860204 0.23600636 0.27905777
 0.22147818 0.24603576 0.08077964 0.13413362]","[0.18771286 0.38831079 0.08173371 0.22741886 0.20879809 0.20076903
 0.24584988 0.24466444 0.33517354 0.30136198]","[0.44901267 0.21060747 0.27257875 0.27663932 0.26970626 0.40088931
 0.3280561  0.32966435 0.31084005 0.45773702]"
8,0.9029107028972321,"[0.35030335 0.30296248 0.38396211 0.29198204 0.33504905 0.40724477
 0.40406861 0.24133117 0.06239957 0.1043511 ]","[0.19686712 0.22865284 0.23329091 0.22205414 0.24289678 0.3252024
 0.21926421 0.26378268 0.18593539 0.25271366]","[0.20740582 0.33059177 0.28342693 0.13980035 0.30950936 0.15278465
 0.3779947  0.36526848 0.27451135 0.39085227]"
8,0.9869392373979645,"[0.28494199 0.33121988 0.23434966 0.24317699 0.31576249 0.21830969
 0.45687984 0.24250633 0.1119112  0.0046189 ]","[0.23411561 0.22874728 0.25541274 0.27795783 0.139153   0.35428718
 0.34406657 0.3948238  0.14411749 0.23241705]","[0.18524658 0.36731942 0.19749439 0.16893107 0.26966246 0.36339667
 0.24705233 0.14851647 0.2742395  0.4129311 ]"
8,0.6704932773440039,"[0.36204609 0.31383736 0.36038211 0.3396516  0.24005632 0.2459571
 0.19445896 0.12388369 0.0958341  0.19167119]","[0.18509953 0.32276749 0.15983105 0.22487153 0.18926478 0.20985275
 0.26548763 0.21907595 0.32091618 0.02656684]","[0.21008461 0.29694078 0.33040442 0.08047377 0.33654259 0.36240962
 0.48669598 0.30664559 0.24544802 0.38321918]"
8,0.7038985712814857,"[0.39405167 0.22890143 0.36371293 0.11398448 0.3050876  0.32541118
 0.35419506 0.26851703 0.12448346 0.17139675]","[0.24000939 0.42103223 0.29919145 0.10309155 0.26566658 0.33074196
 0.21935791 0.23672373 0.13646999 0.22822554]","[0.14750108 0.42223311 0.19751905 0.10571215 0.31896478 0.27318129
 0.40030233 0.33085001 0.39024103 0.39745871]"
8,0.5723272111216959,"[0.46069049 0.36921693 0.23664376 0.28557339 0.23001846 0.43916587
 0.32993759 0.19299994 0.02702207 0.20640098]","[0.13643349 0.24591419 0.08873069 0.19421895 0.13408615 0.34286748
 0.24878408 0.3428144  0.17971196 0.13559981]","[0.06063966 0.32023197 0.10752365 0.06163716 0.20132789 0.32263766
 0.27720628 0.2677311  0.35406696 0.3292632 ]"
8,0.8628523412979394,"[0.37437083 0.23444956 0.42860109 0.25393703 0.22434648 0.22670636
 0.26562694 0.11189765 0.09760407 0.09344896]","[0.17861691 0.29402995 0.16895094 0.23854347 0.09727471 0.2082498
 0.18799153 0.07114517 0.16358687 0.15388331]","[0.13650561 0.25673028 0.2426025  0.23566482 0.16013331 0.29698685
 0.29946336 0.2627008  0.21108335 0.29983112]"
8,0.7183558527007011,"[0.38775194 0.33829171 0.22997937 0.15392807 0.3119957  0.34661748
 0.43541185 0.15356567 0.08398752 0.08066347]","[0.13096644 0.3724312  0.26516278 0.24554396 0.19629865 0.12862119
 0.32390087 0.42060274 0.30010843 0.24393085]","[0.21846119 0.42900359 0.26314502 0.14546435 0.31683487 0.45588564
 0.37200623 0.24098562 0.4892449  0.20242935]"
8,0.873283897384058,"[0.4256548  0.11333551 0.26831584 0.24722691 0.15256777 0.37115434
 0.32002882 0.11345462 0.08512315 0.19839673]","[0.25413457 0.32614643 0.15669801 0.29935829 0.11897336 0.23309754
 0.32769883 0.2200446  0.29677927 0.17669528]","[0.22084078 0.34969057 0.24706178 0.19740794 0.18999321 0.24604093
 0.34640623 0.30884812 0.33663896 0.3329666 ]"
8,0.8683959868657442,"[0.25963929 0.34483998 0.33661344 0.33862012 0.30721731 0.34841282
 0.38081075 0.23994365 0.09363998 0.13747945]","[0.28750909 0.31406484 0.24646493 0.18728451 0.14902474 0.29503637
 0.14951334 0.25895841 0.23864191 0.1077167 ]","[0.23576584 0.25205122 0.22407068 0.14796216 0.2857404  0.2871714
 0.48870237 0.31225937 0.28079626 0.44832746]"
8,0.7726512696588053,"[0.38330878 0.23015147 0.22888039 0.24547657 0.21286932 0.29276617
 0.27633911 0.25372579 0.09778788 0.0463518 ]","[0.26252031 0.3743933  0.1891988  0.26138985 0.1519724  0.1977721
 0.16523886 0.24382133 0.27719961 0.23865945]","[0.17494603 0.33518378 0.19184845 0.05384862 0.14017058 0.39796652
 0.28775514 0.25341603 0.23988104 0.17804122]"
8,0.6722218163396592,"[0.32816569 0.26944032 0.19841562 0.18111605 0.27962968 0.28348271
 0.30913099 0.16831887 0.0224484  0.19405873]","[0.1783628  0.30413097 0.08166215 0.30603995 0.1243642  0.21645461
 0.23769505 0.23296082 0.08514886 0.09847656]","[0.09289988 0.23337636 0.32375609 0.23464386 0.21860163 0.25496686
 0.40672956 0.27065905 0.26933724 0.36717108]"
8,0.539748507642163,"[0.32540084 0.25387324 0.32955943 0.40546778 0.40728333 0.24908298
 0.23920621 0.10802535 0.06443231 0.18648051]","[0.35720998 0.26799298 0.17624188 0.24985086 0.08733773 0.26259336
 0.20218127 0.33061    0.13442853 0.25724291]","[0.23267405 0.37902546 0.36426556 0.24885581 0.23686753 0.27508285
 0.22497219 0.22897989 0.26280675 0.42748928]"
9,0.4753697621513248,"[3.28890586e-01 2.81702785e-01 2.47463972e-01 2.83566700e-01
 2.89403151e-01 2.73051552e-01 3.23258022e-01 2.78321114e-01
 1.05483749e-01 3.23130268e-04]","[0.2388649  0.3806829  0.27267921 0.11261687 0.16788006 0.29641041
 0.11456513 0.35083033 0.40546334 0.27153123]","[-0.04996381  0.29900781  0.43765995  0.22274998  0.15669576  0.40719104
  0.28761113  0.22075211  0.34830611  0.41574324]"
9,0.7381213391941924,"[0.42834835 0.47838467 0.33657781 0.21073027 0.31744941 0.1607325
 0.31859577 0.29338392 0.04852763 0.00386519]","[0.30866337 0.33538386 0.17008973 0.1805469  0.09749513 0.2657669
 0.36666212 0.33892911 0.13420616 0.27632504]","[0.11527577 0.37661939 0.26107278 0.11922946 0.26772136 0.34686292
 0.25277219 0.40570067 0.38578505 0.36509173]"
9,0.6687844083852272,"[0.4050346  0.36384088 0.25619936 0.39177492 0.36911235 0.3089527
 0.28397763 0.1560313  0.04137815 0.02907592]","[0.31679362 0.35916991 0.38524474 0.20925242 0.14083911 0.27525089
 0.20649762 0.31201997 0.23982423 0.13411522]","[0.19944869 0.24001044 0.31877891 0.18763056 0.18240627 0.16795258
 0.36851272 0.29831847 0.39257926 0.32690555]"
9,1.3615599427685656,"[0.28080519 0.27173446 0.16029605 0.17755894 0.27773688 0.16595785
 0.33824544 0.19676681 0.08969223 0.05572334]","[0.29728024 0.46868521 0.31917854 0.21635661 0.09199386 0.23693236
 0.2688036  0.2954229  0.09626836 0.0921247 ]","[0.23881194 0.26188707 0.29100505 0.09587214 0.21199122 0.28414375
 0.42380463 0.15163393 0.20980637 0.34190277]"
9,1.1656115242691085,"[0.3489814  0.28954647 0.20388875 0.16627395 0.30959244 0.36087706
 0.37468765 0.12064146 0.01859453 0.02968478]","[0.38775626 0.33793312 0.12372272 0.07878382 0.0267197  0.36092897
 0.25576644 0.25819159 0.13426058 0.11948528]","[0.19843178 0.20681347 0.14368809 0.06453733 0.18641655 0.22719257
 0.20690574 0.43686377 0.34629667 0.38090076]"
9,0.9929079943115374,"[0.39955969 0.29905044 0.36521811 0.21964275 0.20061025 0.3243458
 0.34877083 0.23005202 0.05754185 0.0850223 ]","[0.23053894 0.36581008 0.27755208 0.08365487 0.20992871 0.401394
 0.27879847 0.27494425 0.29066105 0.13901003]","[0.23132507 0.36960027 0.29733608 0.12713887 0.20729817 0.34734547
 0.36688437 0.36165705 0.39103642 0.28791281]"
9,1.0575723818643612,"[0.32149311 0.47192053 0.2785654  0.40532672 0.39689804 0.22582014
 0.25070837 0.25783839 0.1244723  0.01766852]","[0.20914184 0.41241747 0.27230773 0.11279726 0.17312645 0.31333486
 0.20140741 0.31991414 0.22208715 0.08039612]","[0.1008035  0.25673524 0.25136362 0.23780189 0.41189007 0.30395776
 0.28865249 0.27877187 0.29170141 0.46682648]"
9,0.8217674039050524,"[0.43637431 0.40187873 0.3245881  0.21044551 0.24739486 0.45315536
 0.356888   0.32044081 0.18199339 0.07580899]","[0.27618752 0.49681666 0.27859897 0.20830455 0.03998574 0.18862103
 0.29478531 0.29738262 0.25196622 0.07349377]","[0.20045808 0.22534477 0.33387826 0.16904167 0.19064443 0.31562398
 0.47985308 0.33609616 0.40561592 0.42467322]"
9,0.70422647183876,"[0.33415808 0.31224175 0.3015843  0.38512729 0.42024598 0.24913629
 0.37283584 0.18570299 0.03768917 0.10287968]","[0.23175645 0.34876811 0.21116207 0.16636594 0.20773122 0.38328256
 0.16138601 0.44374446 0.20208926 0.12967879]","[0.15982753 0.4276653  0.29917281 0.1008129  0.15119644 0.23749082
 0.38402498 0.16131978 0.37551245 0.44905079]"
9,0.6916971981269149,"[0.2952793  0.32097917 0.3137657  0.33568433 0.17957737 0.27121455
 0.34536305 0.24186769 0.16087341 0.15490099]","[0.28268627 0.29493408 0.22532251 0.25025123 0.20870065 0.35340373
 0.2530313  0.40698925 0.16496697 0.13944252]","[0.06573359 0.3695866  0.26204082 0.14305656 0.33763257 0.27250505
 0.47296316 0.45904143 0.28147861 0.37265638]"
9,0.7491735748241817,"[0.22926129 0.20828602 0.3205752  0.22390456 0.3454139  0.23918617
 0.33306092 0.16329589 0.02857114 0.01443263]","[0.25288585 0.34321676 0.21615008 0.16352632 0.26694022 0.29180571
 0.28138309 0.29048185 0.06694362 0.14840733]","[0.15348111 0.35083141 0.22778515 0.09276618 0.33173513 0.25896796
 0.34388166 0.27011928 0.44905389 0.4748565 ]"
9,0.7933207656388517,"[0.34366208 0.3087436  0.26098507 0.24097004 0.28794402 0.19165853
 0.33070528 0.09978206 0.10122396 0.0045335 ]","[0.21900017 0.27119735 0.22641535 0.13078419 0.05478221 0.36433783
 0.23371536 0.29202113 0.22340039 0.35854411]","[0.2040281  0.28946559 0.2697087  0.23306595 0.20425035 0.21540533
 0.31727222 0.20869065 0.3820141  0.39054942]"
9,0.8006897671496178,"[0.31171762 0.32097255 0.19007224 0.22052536 0.28761501 0.25890356
 0.38425494 0.35712432 0.07799775 0.0596265 ]","[0.15719542 0.39320172 0.25790562 0.20268324 0.31632269 0.30040504
 0.24149481 0.3210605  0.28726509 0.17102477]","[-0.02141093  0.35058441  0.32074783  0.27535567  0.31365593  0.33505151
  0.36909637  0.33241447  0.44114131  0.41924416]"
9,1.031399863093962,"[0.32623908 0.3110881  0.16311814 0.28413605 0.36020266 0.25478526
 0.24829833 0.15385675 0.02817746 0.02264326]","[0.28641402 0.40782463 0.15373464 0.10077318 0.18668731 0.31134259
 0.36474098 0.379623   0.19730429 0.19309303]","[0.04885273 0.11152751 0.38467756 0.11599204 0.22802321 0.36499974
 0.26783086 0.34107962 0.37576758 0.3657773 ]"
9,1.097021744395433,"[0.48288184 0.27112608 0.38923922 0.29232178 0.43032221 0.21238701
 0.39154797 0.19269123 0.14876408 0.04204277]","[0.19799907 0.4366363  0.23172007 0.19167798 0.08027915 0.3875702
 0.29575128 0.41305347 0.17362059 0.11354269]","[0.14831195 0.28225686 0.3588737  0.07952279 0.34408114 0.42506698
 0.21923182 0.27310558 0.28971127 0.42574461]"
9,0.7914437269505792,"[0.296712   0.29192259 0.25355382 0.27501844 0.14134388 0.33471593
 0.38820143 0.27162246 0.03313516 0.05618321]","[0.14676668 0.28331516 0.24756524 0.08975831 0.08389476 0.36659233
 0.23713747 0.27512592 0.2775575  0.15005046]","[0.21195644 0.2821658  0.18961138 0.14601422 0.34556626 0.29903714
 0.36499857 0.16003131 0.30401148 0.38105338]"
9,0.6720665743620571,"[0.24773489 0.23459433 0.25623662 0.16524813 0.28239928 0.25297867
 0.23220164 0.10907742 0.15498966 0.09043192]","[0.24911924 0.43613325 0.08560388 0.17340319 0.12379402 0.286974
 0.33159554 0.1901464  0.20354207 0.24024918]","[0.22623039 0.31510011 0.22963904 0.10322925 0.19371048 0.19695374
 0.30356026 0.35069402 0.35665471 0.34400168]"
9,0.5479251935943635,"[0.30519632 0.18100501 0.11763676 0.21919009 0.23647535 0.38706056
 0.41222579 0.12650171 0.1339829  0.07933975]","[0.32231627 0.40700069 0.13073267 0.17135662 0.20325842 0.33614548
 0.19941276 0.35376192 0.30423657 0.18184513]","[0.19370672 0.33156917 0.2144376  0.33354577 0.35736668 0.28303137
 0.40062586 0.2466951  0.3482074  0.25344799]"
9,1.087793516874204,"[0.44235847 0.31493833 0.32851325 0.28575686 0.37585743 0.31321282
 0.35137718 0.22191279 0.13761898 0.01209416]","[0.25384768 0.27567427 0.24655343 0.16769967 0.27975811 0.23984871
 0.29413992 0.42953427 0.12928794 0.24691743]","[0.04543573 0.18242102 0.18742164 0.03232796 0.22503507 0.29834743
 0.34818531 0.27253851 0.3138271  0.39418557]"
9,0.96846861600497,"[0.3867655  0.21650292 0.23239962 0.17047824 0.23306967 0.29095812
 0.36611456 0.27344951 0.02371602 0.0313427 ]","[0.29998402 0.18979802 0.28522457 0.27746168 0.18240343 0.45922718
 0.36887018 0.38160553 0.19603777 0.2001796 ]","[0.17138004 0.34698769 0.21948836 0.21219346 0.26350738 0.32862754
 0.30497294 0.23538521 0.20262372 0.37054821]"
10,1.3486737503039974,"[0.27940473 0.2998219  0.19332719 0.16190107 0.2452087  0.22145562
 0.27489418 0.05927597 0.0955858  0.00149847]","[0.267919   0.45316196 0.27771217 0.10078483 0.19816444 0.30237175
 0.26432001 0.32803667 0.10072008 0.06209743]","[ 0.1679414   0.22765839  0.33169783 -0.03327175  0.16747814  0.41435359
  0.32595063  0.21735746  0.3564696   0.27904838]"
10,0.8103371374923409,"[0.37228218 0.41829543 0.32729068 0.1906452  0.42215149 0.38516382
 0.27926777 0.1437419  0.06628615 0.01041873]","[0.24995059 0.1456607  0.14831234 0.2120102  0.1527497  0.21152611
 0.39997573 0.35885552 0.1184289  0.09254721]","[0.0476324  0.17324515 0.29639754 0.13709978 0.30711836 0.18365754
 0.20459045 0.31111331 0.22043486 0.32874983]"
10,0.7870076295050156,"[0.41229192 0.35454884 0.19601287 0.19548996 0.29512564 0.30790171
 0.31203848 0.16942497 0.03891749 0.00437259]","[0.29740156 0.37592741 0.22076816 0.04752072 0.14741927 0.25736081
 0.42565174 0.34958705 0.18456229 0.1224197 ]","[0.16004586 0.3610727  0.33076464 0.02964034 0.23679692 0.28760042
 0.28545731 0.19545521 0.29016559 0.33372817]"
10,1.0328289321448887,"[0.32123316 0.25988797 0.24559914 0.27885496 0.28249205 0.2497487
 0.29653125 0.12962034 0.04161517 0.09116346]","[0.22514825 0.47454792 0.23193062 0.20656516 0.23899352 0.40201811
 0.23998818 0.27087644 0.18636287 0.06606162]","[0.12416002 0.29175165 0.28845189 0.06657743 0.31031704 0.36650292
 0.31150732 0.33804852 0.27075967 0.30130318]"
10,0.9492588355155691,"[0.30384084 0.25508735 0.25751371 0.38581031 0.20922164 0.21245421
 0.43302447 0.17905537 0.00713687 0.09138632]","[0.22843886 0.50011209 0.31233441 0.16567537 0.03754592 0.24588266
 0.22326014 0.34232239 0.26668811 0.10716169]","[0.1082708  0.1417542  0.1708568  0.0729924  0.24595532 0.31377939
 0.15247514 0.21309509 0.34449706 0.46475398]"
10,0.892101136111273,"[0.34138451 0.27872261 0.20546512 0.16342106 0.42563631 0.22528852
 0.35313394 0.17295187 0.11807496 0.30557021]","[0.30619701 0.44318653 0.12790857 0.12030729 0.1540574  0.38709348
 0.34041909 0.29418153 0.14966241 0.13105294]","[0.18968063 0.21743407 0.20055617 0.03277363 0.1043785  0.15122287
 0.20459478 0.39001413 0.31416154 0.2849628 ]"
10,0.8459821085698075,"[0.44679976 0.27188482 0.31517678 0.31336858 0.29843943 0.31535707
 0.33458246 0.22522196 0.10871269 0.08234073]","[0.19719863 0.32257061 0.15643299 0.14788362 0.08348093 0.14425372
 0.1680497  0.3756015  0.30942341 0.1648464 ]","[0.18803625 0.27080629 0.28643232 0.04873946 0.27448075 0.34411684
 0.17005518 0.21599653 0.15483346 0.39573619]"
10,0.7115967109751254,"[0.31284833 0.31935913 0.19948203 0.18872568 0.26127354 0.25260509
 0.36047047 0.36139184 0.11830948 0.04048875]","[0.2471692  0.38554559 0.19655581 0.09397755 0.24905351 0.22077125
 0.4085854  0.42815581 0.15260691 0.09997317]","[0.08705921 0.22276978 0.18143754 0.14143945 0.26640373 0.2168252
 0.25742758 0.28882315 0.31645911 0.44608966]"
10,1.2367882505230394,"[0.40240273 0.2503552  0.22289571 0.2345798  0.31368809 0.19634951
 0.41303728 0.1441958  0.14481531 0.02957267]","[0.2857294  0.49037952 0.32475246 0.11311537 0.02615721 0.14380638
 0.15886564 0.36187778 0.22205073 0.00586294]","[0.15457931 0.20768748 0.23677032 0.17101478 0.31815309 0.27304755
 0.19494626 0.3876372  0.4017934  0.39510647]"
10,0.5129103244920691,"[0.26470328 0.26136093 0.3152741  0.26411115 0.3351703  0.31644339
 0.31179706 0.14125096 0.00600233 0.05775643]","[0.40202167 0.50698145 0.22181844 0.19176981 0.09534792 0.30629419
 0.3835422  0.32608325 0.12078069 0.05613393]","[0.1512856  0.26822373 0.31178312 0.15193902 0.27630524 0.27728543
 0.2799003  0.38277364 0.29181354 0.36135833]"
10,0.5901940971676043,"[0.42104319 0.29910422 0.20649181 0.29830264 0.32638191 0.27907264
 0.37941004 0.22236667 0.0119063  0.0128382 ]","[0.31109387 0.39670923 0.13617349 0.14744455 0.19816904 0.45062826
 0.25137447 0.28651412 0.18977668 0.07098562]","[0.18506656 0.20828825 0.22660061 0.05654034 0.27759111 0.41080536
 0.3828116  0.27634187 0.24088555 0.34638106]"
10,0.8779725382395625,"[0.3840887  0.30100781 0.24113679 0.30790018 0.32366878 0.2410026
 0.3147144  0.2613355  0.295256   0.0010886 ]","[0.34291692 0.40927    0.32015255 0.21282078 0.00878694 0.34252735
 0.25856977 0.38617717 0.04617133 0.04767752]","[-0.0116155   0.17896997  0.19351088  0.04963356  0.33188009  0.24210972
  0.33741816  0.32479757  0.34791449  0.33575422]"
10,0.7890466791774778,"[0.3875308  0.3796408  0.25138901 0.32994066 0.29002311 0.18330041
 0.26868669 0.289017   0.01021003 0.01404101]","[0.31150124 0.45165209 0.18302771 0.19589365 0.13492812 0.46089416
 0.22801336 0.51308733 0.09347217 0.23256782]","[0.21022893 0.38671061 0.19177926 0.06289832 0.3123127  0.27068358
 0.25478435 0.33736723 0.40210027 0.49954615]"
10,1.0313664860896317,"[0.47859697 0.42539407 0.16015965 0.21007622 0.37299122 0.23640616
 0.28419459 0.0965084  0.11306689 0.04456858]","[0.31544639 0.31443931 0.19656065 0.13825432 0.11943349 0.33982881
 0.15023622 0.36638015 0.25507303 0.10231277]","[0.08024863 0.13672231 0.27566938 0.08326367 0.11331141 0.22476733
 0.31028239 0.3214114  0.33136975 0.35579735]"
10,0.9724480271465978,"[0.37950823 0.32601336 0.17927381 0.28880038 0.25452462 0.28343079
 0.44980614 0.11833921 0.03370873 0.00532295]","[0.26633339 0.3216443  0.36639284 0.10554456 0.25618538 0.37052859
 0.31117919 0.306437   0.09278749 0.13075253]","[0.23042878 0.2372079  0.28237402 0.11915233 0.20709593 0.25318594
 0.30764744 0.48965566 0.23750875 0.43337555]"
10,1.1351041639515467,"[0.31667726 0.25858003 0.15932589 0.16393204 0.27725021 0.34615387
 0.30041893 0.23963271 0.09824799 0.00103694]","[0.37097659 0.25308525 0.32461473 0.1877991  0.14861853 0.25739478
 0.32017636 0.29317377 0.23656049 0.0386628 ]","[0.16794482 0.26087862 0.21967717 0.16885604 0.25374359 0.42946644
 0.30344995 0.37189758 0.2167967  0.38949418]"
10,0.968257248355582,"[4.00291219e-01 1.72656460e-01 1.14180921e-01 2.97483180e-01
 3.94583591e-01 3.51994268e-01 3.47039296e-01 1.89316446e-01
 8.23932034e-04 1.77307330e-04]","[0.28929334 0.30754051 0.28134533 0.29394923 0.06209354 0.27961012
 0.27507021 0.45253794 0.02574026 0.13513975]","[ 0.05387624  0.34871695  0.25345732 -0.05869337  0.19281663  0.40041093
  0.3411974   0.20540423  0.27371311  0.40814412]"
10,0.7683502237466431,"[0.31326839 0.32736788 0.33720265 0.15223098 0.30791678 0.24414686
 0.4047838  0.07824279 0.00748349 0.00091018]","[0.39892156 0.43971165 0.24603988 0.09997717 0.16911003 0.42891406
 0.30466303 0.24440415 0.05921495 0.15088118]","[0.11533784 0.35849479 0.32847512 0.15985882 0.25030245 0.36912257
 0.38358831 0.24575893 0.28728597 0.44244308]"
10,1.1835647310524828,"[0.33455226 0.206306   0.18831977 0.15054748 0.36080855 0.26436194
 0.38388183 0.3342337  0.03702154 0.013975  ]","[0.34377282 0.34734864 0.15438588 0.32037188 0.07628491 0.24224381
 0.19468564 0.32704137 0.1939805  0.10222029]","[0.07096476 0.23635605 0.22756447 0.0282605  0.21024464 0.34438107
 0.2820877  0.28622701 0.34082872 0.33700841]"
10,0.8975864215123739,"[3.02926288e-01 2.71673853e-01 1.67796572e-01 2.86297709e-01
 2.78798762e-01 2.71889822e-01 3.74328706e-01 3.43433160e-01
 7.20001339e-06 3.88820862e-02]","[0.34404713 0.34856864 0.19027951 0.22743675 0.08267594 0.35333021
 0.3302518  0.45520225 0.24930658 0.0254248 ]","[0.1355491  0.29860037 0.20564325 0.18236532 0.1945856  0.39679751
 0.21308122 0.27992439 0.33016709 0.3463583 ]"
11,0.9594498893524592,"[0.34264474 0.28088069 0.07065243 0.08971053 0.30745141 0.24195836
 0.3183191  0.09206007 0.12204893 0.0141411 ]","[0.4001753  0.46851574 0.25550709 0.13238031 0.01402133 0.3244034
 0.2337341  0.28817318 0.14198884 0.11779716]","[0.01521604 0.2454911  0.31680181 0.03411496 0.16524726 0.41144261
 0.33935338 0.30288314 0.33351712 0.29141645]"
11,0.8235294297150006,"[0.30609053 0.26853565 0.28811994 0.06140719 0.30507432 0.31589945
 0.44972191 0.1587018  0.03574711 0.0268597 ]","[0.23139789 0.3471708  0.20568949 0.06255754 0.17614997 0.32404737
 0.19852468 0.4675607  0.14946083 0.04566541]","[0.26131554 0.20693448 0.28005077 0.1284288  0.29114721 0.49979236
 0.24250808 0.26011467 0.40780973 0.23694226]"
11,0.5779716567744877,"[0.34468995 0.13393167 0.19166777 0.1833027  0.23080874 0.2037715
 0.40967603 0.05430826 0.01511638 0.00519128]","[0.32014652 0.36385171 0.23720274 0.2154047  0.16607345 0.21197981
 0.2127169  0.42433975 0.09774771 0.00804608]","[0.11618048 0.33857575 0.22175182 0.11165448 0.23430707 0.317892
 0.31708893 0.44023564 0.40833923 0.36914569]"
11,0.8778033294643849,"[3.46748211e-01 3.69143398e-01 1.20041471e-01 2.21960104e-01
 2.77744158e-01 1.73221194e-01 4.47545829e-01 1.56277112e-01
 9.87940399e-05 8.34108572e-04]","[0.32036605 0.51995005 0.38459952 0.02446143 0.10774842 0.28722092
 0.28047891 0.49309309 0.02206903 0.01658828]","[0.04534834 0.3068707  0.28106242 0.05359855 0.35166339 0.42879887
 0.26298708 0.24963072 0.45728992 0.30277929]"
11,0.7430411210161996,"[0.343562   0.23240383 0.17726693 0.36509363 0.36924928 0.22717212
 0.29062895 0.09983602 0.02873115 0.00861579]","[0.26781867 0.4436786  0.36323704 0.15012988 0.09026253 0.24800651
 0.14387043 0.35150708 0.13166684 0.03976793]","[0.15368605 0.29685506 0.14182636 0.21279471 0.24083024 0.4513577
 0.2631536  0.39347481 0.49008036 0.36084072]"
11,0.8175708713121352,"[0.29408781 0.18985163 0.1076911  0.13672234 0.20841331 0.22203794
 0.36393196 0.09724505 0.21002458 0.00712127]","[0.24114889 0.34919581 0.29993093 0.2471745  0.12649907 0.29075695
 0.28013286 0.29799598 0.0966235  0.16948085]","[ 0.25737938  0.32903132  0.28358108 -0.10049553  0.1431294   0.19920436
  0.33233471  0.21916773  0.39606411  0.31583439]"
11,0.588458126853226,"[0.34271185 0.26056865 0.17129102 0.17340751 0.37312702 0.32848899
 0.44291442 0.06621775 0.01606197 0.01522919]","[0.20908706 0.31390726 0.17893445 0.13064709 0.24403418 0.32136934
 0.25712261 0.23428554 0.25250983 0.03597825]","[0.20157892 0.16934866 0.26226451 0.10601636 0.16515373 0.38467206
 0.3063318  0.32494848 0.46828169 0.2631072 ]"
11,1.053073385875914,"[0.4277467  0.30090421 0.20726569 0.32027887 0.22167005 0.17051714
 0.26980022 0.18356018 0.12714883 0.02004377]","[0.24146702 0.33747551 0.31080087 0.12128754 0.33659305 0.22831512
 0.29528334 0.50384545 0.10935477 0.02566298]","[0.01744088 0.18983941 0.29164252 0.16806786 0.40383327 0.47262595
 0.41557125 0.30015995 0.43389846 0.24156019]"
11,0.5830501023370601,"[0.41450914 0.3211519  0.21766766 0.19667297 0.23177146 0.32877181
 0.20840862 0.17936889 0.06946628 0.01623986]","[0.25106506 0.26226059 0.20769749 0.23177474 0.1919212  0.30514297
 0.10419052 0.21782788 0.2469153  0.12864676]","[0.29509031 0.12608824 0.23302264 0.14233896 0.14487254 0.31435375
 0.32361868 0.20380264 0.40010895 0.40765836]"
11,1.0447740960352525,"[0.41880755 0.31337439 0.08666543 0.20403463 0.36938309 0.21440542
 0.35478368 0.12183368 0.03615731 0.22033554]","[0.34978604 0.3728769  0.31628101 0.19020701 0.11136907 0.38605921
 0.36158232 0.38998624 0.1488035  0.08147528]","[ 0.04998059  0.27356281  0.25224877 -0.05572964  0.13459214  0.47231241
  0.28835777  0.34453246  0.2321705   0.2955577 ]"
11,1.0951950428939665,"[0.29288814 0.19430542 0.25082218 0.17439934 0.28895673 0.13445876
 0.18456805 0.16546596 0.04528408 0.07621547]","[0.12748155 0.53190667 0.26617007 0.1789462  0.0191106  0.28821117
 0.24769594 0.28625805 0.10782736 0.0140237 ]","[0.11977688 0.37923978 0.33204842 0.08727904 0.30135865 0.45969483
 0.2804466  0.26122953 0.39145635 0.26914534]"
11,0.9608228668016889,"[3.90117056e-01 2.84022459e-01 2.62503704e-01 1.54707706e-01
 2.98320804e-01 2.65715254e-01 4.43770990e-01 2.30193521e-01
 8.94564664e-02 2.97528205e-06]","[0.23801003 0.44199888 0.27496966 0.09667221 0.16280305 0.27918969
 0.27068272 0.38657428 0.12339099 0.00289204]","[0.09265    0.20233178 0.32063332 0.21905878 0.20927832 0.28977769
 0.36129309 0.45514085 0.29766101 0.40748015]"
11,1.3345964198701386,"[2.34320162e-01 3.63919309e-01 3.23417932e-01 1.29489948e-01
 3.65464185e-01 3.31167838e-01 4.97639387e-01 1.90395364e-01
 9.07806807e-02 4.76550974e-04]","[0.14992485 0.38089206 0.27072415 0.05907628 0.22013518 0.04222349
 0.1631284  0.30911719 0.24032034 0.12608484]","[0.14864794 0.1353411  0.26900465 0.01371036 0.30162204 0.43064925
 0.35345021 0.28720934 0.22732078 0.39111972]"
1,0.5571534489397117,"[0.26830978 0.25986782 0.34849094 0.25592455 0.1402149  0.38039796
 0.18606238 0.24913253 0.07198633 0.28798228]","[0.26132286 0.23975109 0.19333859 0.29275839 0.21735114 0.36534512
 0.24471028 0.19851302 0.12965944 0.36115555]","[0.31143113 0.26615428 0.22496952 0.25298144 0.33636591 0.32034956
 0.08682815 0.2265389  0.17662415 0.23498485]"
1,0.9137289963225903,"[0.28640512 0.47189659 0.19694893 0.19676588 0.27398288 0.28560319
 0.20657428 0.15948494 0.28392724 0.16659368]","[0.29115004 0.11919739 0.12343724 0.39789555 0.34763801 0.22405821
 0.1167956  0.25928221 0.14591464 0.31487256]","[0.21102851 0.34727891 0.32762346 0.29393708 0.35213005 0.35175021
 0.25255149 0.47626679 0.266527   0.20784477]"
1,0.5699350359458613,"[0.2173377  0.27684813 0.30581533 0.20685509 0.22114535 0.05681205
 0.14147879 0.33337278 0.26859139 0.22972918]","[0.33790745 0.20127888 0.28325205 0.02557524 0.20123645 0.24815852
 0.13802451 0.23836396 0.20580017 0.17932453]","[0.25377235 0.20383392 0.38205861 0.28958663 0.15576917 0.20961103
 0.28158309 0.31902436 0.30538258 0.31834789]"
1,0.5393860965335979,"[0.22084708 0.10428835 0.409071   0.29893434 0.36941555 0.30488135
 0.08109971 0.16195569 0.24399091 0.17476555]","[0.41317183 0.29717455 0.3951723  0.21601112 0.19272043 0.32961586
 0.31451028 0.24765174 0.31246322 0.12968841]","[0.23252106 0.15849992 0.31447694 0.28322827 0.2515011  0.23540268
 0.28005417 0.25314237 0.23689918 0.28315064]"
1,0.5757859127066367,"[0.21694135 0.19873242 0.24681442 0.22090352 0.34819939 0.25248532
 0.27089282 0.00402486 0.23898769 0.23308361]","[0.28421024 0.1671238  0.15083969 0.17593854 0.26252337 0.13028393
 0.24429093 0.29688051 0.27519149 0.35023623]","[0.04866396 0.28294933 0.25323041 0.15023294 0.1216143  0.08923496
 0.32324656 0.3295904  0.34377961 0.2478071 ]"
1,0.5247036691503072,"[0.19748622 0.20531233 0.16212717 0.00468016 0.17283444 0.23756676
 0.09551213 0.30219038 0.14237266 0.22231432]","[0.16887778 0.15080322 0.25841126 0.23734836 0.26804792 0.32347061
 0.19699918 0.31962903 0.38456854 0.32460072]","[ 0.23588443  0.32053063  0.13089461  0.27254778 -0.01883483  0.15719339
  0.32960523  0.29190787  0.04737437  0.19129343]"
1,0.8967422797123868,"[0.15848265 0.15655913 0.24125307 0.34649791 0.28438209 0.38718153
 0.33873353 0.38372424 0.28046691 0.33279194]","[0.28955931 0.27692476 0.25493038 0.30162823 0.27582195 0.21517404
 0.06269951 0.34233591 0.22693209 0.36139815]","[0.1575382  0.37261642 0.39711195 0.25860457 0.40553989 0.24752366
 0.36032966 0.24904732 0.23901326 0.32536295]"
1,0.6725643723912028,"[0.29803107 0.20696921 0.29593552 0.2503893  0.21297732 0.30404165
 0.34262076 0.2829238  0.15218802 0.25821533]","[0.14637727 0.43754316 0.1984031  0.21956307 0.19329284 0.25954354
 0.32850297 0.1923602  0.3012631  0.31566006]","[0.21412951 0.17663225 0.36797486 0.06749416 0.30788674 0.20112946
 0.33776883 0.18211215 0.23249702 0.400969  ]"
1,1.0750687360778353,"[0.35264594 0.3314395  0.38831795 0.39991251 0.13394028 0.13988558
 0.29438864 0.30413032 0.22531918 0.2186083 ]","[0.11571839 0.16609844 0.11492722 0.17460038 0.01793449 0.35498935
 0.10291432 0.36794452 0.24378927 0.32701498]","[0.17274584 0.20498644 0.20001555 0.18252056 0.28897944 0.26701556
 0.09267955 0.29742143 0.18952821 0.36899428]"
1,0.9674364340705354,"[0.24743226 0.11217782 0.30758887 0.24621447 0.18569483 0.11315864
 0.32327747 0.30276832 0.30203574 0.20516702]","[0.2156016  0.14207905 0.22872925 0.26278221 0.34189868 0.32829997
 0.34069124 0.33717634 0.02978068 0.10054598]","[0.10078141 0.20174894 0.32736975 0.28233261 0.19944424 0.16461642
 0.23453538 0.06617901 0.06145301 0.24080503]"
1,0.797653926389638,"[0.32416589 0.2185512  0.0819037  0.2077185  0.17398327 0.20967492
 0.32615444 0.26231605 0.20497571 0.23789102]","[0.18799337 0.30628118 0.32294315 0.13104758 0.32788812 0.142781
 0.34816864 0.34021804 0.15650953 0.20623673]","[0.24983782 0.13068727 0.35267506 0.27159125 0.25995221 0.00555833
 0.49850264 0.00946724 0.20413265 0.07123927]"
1,1.0797347060045837,"[0.22356536 0.22164828 0.04087787 0.32891157 0.06076774 0.25611802
 0.21089206 0.19074255 0.14915623 0.36055004]","[0.19174481 0.19285677 0.09469245 0.3707113  0.24304383 0.25169386
 0.19559506 0.1649162  0.17270281 0.36453959]","[0.25652    0.19505239 0.17780891 0.15409886 0.2854822  0.39874585
 0.16546364 0.35799563 0.30469767 0.25200992]"
1,0.5937347169286047,"[0.17480017 0.057914   0.2366383  0.26401487 0.26437308 0.24288353
 0.38668361 0.14996009 0.34589164 0.23378123]","[0.42338864 0.19916883 0.16838079 0.55033622 0.14774879 0.09352395
 0.23985443 0.3107308  0.0974605  0.3422998 ]","[0.32131415 0.39963475 0.22733903 0.26214547 0.12569263 0.3307663
 0.32670018 0.40893998 0.2317634  0.04234838]"
1,0.7628845864969813,"[0.26793922 0.23769434 0.23750005 0.49956099 0.19219976 0.24147134
 0.47389333 0.30400789 0.28733034 0.13111846]","[0.11800739 0.24440457 0.01265569 0.21354591 0.16450673 0.30055661
 0.20724022 0.17435723 0.20325179 0.1988446 ]","[0.20773618 0.41150748 0.35121293 0.2500652  0.20914561 0.3181072
 0.44396389 0.3958656  0.23286785 0.1625513 ]"
1,0.533950140712826,"[0.42073421 0.28011826 0.38058921 0.28692353 0.14799383 0.15505188
 0.29682743 0.21763253 0.15872156 0.19261973]","[0.23137579 0.23557847 0.36681019 0.14021435 0.11310923 0.42099426
 0.34780353 0.29630529 0.2889596  0.32546331]","[0.26418029 0.2644359  0.3241609  0.1664863  0.31887165 0.30399099
 0.2997978  0.14891659 0.29967405 0.44538947]"
1,0.6322117651562901,"[0.16557898 0.19271487 0.3581442  0.40286342 0.04611935 0.07569114
 0.34179878 0.25830182 0.25886928 0.19246724]","[0.32890657 0.21006702 0.1882517  0.11333418 0.30136506 0.06860361
 0.27161119 0.223847   0.01110766 0.04965673]","[0.30775543 0.22747002 0.28264279 0.23733785 0.28184356 0.11806102
 0.16216544 0.08893061 0.0188435  0.35559288]"
1,0.4059545885511512,"[0.35951815 0.41579397 0.30496815 0.2791448  0.0995115  0.22684713
 0.20750765 0.25753283 0.14506941 0.18672129]","[0.34395792 0.34275385 0.21874217 0.28429165 0.2509647  0.26123174
 0.35441735 0.2649641  0.26845097 0.24904318]","[0.22352432 0.3998582  0.37804139 0.15673961 0.1819861  0.19461287
 0.10538392 0.08813511 0.35271641 0.35442249]"
1,0.39559421963400515,"[0.25694804 0.15722114 0.34659766 0.2558233  0.2280668  0.27349764
 0.16997167 0.28340251 0.2689693  0.23992611]","[0.31074504 0.20000882 0.40407011 0.28077011 0.26319299 0.18576071
 0.24947428 0.31277135 0.13957481 0.25281432]","[0.22221971 0.29546354 0.06227211 0.27814066 0.34555589 0.21889066
 0.22262217 0.2126941  0.28322481 0.38537098]"
1,1.075636925258015,"[0.34429382 0.32609248 0.31067051 0.0356261  0.23876338 0.41421102
 0.28893832 0.15692629 0.21281458 0.20955076]","[0.22251272 0.25902762 0.19972586 0.20244575 0.1954907  0.0815846
 0.41629788 0.31708367 0.29650622 0.27553315]","[0.04416602 0.31180123 0.35416794 0.27067337 0.21343268 0.21958141
 0.26012994 0.21693183 0.43303652 0.1472772 ]"
1,0.9006697716008585,"[0.199798   0.10871964 0.15494427 0.26750494 0.27881029 0.11750289
 0.33779784 0.30198694 0.19951734 0.16693031]","[0.30708502 0.24561238 0.29774691 0.40344378 0.35254278 0.12033525
 0.02659215 0.28249866 0.21429351 0.24811726]","[0.21655804 0.17746434 0.28425729 0.35471811 0.38954012 0.34092124
 0.17217729 0.2799728  0.21209724 0.29821995]"
2,0.5366633670417966,"[0.41556593 0.13277319 0.15907457 0.3059239  0.19653273 0.29550211
 0.24917007 0.03380814 0.21559156 0.30530318]","[0.23701718 0.12847398 0.12922235 0.32144442 0.1734301  0.20293391
 0.15584843 0.41422268 0.15447754 0.26957358]","[0.12087137 0.40289216 0.21682783 0.20940952 0.28428124 0.36295001
 0.10022454 0.2808605  0.210611   0.14345318]"
2,0.7801482046043579,"[0.22469549 0.20603377 0.21587269 0.27082977 0.25865157 0.19584451
 0.28026195 0.21444793 0.38204532 0.26472682]","[0.28626033 0.3656745  0.27348236 0.40892282 0.22208662 0.40041749
 0.23108266 0.37958814 0.18157868 0.30234715]","[0.16844028 0.31524165 0.17991665 0.17056851 0.24197372 0.08699317
 0.05338977 0.19817059 0.05117553 0.29040337]"
2,0.7386500984248263,"[0.37336686 0.33582516 0.15308666 0.25178979 0.23545459 0.24668691
 0.38407015 0.19398656 0.17593904 0.33963283]","[0.11981823 0.23075186 0.04716176 0.4766054  0.22461053 0.27137617
 0.32390699 0.15348569 0.32402157 0.40370073]","[0.13825897 0.29974509 0.13080401 0.26657674 0.3917665  0.40514935
 0.24788124 0.23938275 0.18351993 0.30399736]"
2,0.5070462515392801,"[0.26738474 0.24376387 0.19495691 0.17282224 0.31414333 0.14697564
 0.15921849 0.36140159 0.08305643 0.26794348]","[0.11853681 0.13095188 0.3145382  0.32000456 0.16840195 0.16454993
 0.25579825 0.2064067  0.19431894 0.19767267]","[0.19249224 0.23805097 0.26281726 0.44749048 0.38769034 0.31502119
 0.05001031 0.26929543 0.28494828 0.2234218 ]"
2,0.9219574810720347,"[0.28714817 0.18397771 0.23259223 0.31017307 0.11024669 0.23316222
 0.31118828 0.31377272 0.21617435 0.13299186]","[0.18874046 0.24267496 0.26328738 0.22626211 0.13871915 0.29950135
 0.1618275  0.34526131 0.16984204 0.23025291]","[0.02724911 0.28587819 0.2871583  0.26963641 0.13552214 0.25433818
 0.29179306 0.35480416 0.15525941 0.19085599]"
2,0.9922138036390504,"[0.30229956 0.48741086 0.16726992 0.21438074 0.23737827 0.19295338
 0.36110065 0.37827529 0.26863105 0.25383911]","[0.14225633 0.09823771 0.15831396 0.42705863 0.34502159 0.23661336
 0.22613603 0.22573567 0.19151371 0.17788322]","[0.19468753 0.37132338 0.16672129 0.16149515 0.23468359 0.24671681
 0.24309391 0.37332454 0.23619858 0.24205388]"
2,0.6289766652365905,"[0.19224066 0.29293312 0.12689886 0.28153815 0.13318288 0.43770038
 0.34811898 0.07413543 0.26756168 0.35852449]","[0.22118345 0.22674658 0.21577203 0.07568297 0.13546618 0.18470352
 0.26284295 0.21986207 0.23119038 0.36797531]","[ 0.0085795   0.41930606  0.26324857 -0.05654878  0.22749377  0.22135803
  0.22897727  0.16887866  0.49061139 -0.00266798]"
2,0.6652472417982955,"[0.35949388 0.31404024 0.21518956 0.39187611 0.11868899 0.32295728
 0.37280416 0.30818439 0.2348871  0.38419577]","[0.24392918 0.03880233 0.1290775  0.09562419 0.28621852 0.19063199
 0.15281696 0.38651957 0.23189078 0.361202  ]","[0.15905206 0.39297686 0.1482051  0.40901    0.2212453  0.27263841
 0.13184413 0.26872216 0.22167755 0.11967525]"
2,1.2056949323538242,"[0.2113735  0.27289021 0.00823541 0.18565806 0.00881593 0.38903252
 0.21347207 0.47060052 0.28101681 0.26665241]","[0.16318203 0.1749798  0.02206054 0.17788842 0.26634702 0.2937078
 0.16032154 0.2903232  0.13115081 0.16336268]","[0.28456373 0.21424781 0.21250683 0.18156587 0.26608622 0.20374386
 0.22668183 0.41193052 0.28711057 0.32490113]"
2,0.6201537512641874,"[0.21930305 0.29474812 0.1124834  0.24194098 0.07062094 0.14747746
 0.42919226 0.30834396 0.12943255 0.40054973]","[0.32853498 0.17762569 0.1109904  0.25311483 0.06784562 0.14898097
 0.1492647  0.30810031 0.17295257 0.23246781]","[0.13876588 0.11382726 0.31571341 0.2100448  0.15327133 0.27205097
 0.13846003 0.13398253 0.17110048 0.24790165]"
2,0.61898463628617,"[0.07309954 0.21909891 0.28603927 0.27244232 0.2026171  0.09415873
 0.31687741 0.13205596 0.20777283 0.15256921]","[0.17577986 0.14698641 0.01996892 0.3030467  0.2420303  0.32917723
 0.14682201 0.38400189 0.33079903 0.31851982]","[0.10979478 0.28694068 0.17816374 0.17234198 0.45568907 0.24520342
 0.22307948 0.27907939 0.19939301 0.19835308]"
2,0.5220209046844367,"[0.20872075 0.07470176 0.26597391 0.13033482 0.22615028 0.27353298
 0.09470587 0.10241713 0.34807905 0.13113491]","[0.12907051 0.10265592 0.49043949 0.19152358 0.28259577 0.24256174
 0.17484105 0.37980231 0.16403089 0.16194497]","[0.09044162 0.14983342 0.43719121 0.33025827 0.21150083 0.34148169
 0.18117448 0.25155249 0.31343882 0.27964421]"
2,0.9805476896204377,"[0.37435765 0.13279796 0.29945971 0.33727572 0.20111738 0.20239588
 0.46480278 0.48000828 0.18974037 0.24192358]","[0.12983874 0.22942986 0.12339291 0.24202046 0.28709107 0.18657449
 0.14281001 0.34076794 0.16386666 0.33788976]","[0.07404371 0.2749345  0.24156058 0.37142393 0.37260159 0.15427538
 0.18231983 0.23663653 0.09989296 0.17508758]"
2,0.3897812426704278,"[0.25937563 0.14525101 0.36103902 0.36999255 0.16583365 0.22881229
 0.22662032 0.36198918 0.23631531 0.24695101]","[0.2572826  0.18371866 0.09960149 0.2365203  0.413898   0.24847021
 0.19230374 0.43040505 0.17012274 0.21897276]","[0.28767752 0.36683871 0.30978585 0.19601559 0.37367552 0.25386659
 0.19396012 0.22185867 0.39762419 0.27902271]"
2,0.8847695850663931,"[2.83513059e-01 2.69796447e-01 1.14724404e-01 1.07773736e-01
 1.35115809e-05 4.00491063e-01 3.57495380e-01 1.73424106e-01
 1.80758658e-01 3.44587878e-01]","[0.11153244 0.09636114 0.15077777 0.23642138 0.2174822  0.0231368
 0.20980329 0.27939401 0.20290908 0.31479962]","[0.23663627 0.26997108 0.38543574 0.10205155 0.29062254 0.36692853
 0.14474342 0.30722133 0.27874217 0.34686695]"
2,1.0050811286533108,"[0.37574399 0.30710759 0.10186488 0.33241786 0.04651871 0.17454055
 0.31515871 0.19326401 0.17419662 0.05053657]","[0.01057872 0.3120428  0.17319471 0.2550199  0.23643118 0.23073641
 0.24178304 0.26091993 0.24241791 0.26017574]","[0.12906439 0.27297894 0.32535238 0.18891918 0.22552601 0.23667438
 0.29152723 0.33136308 0.27796842 0.13930227]"
2,0.659721938492294,"[0.29658572 0.17961566 0.17978936 0.43777306 0.19844042 0.19098759
 0.21035591 0.21285745 0.32428128 0.34030002]","[0.28378546 0.23176646 0.22199435 0.20116604 0.18435697 0.13431011
 0.25359225 0.30897499 0.23778668 0.14693188]","[0.24258662 0.160502   0.23622115 0.3796603  0.38258425 0.11427529
 0.09168641 0.20281917 0.20303933 0.30498171]"
2,0.8114177217320071,"[0.30468839 0.26988476 0.23227267 0.38390366 0.31538008 0.35859572
 0.18670033 0.33960411 0.31938021 0.26037008]","[0.23026213 0.24068873 0.37276163 0.32082766 0.28143348 0.15104859
 0.16810939 0.16585225 0.15791453 0.23909355]","[0.14330456 0.14008639 0.23017238 0.20321894 0.10891671 0.14679755
 0.23104121 0.20423662 0.09865965 0.35122836]"
2,0.7420633855094951,"[0.43193878 0.33319231 0.21445158 0.04653889 0.09080255 0.21531187
 0.28612447 0.24367911 0.27066306 0.02564463]","[0.34668977 0.11294318 0.1591796  0.36308229 0.12273691 0.23679265
 0.16143238 0.25258987 0.10837551 0.24096733]","[0.34454146 0.23698483 0.23947053 0.06665696 0.42058658 0.29165602
 0.12812105 0.30603038 0.36476576 0.21289538]"
2,0.5895638696377503,"[0.24319374 0.23205049 0.10875945 0.47290729 0.1426347  0.2938259
 0.21945688 0.14855055 0.2698479  0.21568332]","[0.09878353 0.21334797 0.23773903 0.39402431 0.2247778  0.00408547
 0.01918866 0.28723114 0.36187957 0.23389446]","[0.07505671 0.29442607 0.43150718 0.24244489 0.20796111 0.42727333
 0.1294146  0.32169462 0.21902991 0.27591866]"
3,0.6327792865680416,"[0.1740836  0.41847071 0.15201165 0.30236445 0.11261925 0.20745535
 0.36815279 0.37478758 0.26354667 0.26394754]","[0.02267812 0.22205794 0.21062298 0.30348311 0.29719623 0.27724509
 0.18953252 0.10545082 0.34699735 0.1896258 ]","[0.17573297 0.36785174 0.3437767  0.23978668 0.19751393 0.1654217
 0.16408837 0.39278937 0.16886331 0.32168155]"
3,0.7925130820668504,"[0.23820805 0.24657109 0.30481743 0.29485949 0.16987204 0.17498374
 0.15353778 0.30548326 0.22899764 0.23267702]","[0.19295355 0.06326858 0.015853   0.35061079 0.13826825 0.11876793
 0.13998975 0.24824371 0.18188374 0.18428644]","[0.21172203 0.29204482 0.11910049 0.16593754 0.1807748  0.17835884
 0.32759226 0.38471854 0.19123399 0.1252003 ]"
3,0.9021572945087458,"[0.32496907 0.36553662 0.33220131 0.14663569 0.02719028 0.33011787
 0.27209104 0.40567687 0.24428685 0.09015046]","[0.1624239  0.36114281 0.12797469 0.27455381 0.24459777 0.16432796
 0.11965495 0.52644346 0.15303844 0.15218262]","[0.26153141 0.32649448 0.40665498 0.17092926 0.08598923 0.244761
 0.18610304 0.40320016 0.07472685 0.37080537]"
3,0.7367983923893306,"[0.36906413 0.33917723 0.12352377 0.30925966 0.12797423 0.18177157
 0.28467464 0.33070699 0.24059492 0.10155492]","[0.18827012 0.13424105 0.20170005 0.24289545 0.10587243 0.20065894
 0.20946575 0.29247016 0.15789332 0.17584396]","[0.19789833 0.33235201 0.20475088 0.29816189 0.26934378 0.05248622
 0.32265972 0.35302404 0.14315133 0.25432425]"
3,0.7389919879866739,"[0.39428208 0.27334821 0.03549752 0.2393456  0.27061185 0.30576291
 0.14620272 0.22873405 0.1848923  0.20366251]","[0.05164459 0.00241472 0.18434943 0.38487917 0.17333785 0.30893151
 0.11686947 0.20144946 0.29242224 0.15512044]","[0.02976127 0.18798802 0.28019329 0.23392407 0.20571296 0.28133381
 0.20553029 0.25950251 0.15422845 0.2533694 ]"
3,0.5373381960830786,"[0.22275931 0.23998064 0.26722643 0.33848404 0.05422089 0.17975574
 0.27116367 0.39952733 0.24422935 0.3079218 ]","[0.20223664 0.27042948 0.26914882 0.32407847 0.14314798 0.17269619
 0.26170489 0.2708466  0.24948139 0.27172718]","[0.2343984  0.34230148 0.3119182  0.34501089 0.25635424 0.36049828
 0.12972464 0.28764574 0.18307107 0.23092051]"
3,0.6085951620867537,"[0.19916884 0.19563626 0.13893714 0.34906391 0.12661648 0.27764269
 0.31407535 0.30208319 0.13701364 0.26936343]","[0.14613519 0.22506933 0.14495523 0.21687063 0.17979359 0.343141
 0.31718805 0.32755841 0.19085667 0.254531  ]","[0.18657048 0.19407016 0.10796108 0.09005679 0.18328388 0.25813325
 0.03384903 0.38855147 0.1873339  0.31426101]"
3,0.6713461658247951,"[0.37858156 0.42079641 0.17627381 0.16339384 0.02816732 0.15871442
 0.21831757 0.47835355 0.35668943 0.21096576]","[0.04467083 0.21933424 0.08669116 0.24029301 0.36291978 0.15854911
 0.13129293 0.4720555  0.10499305 0.18760242]","[0.18770752 0.22681731 0.21478179 0.07472935 0.22101673 0.22949977
 0.17659284 0.19105392 0.25707179 0.17553121]"
3,0.6811994056450638,"[0.25354825 0.20967848 0.11196647 0.24036474 0.05117311 0.39448874
 0.49928064 0.46337073 0.3489539  0.34746468]","[0.18285397 0.21282745 0.2044754  0.2112146  0.20847976 0.40578854
 0.06076367 0.12843322 0.18119245 0.42356812]","[0.0049113  0.28097651 0.28084407 0.0828844  0.2414731  0.25899622
 0.13507187 0.3587453  0.18814012 0.25559843]"
3,0.6414598243788924,"[0.30758772 0.22262577 0.04731594 0.3052306  0.05122628 0.37695929
 0.28433935 0.26735949 0.25622691 0.2036111 ]","[0.08962307 0.2762611  0.14342402 0.25728219 0.17389443 0.1717931
 0.18214117 0.21257545 0.0949564  0.29569587]","[0.17171052 0.36297105 0.24481777 0.20223393 0.24081547 0.22492818
 0.1996437  0.3787419  0.09977001 0.18190979]"
3,0.5861748304679236,"[0.35251582 0.30023322 0.19544873 0.35509783 0.14247079 0.33313435
 0.34132848 0.34535506 0.28850278 0.23180388]","[0.17815363 0.26295697 0.32464326 0.27855599 0.21889251 0.40304947
 0.213465   0.30246622 0.00592092 0.18348273]","[-0.05252026  0.36342975  0.22096774  0.04774459  0.32001161  0.32757581
  0.36180111  0.39507828  0.07071831  0.14953516]"
3,1.0701201961705193,"[0.33977209 0.07139573 0.18278968 0.07432564 0.12327668 0.10575223
 0.26020617 0.3435033  0.33462603 0.33893531]","[0.13136813 0.09044092 0.0123738  0.19899777 0.16639564 0.30672942
 0.26809915 0.22709942 0.06302644 0.24649922]","[0.07595858 0.42259227 0.35469536 0.22599296 0.14644252 0.29403846
 0.39834423 0.29060375 0.39294934 0.21743079]"
3,0.6291061948890776,"[0.16042685 0.28735354 0.18590064 0.33359425 0.11783191 0.378422
 0.19669615 0.46309811 0.1038464  0.10401678]","[0.26033646 0.12987371 0.07613297 0.1187419  0.32242575 0.40275056
 0.10797209 0.44125236 0.1847265  0.20487958]","[0.34689501 0.26832721 0.21961913 0.01077822 0.10167805 0.19193358
 0.11909915 0.35668122 0.07661316 0.20466941]"
3,1.2820168305445638,"[0.29491153 0.14114496 0.05325375 0.31487953 0.12521048 0.14985257
 0.27489566 0.22891579 0.38212374 0.21766403]","[0.12870656 0.35353229 0.10420297 0.25285863 0.3202582  0.16531681
 0.26535294 0.29359107 0.15015318 0.19225839]","[0.16113062 0.47961169 0.20189202 0.11923122 0.34872799 0.15659903
 0.21208276 0.27272316 0.25948939 0.01402109]"
3,0.7806985145326955,"[0.28492835 0.18761062 0.25233206 0.33569327 0.08940253 0.27154882
 0.24993892 0.21506474 0.18724858 0.18477061]","[0.08918219 0.26867708 0.34660206 0.13620218 0.2660218  0.2348036
 0.20774645 0.24420174 0.05482588 0.25897882]","[0.17757908 0.23344473 0.23983549 0.10182734 0.30722838 0.22818749
 0.27573407 0.34559681 0.13492299 0.27499477]"
3,0.6995536386560728,"[0.35464375 0.26202124 0.09863267 0.17170478 0.02814281 0.25724404
 0.40164923 0.32082221 0.34328561 0.30789444]","[0.19165625 0.13809061 0.24985076 0.64324106 0.16352803 0.37778536
 0.24108158 0.41566051 0.14377479 0.1991688 ]","[0.21995452 0.28373281 0.27705381 0.17458013 0.22194977 0.23037336
 0.20161908 0.3480839  0.17897807 0.24182168]"
3,0.7053177669977204,"[0.2278063  0.33418626 0.07111509 0.25424459 0.00094792 0.16910754
 0.26080618 0.30319861 0.31997304 0.31932525]","[0.11788568 0.03947016 0.14899156 0.20512744 0.2117189  0.1177051
 0.22565598 0.29131543 0.03114997 0.2470903 ]","[0.36645823 0.34631083 0.20342812 0.07122917 0.29815503 0.31856318
 0.1782651  0.274354   0.25850177 0.35559757]"
3,0.6065407119532706,"[0.33213732 0.30482256 0.02433587 0.19353916 0.00084264 0.24665364
 0.42935942 0.44023986 0.1664987  0.25490119]","[0.16157135 0.17171073 0.08421367 0.35758408 0.10456729 0.19183996
 0.13945523 0.2823177  0.26142994 0.13849002]","[0.10169357 0.26816903 0.23038596 0.30108876 0.26433893 0.16690171
 0.07741652 0.342772   0.26248727 0.18466762]"
3,0.9624378139128861,"[0.33421975 0.38619559 0.1072851  0.3338772  0.09768048 0.36881912
 0.10064775 0.48092732 0.34207224 0.23951375]","[0.13330794 0.24059175 0.10890867 0.35112419 0.20607719 0.25804744
 0.20238087 0.31640403 0.25648846 0.13344975]","[0.29458678 0.20347466 0.3067241  0.06500726 0.25094205 0.06791116
 0.21161486 0.28484247 0.32535516 0.20223043]"
3,0.38600430437554734,"[0.18361828 0.21546769 0.288255   0.27685326 0.12908274 0.37828702
 0.15474495 0.3802687  0.2458128  0.27221772]","[0.21670754 0.27666513 0.00331939 0.28816343 0.27319793 0.36061945
 0.01131765 0.29941729 0.14184456 0.13707269]","[0.16840593 0.26281706 0.4288221  0.43719633 0.27986413 0.24300152
 0.20363299 0.31196314 0.14361031 0.12022327]"
4,1.0163630067131166,"[0.35110785 0.23879814 0.19335797 0.27536409 0.15166173 0.22176738
 0.26809809 0.39246426 0.46921573 0.15909781]","[0.02711737 0.3387781  0.06489548 0.32761687 0.14757979 0.13903176
 0.21327896 0.29948053 0.22431846 0.10696612]","[0.29842831 0.37265521 0.350044   0.09193781 0.38763167 0.24582898
 0.24044389 0.21581957 0.22553542 0.19145628]"
4,0.737286701350883,"[0.2244912  0.23717341 0.28267356 0.22046093 0.19950275 0.12903427
 0.24807418 0.3823326  0.42045913 0.29207266]","[0.1390026  0.23594265 0.013272   0.17424596 0.28589062 0.15553244
 0.14797218 0.28359895 0.10094322 0.20356985]","[0.1343133  0.43127269 0.10264877 0.18849204 0.15008218 0.22381484
 0.31180365 0.33663291 0.12918153 0.30627681]"
4,0.9126084191947652,"[0.39806374 0.20867854 0.21036585 0.28196292 0.00988442 0.11091012
 0.23888492 0.34057363 0.2325152  0.21443491]","[0.08146364 0.19899988 0.14458279 0.21315876 0.26079621 0.15050828
 0.251421   0.16864282 0.15824135 0.19833071]","[0.06365349 0.4800363  0.28706165 0.17420044 0.1943303  0.3050438
 0.25363219 0.35716924 0.45380339 0.19814949]"
4,0.620226987585117,"[0.3716823  0.21402772 0.25325451 0.23928924 0.19334521 0.24114928
 0.16256989 0.31933269 0.37016414 0.13898422]","[0.21555259 0.23771263 0.05435265 0.24006223 0.35374876 0.30414838
 0.11813313 0.38358851 0.06064461 0.39872479]","[0.30261855 0.35903546 0.25685498 0.34274915 0.29871288 0.26630242
 0.28604132 0.30815185 0.30496654 0.15327733]"
4,0.4469941544129298,"[0.1800225  0.2245069  0.15792208 0.3293707  0.0326283  0.14607135
 0.1850935  0.38995407 0.23429898 0.21986535]","[0.04137159 0.18642561 0.27394323 0.29746725 0.250375   0.10620295
 0.25102482 0.36316326 0.08895228 0.16962657]","[0.24716076 0.4296657  0.27595507 0.02951599 0.12426719 0.22656293
 0.25739075 0.3444365  0.32707222 0.22563526]"
4,0.3150019387333075,"[0.3401506  0.19261916 0.21351777 0.17076838 0.3737466  0.17068512
 0.24646475 0.35524267 0.39642517 0.32127605]","[0.17886921 0.35167993 0.27168349 0.28470579 0.30006016 0.29311525
 0.13305983 0.25499093 0.09271578 0.10789095]","[0.16589076 0.32487558 0.36328372 0.23119997 0.25491741 0.18116567
 0.20557968 0.49970297 0.23289216 0.04027094]"
4,0.45553301566706056,"[0.21862071 0.28668235 0.19886839 0.25406823 0.04082837 0.37505942
 0.10420071 0.20046651 0.12486588 0.27208663]","[0.09981054 0.22410313 0.00960282 0.31145049 0.32846412 0.27273138
 0.26567432 0.17356126 0.24258784 0.1592762 ]","[0.0135675  0.491499   0.34112093 0.16495991 0.31285941 0.14188781
 0.31955514 0.47305661 0.23687977 0.32203299]"
4,0.41843165104049673,"[0.31407329 0.22850552 0.0059376  0.37763762 0.12315447 0.10068134
 0.04157157 0.46903999 0.23421055 0.30616822]","[0.14433994 0.34998719 0.03595062 0.30332688 0.3193524  0.32347944
 0.14167363 0.31363725 0.36531983 0.31275406]","[0.06144903 0.29223126 0.35614504 0.04444735 0.21645798 0.28008209
 0.24615371 0.32540258 0.26595601 0.29780416]"
4,0.7924086045448008,"[0.19662176 0.14049942 0.08206839 0.19742833 0.01306625 0.31014325
 0.4465563  0.33909341 0.33954211 0.37585519]","[0.15070785 0.06314801 0.14956465 0.2797328  0.33565978 0.15339052
 0.21603511 0.40536398 0.13039631 0.24960629]","[0.08496802 0.37520954 0.26863098 0.16425667 0.30538201 0.06317235
 0.07896267 0.45319168 0.23584848 0.21409276]"
4,0.62228167075042,"[0.29415454 0.24093828 0.02085135 0.35082807 0.03190594 0.28166869
 0.24501228 0.33785009 0.31136024 0.43560281]","[0.18121623 0.23915593 0.32608631 0.33819901 0.20276713 0.27012212
 0.23994866 0.14887615 0.12916224 0.31268878]","[0.24396132 0.48120228 0.29933905 0.21278341 0.19008884 0.19778333
 0.20239777 0.2298758  0.22937136 0.24066992]"
4,0.7151296865448808,"[0.28033902 0.36489789 0.23975772 0.24929306 0.12600578 0.0201091
 0.33612386 0.37674994 0.32480573 0.31799901]","[0.02479647 0.15509946 0.18032021 0.38801534 0.16534235 0.25440452
 0.10440759 0.21764088 0.08798435 0.32547126]","[0.20872762 0.48764884 0.3106489  0.14759404 0.31969043 0.07775709
 0.18351093 0.31338653 0.26387722 0.1726895 ]"
4,0.6522475207929184,"[0.46422504 0.33953845 0.26495817 0.31812583 0.0550825  0.24319354
 0.29944626 0.08722324 0.23997753 0.42392614]","[0.10703818 0.2314228  0.06967532 0.35309664 0.31839435 0.23236199
 0.16159541 0.16036646 0.11189323 0.21409933]","[0.24829735 0.20183026 0.29229483 0.15821604 0.20511232 0.27172941
 0.1703428  0.21639961 0.36460975 0.3014365 ]"
4,0.5651590058538117,"[0.28573686 0.33221325 0.10023263 0.1899186  0.02227514 0.32581216
 0.20935752 0.29350471 0.49535761 0.2135461 ]","[0.02363712 0.22367282 0.22651345 0.32404296 0.20771375 0.13674956
 0.04552946 0.21726962 0.2022538  0.07639602]","[0.2761166  0.35777745 0.27953175 0.22014835 0.26113519 0.35344789
 0.4378083  0.21506921 0.09989527 0.21524489]"
4,0.6827819729482474,"[0.32395352 0.15868422 0.09325523 0.33447919 0.14287057 0.31776563
 0.02073091 0.27930819 0.38697261 0.27734512]","[0.25810456 0.02780452 0.01169751 0.27602979 0.18857046 0.21959722
 0.22932341 0.39544995 0.24085778 0.24403473]","[0.16033907 0.44422873 0.27454143 0.20279739 0.2229378  0.17180897
 0.24115108 0.2104865  0.24846606 0.18854893]"
4,0.5871565683599036,"[0.40431297 0.16325875 0.12782979 0.19261478 0.04157606 0.23442581
 0.16322206 0.37695558 0.42244637 0.16208139]","[0.2582842  0.20979357 0.06361659 0.38916013 0.21218476 0.25434703
 0.09954536 0.28917633 0.26346781 0.16031055]","[-0.01553269  0.43696682  0.2427281   0.24397959  0.25246829  0.22560332
  0.34792221  0.35734265  0.24730271  0.23375067]"
4,0.9442846273253545,"[0.4089812  0.41045505 0.14794689 0.1836335  0.07436945 0.07970668
 0.35903521 0.22947094 0.26366767 0.19431777]","[0.27310673 0.1903078  0.08650271 0.34966047 0.2484619  0.17453086
 0.12224295 0.33861361 0.07653122 0.21926537]","[ 0.05297141  0.39746334  0.25567565 -0.02200942  0.39256914  0.22496103
  0.37082148  0.16976953  0.31402292  0.18820842]"
4,0.8438084762068587,"[0.20427523 0.15640053 0.09624931 0.18464737 0.18484326 0.16843453
 0.23627333 0.42708618 0.33453325 0.34006715]","[0.17575833 0.21548791 0.23336159 0.1658582  0.38022324 0.23472248
 0.19977398 0.21586992 0.20306377 0.32122308]","[ 0.32103806  0.4816727   0.19290917 -0.09376472  0.2833185   0.34243867
  0.37884977  0.23413412  0.27427844  0.27768686]"
4,0.32605619260374363,"[0.34836124 0.39795572 0.18620541 0.20915361 0.2038779  0.20452507
 0.27756115 0.19759869 0.30862967 0.20626618]","[0.20838846 0.15347701 0.02178232 0.26211776 0.25432404 0.24585959
 0.19215548 0.24701758 0.11919383 0.25990061]","[0.23463205 0.48728055 0.23557948 0.16068557 0.16114296 0.18661847
 0.26340847 0.26693945 0.37341747 0.08439897]"
4,0.35764475754898384,"[0.283968   0.37324926 0.22414099 0.04971705 0.09789281 0.22445595
 0.19436783 0.05946974 0.33707981 0.24101656]","[0.20267043 0.22302241 0.15527591 0.33363312 0.20609691 0.26173378
 0.2180128  0.36689975 0.09070459 0.20505714]","[0.33337674 0.26219216 0.18955454 0.09606504 0.33960261 0.0297466
 0.33008782 0.24824387 0.2443166  0.06370772]"
4,1.2115025284667962,"[0.2229588  0.12009681 0.18092181 0.34576624 0.06383695 0.14612245
 0.18107057 0.45458144 0.34121121 0.24707868]","[0.29522702 0.23769203 0.02482675 0.21539076 0.27182121 0.27936026
 0.21890887 0.1788959  0.18350914 0.21713487]","[0.19672433 0.36000156 0.28539313 0.05919771 0.16149871 0.07013815
 0.32139496 0.14834682 0.3814679  0.01639501]"
5,0.5640390325226303,"[0.23667381 0.330843   0.09737516 0.16383003 0.21547627 0.13836503
 0.20013333 0.47624923 0.32259596 0.28837657]","[0.28482479 0.15183147 0.06780256 0.18821567 0.21209163 0.28743678
 0.22145506 0.19070541 0.12816384 0.29638297]","[0.19294295 0.29719092 0.26566517 0.23963512 0.20121792 0.20705174
 0.39571065 0.21455294 0.40231796 0.06321735]"
5,0.28748361056769484,"[0.32229443 0.36694686 0.14796474 0.13930548 0.05935392 0.27471647
 0.05751502 0.34080452 0.41960691 0.18612992]","[0.17048975 0.27200738 0.00284417 0.24465866 0.1744934  0.22394188
 0.00284456 0.17972704 0.19477419 0.29547132]","[0.08110428 0.40435807 0.42622862 0.07227714 0.36713053 0.22933262
 0.27175438 0.30314346 0.43957664 0.17002491]"
5,0.5778090768872344,"[0.30837365 0.11971306 0.23911691 0.39736493 0.06684213 0.07257034
 0.18934147 0.21393719 0.377805   0.33434271]","[0.1575493  0.17349288 0.00245805 0.19354664 0.09191135 0.24774413
 0.30317722 0.30409245 0.33737323 0.27628736]","[0.05366652 0.49393085 0.26737785 0.08362578 0.24183778 0.18343591
 0.28074381 0.21840191 0.30136607 0.08543006]"
5,0.49107955797726,"[0.21764174 0.0094462  0.28240076 0.30999912 0.25700527 0.22654457
 0.28932979 0.48936311 0.38662337 0.37184214]","[0.2803248  0.43089689 0.0994448  0.3862919  0.30846607 0.29934698
 0.1382058  0.20621965 0.03728432 0.17039391]","[ 0.02498372  0.49191444  0.30135599 -0.13318942  0.18839254  0.16286963
  0.2970344   0.19687164  0.37273571  0.01938433]"
5,0.7745382252983455,"[0.25429757 0.30141456 0.16817353 0.31596165 0.05923788 0.08884794
 0.42182558 0.41882721 0.37280552 0.14167367]","[0.15771137 0.19932331 0.1466579  0.32645371 0.32298805 0.20330581
 0.19938145 0.14232344 0.23958654 0.32147867]","[0.15706725 0.35778058 0.42404986 0.01797831 0.30419942 0.29409213
 0.3926807  0.13172438 0.34686241 0.14561119]"
5,0.722287319423461,"[0.4067002  0.21676073 0.1818149  0.28875599 0.21134387 0.20080482
 0.25364769 0.45169415 0.35004753 0.07648052]","[0.22183349 0.23718441 0.2070697  0.21511947 0.24105106 0.22196977
 0.1803389  0.24446295 0.11126652 0.04326395]","[ 0.05879533  0.37592809  0.28488141 -0.02499345  0.1610985   0.30675838
  0.31722726  0.31083307  0.30331389  0.15931475]"
5,0.6374913009614571,"[0.14454237 0.42434848 0.17073756 0.37637365 0.06176558 0.11282757
 0.28703079 0.30024466 0.43625357 0.24977687]","[0.33785614 0.08180738 0.10056848 0.18675523 0.17431392 0.0517072
 0.2880219  0.35166625 0.30912549 0.23146934]","[0.12495219 0.357349   0.10742335 0.16608175 0.36385171 0.21887585
 0.27389011 0.33615632 0.36448484 0.2621435 ]"
5,0.7365915888003096,"[0.26877824 0.26437331 0.23263648 0.33819347 0.06724669 0.05508601
 0.36946583 0.49156215 0.21524285 0.32443881]","[0.05042725 0.20634695 0.09227838 0.23571633 0.16181802 0.24381324
 0.1687879  0.24671985 0.15644183 0.01519373]","[0.29249314 0.47709401 0.14045857 0.00641136 0.3410917  0.07604037
 0.29693745 0.26569528 0.15536244 0.22176978]"
5,0.5880847516325501,"[0.40902155 0.17025471 0.24671058 0.41266074 0.08431904 0.25587217
 0.35253869 0.4035472  0.2187477  0.40780476]","[0.12049762 0.38239538 0.11101261 0.33653158 0.36649187 0.21197136
 0.31141735 0.14565847 0.20424003 0.24682996]","[ 0.27858038  0.2668177   0.26409118 -0.06121722  0.2545519   0.15133626
  0.25061633  0.16727162  0.24570896  0.09108854]"
5,1.1438411134908109,"[0.092376   0.07810398 0.0044738  0.34374311 0.23844682 0.08811085
 0.28486146 0.43161723 0.46449725 0.21070753]","[0.2964707  0.27418556 0.00770714 0.34885476 0.20642099 0.15101324
 0.23576951 0.30440262 0.27486074 0.30078243]","[-0.00789505  0.39261318  0.40099315  0.22549308  0.1513823   0.18171212
  0.25538413  0.25071046  0.07061944  0.08576446]"
5,0.5662203619795253,"[0.15263927 0.20659122 0.00148125 0.33123371 0.06018267 0.0442714
 0.0016378  0.29562484 0.26382459 0.33597065]","[0.29061767 0.11041115 0.03437885 0.16739826 0.23130965 0.19209917
 0.26906236 0.31519642 0.10116208 0.21148906]","[0.21830049 0.41585609 0.34113805 0.09775711 0.31070181 0.07228118
 0.27032757 0.29206328 0.23868356 0.11665437]"
5,0.5376145905004094,"[0.36369086 0.2270854  0.02670097 0.31595265 0.21447765 0.23864035
 0.34566407 0.35783486 0.3743766  0.24815046]","[0.24900714 0.11665888 0.13145624 0.04200835 0.35801807 0.22482029
 0.16734031 0.24716387 0.08029947 0.26691045]","[0.2456054  0.27846278 0.18478427 0.10534711 0.31316603 0.31352959
 0.28844735 0.04371955 0.2542188  0.04987864]"
5,1.0829845644351062,"[0.26865642 0.45902552 0.36862934 0.33602138 0.07936189 0.15632412
 0.15026124 0.34015107 0.45303211 0.23684333]","[0.00252843 0.3111077  0.10498064 0.23136722 0.45926896 0.25668579
 0.21529034 0.19635465 0.33716605 0.03027948]","[ 0.30071795  0.49967976  0.25130558 -0.00379819  0.36384556  0.1784653
  0.21429479  0.3958391   0.20311168  0.10828229]"
5,0.604330421556171,"[0.24957976 0.40687    0.05006327 0.18666397 0.03232978 0.14972167
 0.34308747 0.34634842 0.24066481 0.23588118]","[0.04822764 0.28868832 0.11230884 0.1874687  0.35792222 0.05644094
 0.17329845 0.1733531  0.23206627 0.16034732]","[ 0.12800269  0.35228786  0.32737342 -0.00853593  0.20779413  0.17200768
  0.49533666  0.19409458  0.3529414   0.04824342]"
5,0.8485373409812955,"[0.22679467 0.15723824 0.23998814 0.25178877 0.12140457 0.15779417
 0.20519587 0.42862713 0.28221304 0.12134008]","[0.15963642 0.18508635 0.00597165 0.14383156 0.29764215 0.20317194
 0.12206387 0.09098204 0.20298768 0.08817727]","[ 0.13755178  0.29907298  0.31601903 -0.13303707  0.36886186  0.2117943
  0.31713465  0.43957492  0.27729322  0.01094714]"
5,0.9061929358080634,"[0.49947675 0.15961323 0.12959832 0.27871053 0.04788781 0.35033741
 0.36961368 0.26991177 0.31279399 0.22513083]","[1.37931100e-01 1.52824170e-01 2.11914499e-04 1.21051028e-01
 2.30356550e-01 3.50384096e-01 2.76712377e-01 2.41696935e-01
 2.17242952e-01 1.93494458e-01]","[0.10532769 0.32299105 0.33121537 0.067463   0.21528297 0.37030412
 0.261619   0.24182471 0.30158548 0.30455041]"
5,0.7434649067635534,"[0.29525041 0.17309989 0.21941585 0.39281362 0.01065736 0.09449175
 0.30915164 0.28510792 0.22008043 0.36954436]","[0.34436754 0.12085486 0.04514734 0.29145199 0.17776863 0.31977707
 0.30563956 0.26763325 0.2374845  0.14574373]","[ 0.15688185  0.34613514  0.29425698 -0.08627927  0.34281386  0.14462154
  0.3349877   0.17805387  0.27330446  0.30908466]"
5,0.4242789533687568,"[0.3620912  0.1939808  0.29598999 0.30478043 0.05836609 0.05168586
 0.27733775 0.34516488 0.39655588 0.28775557]","[0.00301815 0.21257056 0.12423571 0.39191371 0.30653249 0.42309451
 0.11112129 0.23551014 0.29893473 0.15297971]","[0.22934814 0.42743499 0.31514407 0.09594183 0.33748461 0.19145327
 0.21178295 0.27681391 0.41171    0.06915324]"
5,0.33463866767924183,"[0.25497189 0.15909126 0.17236545 0.22305645 0.01719633 0.01200428
 0.22217627 0.37194288 0.18457452 0.42089573]","[0.17210176 0.11313103 0.21886036 0.17967423 0.36304016 0.25159237
 0.28290561 0.18903075 0.29088739 0.15276076]","[0.19773375 0.35839732 0.215931   0.05519541 0.24941284 0.23304818
 0.19844199 0.20381027 0.25687464 0.24165666]"
5,0.5947400013053212,"[0.34206146 0.34977993 0.31381074 0.39366521 0.03226373 0.23431496
 0.28921854 0.41485122 0.43055749 0.15386561]","[0.27116731 0.32493955 0.20096894 0.31057356 0.16454589 0.25526441
 0.03950847 0.25336152 0.26022356 0.33566487]","[ 0.04361644  0.34558207  0.34169308 -0.03163818  0.45305216  0.19675942
  0.1453494   0.12734349  0.26236428  0.1598463 ]"
6,0.6540569811223366,"[0.3415157  0.02744898 0.26269813 0.222153   0.10272958 0.19074831
 0.4319508  0.30263531 0.29119553 0.29950046]","[0.13981898 0.1855107  0.07524737 0.42771861 0.37802238 0.2609817
 0.20916816 0.29080614 0.26830708 0.26328242]","[ 0.02029005  0.33979859  0.18283769 -0.05185073  0.15971902  0.47938718
  0.29531702  0.27120318  0.32047111  0.02808025]"
6,0.7094335163193102,"[2.61808787e-01 2.29260834e-01 1.54201773e-01 1.85386111e-01
 4.64132119e-04 8.72043194e-02 3.44423984e-01 4.99999379e-01
 4.84926108e-01 5.35312269e-02]","[0.16044669 0.18305437 0.08050327 0.16462201 0.39109094 0.22749887
 0.2089466  0.1440825  0.11840336 0.38783736]","[0.17305319 0.4218097  0.44039927 0.05193875 0.19596521 0.33894162
 0.31726815 0.33181952 0.10060608 0.16647758]"
6,0.5674265158392867,"[0.24116047 0.10784476 0.19894432 0.34095277 0.00651309 0.12573781
 0.28916841 0.32474325 0.41098212 0.08656578]","[1.64881017e-01 2.43462122e-01 4.79070039e-04 4.84452539e-01
 1.69107156e-01 1.87398428e-02 1.38596980e-01 2.46883623e-01
 3.29207194e-01 1.67553348e-01]","[0.24870285 0.3978268  0.37048874 0.03010829 0.20946168 0.184112
 0.29770509 0.38135991 0.31541231 0.04918387]"
6,0.6037459387984743,"[0.37414378 0.20337666 0.11450047 0.32576683 0.12759281 0.20380366
 0.23136201 0.42198363 0.19247949 0.28570314]","[0.19044397 0.2124331  0.08145931 0.21985937 0.27072099 0.22012985
 0.29830722 0.2366725  0.13846855 0.1532324 ]","[-0.11453984  0.31444955  0.22343504  0.17105457  0.15448801  0.23482807
  0.27347473  0.37519265  0.26971769  0.12776051]"
6,0.6135346668764674,"[0.26637897 0.20509693 0.09154617 0.41440686 0.2498289  0.00304311
 0.36426685 0.12599607 0.38098804 0.14365014]","[0.19261649 0.2565491  0.05279585 0.17563797 0.30570895 0.27946754
 0.287251   0.31497184 0.34568572 0.14647753]","[0.25954507 0.46283556 0.23923174 0.25927958 0.2472237  0.25137429
 0.2881866  0.27114688 0.137801   0.19827391]"
6,0.5817136581350468,"[0.32101843 0.2636664  0.03874075 0.48728435 0.1045519  0.17262856
 0.36084897 0.37686379 0.40293504 0.12134994]","[0.1446064  0.24735238 0.05152127 0.28315214 0.15777811 0.2758388
 0.22581795 0.20612077 0.27252619 0.17074046]","[0.16334189 0.28134945 0.25911164 0.07505772 0.3142309  0.12919308
 0.36609841 0.27912898 0.13113949 0.31379112]"
6,0.6462133818582609,"[0.34530566 0.31922193 0.18783183 0.33431438 0.19959327 0.11436293
 0.38556946 0.38900809 0.36445715 0.16118129]","[0.07876239 0.11695171 0.0117921  0.27386667 0.23471613 0.11425203
 0.11697449 0.33614062 0.20244595 0.37887912]","[0.09725275 0.47290304 0.49997431 0.08564963 0.25489915 0.20502758
 0.35867731 0.26546078 0.13354552 0.08195321]"
6,0.5686762693064724,"[0.28634568 0.23831206 0.21339172 0.25240578 0.23551641 0.14451994
 0.227904   0.36242347 0.4053625  0.21271179]","[0.08289606 0.30267013 0.07078212 0.20840977 0.15026382 0.18383518
 0.23358462 0.2314808  0.29162407 0.13300183]","[ 0.08424573  0.44143843  0.33564785 -0.01360787  0.36645276  0.25466588
  0.32678071  0.3651134   0.23112328  0.2100986 ]"
6,0.553192009323619,"[0.2769468  0.04836856 0.12097372 0.39298049 0.0830814  0.25993493
 0.30551634 0.27688708 0.31729149 0.20579497]","[0.39137337 0.18017839 0.04721497 0.37712315 0.2785176  0.26793199
 0.15183451 0.14833239 0.23558458 0.25264497]","[-0.05579384  0.365261    0.48775333  0.09392692  0.07538168  0.03997121
  0.15573954  0.26104308  0.32131746  0.0757899 ]"
6,0.7021317807840837,"[0.26432141 0.10204691 0.09707427 0.29275117 0.19167643 0.26478305
 0.18730854 0.28748172 0.35363992 0.27288239]","[0.12979324 0.31720113 0.00361222 0.15080798 0.41099521 0.25628729
 0.15801833 0.18708249 0.29124352 0.32810525]","[ 0.17105987  0.30134096  0.48128154 -0.05775225  0.2073194   0.15921255
  0.35786677  0.24119788  0.16334281  0.16494807]"
6,0.9482474178568857,"[0.29658887 0.26762804 0.11025375 0.34996494 0.14845855 0.14932653
 0.26337764 0.43102482 0.36942668 0.22199079]","[0.19379866 0.21833673 0.05389809 0.19716226 0.23713364 0.2998012
 0.29359718 0.21191795 0.46190604 0.1509505 ]","[0.28113947 0.41575899 0.33960061 0.00912205 0.39315317 0.12187914
 0.18248453 0.2195123  0.35265519 0.23083664]"
6,0.709455817533718,"[0.35650754 0.11139304 0.30861566 0.49081727 0.14887833 0.00133378
 0.41555451 0.47078074 0.49544033 0.25484205]","[0.08783771 0.20193706 0.026862   0.34530157 0.30734145 0.25597457
 0.27054082 0.08394101 0.33825613 0.09505322]","[ 0.31786647  0.3846489   0.20832576 -0.08346822  0.32818364  0.20585662
  0.31220086  0.20659781  0.1188104   0.06714663]"
6,1.2575593890442902,"[0.40461625 0.18017244 0.25900598 0.2663224  0.10602779 0.03040198
 0.20485621 0.38888525 0.42043652 0.17878014]","[0.2627744  0.23922763 0.00791324 0.44920119 0.17652132 0.29310864
 0.26171349 0.18657663 0.38707495 0.28020739]","[-0.00262714  0.46976249  0.47577546  0.0201704   0.21136414  0.24493331
  0.27427818  0.30543313  0.1527808   0.1663515 ]"
6,0.4021710138982689,"[0.23014806 0.20641469 0.10563098 0.34558806 0.16999745 0.00116045
 0.34931373 0.493506   0.28036526 0.30020378]","[0.25711893 0.25740594 0.19773105 0.34425839 0.3280703  0.20627753
 0.29919232 0.26078228 0.24550574 0.27169777]","[ 0.22138472  0.32010665  0.25664982 -0.0960822   0.30782741  0.28623798
  0.34102533  0.22211978  0.28975854  0.15079957]"
6,0.7327842047288341,"[0.31143674 0.33107496 0.12989333 0.32571948 0.13566883 0.18320528
 0.31001105 0.49922157 0.44954582 0.27634934]","[8.84832772e-02 1.74825407e-01 1.06313378e-07 2.69422976e-01
 4.49648852e-01 3.37968161e-01 2.88045154e-01 2.62156608e-01
 2.38945022e-01 3.33767829e-01]","[0.22189556 0.39554892 0.34674465 0.06080732 0.35255757 0.14637155
 0.21386382 0.4102616  0.21402974 0.16708296]"
6,0.3450643834492744,"[0.24902714 0.026173   0.13381185 0.41495728 0.21749811 0.08503464
 0.12696819 0.4663654  0.43963557 0.15908612]","[0.19885655 0.15222882 0.02477549 0.21219729 0.14459919 0.30594823
 0.18179978 0.26041454 0.21098525 0.31995583]","[0.15323279 0.49297619 0.29792602 0.2523119  0.37113822 0.17864665
 0.33208942 0.27653156 0.15563267 0.09892639]"
6,0.7298031119206523,"[0.47971465 0.24471437 0.23994721 0.43861455 0.06364754 0.06068721
 0.43753002 0.47034019 0.32006246 0.14894053]","[0.11337604 0.18244544 0.10657334 0.21282861 0.05111427 0.03531131
 0.2757501  0.13143965 0.28785356 0.17133488]","[0.06922773 0.49318455 0.26719393 0.07299929 0.21351087 0.13182231
 0.35787566 0.19171002 0.18053231 0.20787161]"
6,0.6687930629115293,"[0.12424882 0.23282885 0.19376525 0.24271496 0.03430154 0.00141814
 0.1517639  0.2840334  0.41845595 0.06359479]","[0.157976   0.09555974 0.09361617 0.30751541 0.15684636 0.1274235
 0.22351819 0.26500481 0.21680463 0.02139934]","[ 0.21641751  0.4752044   0.39811991 -0.00713089  0.27716769  0.2512606
  0.13619157  0.20928437  0.14097324  0.3128431 ]"
6,0.4242494861832448,"[0.30563422 0.38803984 0.27945264 0.31495809 0.17335098 0.32910114
 0.40717042 0.4919997  0.45522656 0.25361103]","[0.13086753 0.18430683 0.01410296 0.11676284 0.25020309 0.28691584
 0.21142766 0.14498221 0.3214303  0.19702332]","[ 0.08469769  0.49894478  0.13416108 -0.02723231  0.26337157  0.2314645
  0.36153804  0.32175053  0.23371561  0.09141062]"
6,0.6381354924532303,"[0.39150678 0.33177286 0.07865133 0.17356194 0.08647221 0.31637357
 0.21697201 0.30490143 0.29325014 0.35121009]","[0.09670972 0.22138301 0.04730572 0.30876813 0.35522888 0.15783406
 0.0138265  0.22034116 0.36809946 0.186317  ]","[0.13478788 0.36895745 0.29932772 0.0426367  0.2525396  0.32703947
 0.27247091 0.34405547 0.24955008 0.1999162 ]"
7,0.547206631496183,"[0.30597346 0.30110489 0.18821197 0.22857695 0.06696449 0.01275879
 0.33316997 0.3651345  0.34593878 0.20701042]","[0.10481236 0.19924522 0.05968256 0.31169751 0.18551082 0.35017199
 0.2629492  0.07321234 0.37757529 0.21472251]","[ 0.22262316  0.38738411  0.44034575 -0.05904645  0.39002067  0.23948633
  0.30223789  0.31345382  0.15425036  0.15125038]"
7,0.5705962029276244,"[0.28133909 0.22684481 0.20989373 0.30256886 0.23497996 0.20184574
 0.33621275 0.44726279 0.40998707 0.21458366]","[0.0362585  0.34894035 0.03860946 0.35888196 0.26337727 0.3069811
 0.28747421 0.25819389 0.50277587 0.18917049]","[ 0.19052001  0.29570005  0.49849062 -0.00320056  0.11559378  0.32175599
  0.3584604   0.21248555  0.13890923  0.07005902]"
7,0.5573870369964843,"[0.28715145 0.40403947 0.18294049 0.34272488 0.06958477 0.13280744
 0.35334803 0.45605248 0.42023387 0.22004967]","[0.25584109 0.08696745 0.13472587 0.29908494 0.20493115 0.22154081
 0.2302102  0.25464075 0.24195875 0.2882785 ]","[ 0.17965885  0.48538946  0.3661172  -0.00070879  0.26760546  0.27055719
  0.34011963  0.27102418  0.16723135  0.13493973]"
7,0.39901750858978136,"[0.31408556 0.17044774 0.28039778 0.27500476 0.23134253 0.06434282
 0.39322051 0.48533246 0.43924956 0.07145487]","[0.15278734 0.16542258 0.00319427 0.35289978 0.19851743 0.41350886
 0.34473401 0.27403899 0.3576513  0.21767257]","[ 0.14694195  0.36134991  0.32441208 -0.02786748 -0.00315176  0.2287891
  0.14042987  0.1851346   0.24218194  0.26095652]"
7,0.6939156001055222,"[0.21986946 0.18742527 0.32001269 0.26871357 0.22391397 0.06274116
 0.27713322 0.45112858 0.32397482 0.19773291]","[0.02068286 0.07669951 0.11617078 0.48954065 0.29538832 0.36259275
 0.08676875 0.12186441 0.34257758 0.36833095]","[0.1191783  0.32729354 0.25417366 0.03130652 0.23871583 0.20775649
 0.21218111 0.3800055  0.12767828 0.34426087]"
7,0.6239627427045533,"[0.2646613  0.25855629 0.19122536 0.36864877 0.22547477 0.12419052
 0.29101503 0.4569369  0.48287929 0.1988147 ]","[0.04086847 0.30439805 0.09817779 0.46071403 0.31193175 0.13173525
 0.21012944 0.11134538 0.18363804 0.34016457]","[ 0.11491565  0.37446232  0.18070273 -0.02743183  0.25498885  0.25448867
  0.24658324  0.21173445  0.11816613  0.23153923]"
7,0.40045306702398104,"[0.3592378  0.1712949  0.20811989 0.20555606 0.27973757 0.27264356
 0.3156464  0.49660938 0.36670277 0.15383451]","[0.33958893 0.14807632 0.02077809 0.24137853 0.23563019 0.30749056
 0.29479828 0.26495192 0.2514864  0.31223638]","[ 0.25440856  0.40573553  0.39094987 -0.02076588  0.35221554  0.19784936
  0.21842899  0.27840441  0.33631819  0.23842665]"
7,0.8870442937444558,"[0.34171687 0.21810651 0.28348453 0.21252813 0.03138223 0.21190247
 0.27190871 0.42458794 0.35280766 0.17710311]","[0.24322644 0.09672205 0.00361577 0.38258158 0.19319026 0.49261997
 0.3753218  0.21980992 0.49519995 0.35503364]","[ 0.18512686  0.28770813  0.24388099 -0.09736164  0.18784849  0.24850174
 -0.00394571  0.28846095  0.20706797  0.14116853]"
7,0.7526444935520001,"[0.31276062 0.26344456 0.12851393 0.41668171 0.10517386 0.06897731
 0.33523086 0.43725394 0.3488047  0.25185364]","[0.11708685 0.2914741  0.02271955 0.27680916 0.27010569 0.11658196
 0.17763658 0.13773935 0.23427104 0.3709884 ]","[ 0.12876741  0.49528545  0.36935256 -0.01228925  0.11934682  0.16515973
  0.13864887  0.20081831  0.09406656  0.20891143]"
7,0.58283348290767,"[0.22547877 0.05026974 0.18576861 0.41011318 0.10987315 0.0901093
 0.47534936 0.3854595  0.34393438 0.27271611]","[0.18569693 0.20300463 0.00325029 0.35340935 0.15583264 0.18662948
 0.18364129 0.10721805 0.43173459 0.17143037]","[0.16811467 0.357675   0.20658711 0.04386878 0.28116906 0.1794207
 0.29532999 0.22497053 0.17328486 0.0182316 ]"
7,0.8535145703944306,"[0.30238221 0.23938631 0.26839458 0.17187854 0.0755164  0.05624857
 0.36894982 0.46280935 0.34484359 0.14148985]","[0.30167775 0.18184216 0.06419657 0.44164447 0.1195089  0.23921477
 0.36954886 0.15912525 0.50938428 0.26816157]","[0.27991778 0.44404332 0.29364011 0.0603942  0.13426417 0.20643885
 0.34287882 0.41252542 0.15715136 0.37723737]"
7,0.6062699929558127,"[0.21934093 0.15996338 0.23169468 0.33086629 0.0151289  0.20545772
 0.28587537 0.47671043 0.39415757 0.28662056]","[0.31210657 0.19875079 0.00497528 0.17439376 0.12332226 0.15548508
 0.34811461 0.17534978 0.33219056 0.28329879]","[ 0.09157131  0.38624861  0.46278149 -0.00742271  0.38228312  0.20128398
  0.22705705  0.36259647  0.38669019  0.15306908]"
7,0.9126331544034371,"[0.34522071 0.2706551  0.31166871 0.34990276 0.00041546 0.16056853
 0.39767094 0.36979947 0.16033705 0.13385656]","[0.32670489 0.17567072 0.21917954 0.27635019 0.1691297  0.25982671
 0.29733977 0.14549194 0.25434733 0.24742498]","[ 0.09592955  0.45836976  0.43019932 -0.07168393  0.24413328  0.24100047
  0.2423967   0.37576966  0.18414431  0.34300257]"
7,0.5462057588097411,"[0.11872703 0.24177178 0.20368794 0.34579826 0.16780591 0.19455413
 0.2908802  0.25585565 0.32828043 0.09819579]","[0.02370459 0.11786208 0.02109259 0.28983565 0.40499469 0.28559176
 0.27290675 0.17891678 0.36030506 0.18804052]","[0.14161404 0.4165048  0.34851876 0.07425914 0.29343901 0.35983199
 0.25526607 0.15479595 0.25738874 0.28561815]"
7,0.7475819091379275,"[0.36581651 0.24933984 0.24372542 0.29520833 0.2268744  0.22424819
 0.2360929  0.35102946 0.24206531 0.23525385]","[0.19744521 0.30093695 0.10966769 0.37447491 0.18039943 0.29663367
 0.40935625 0.23451018 0.32000016 0.18064326]","[0.02687915 0.38683176 0.30231052 0.04847801 0.21939854 0.39228072
 0.08231465 0.31470809 0.11799167 0.15072782]"
7,0.5220913197011312,"[0.31489835 0.23279217 0.14274825 0.30940383 0.03148335 0.2957427
 0.22814007 0.48570085 0.49481667 0.1880356 ]","[0.03458065 0.25363599 0.01496562 0.27783023 0.19230296 0.3892668
 0.30315169 0.18311161 0.21165959 0.1094077 ]","[0.26378643 0.47289822 0.20778077 0.04143076 0.32774316 0.16243383
 0.06597692 0.2246337  0.33970231 0.12721436]"
7,0.4068083383482976,"[0.28026036 0.15277194 0.22523341 0.16173106 0.21745984 0.00129853
 0.32452757 0.43345148 0.30678684 0.24701291]","[0.12275972 0.15329803 0.00542496 0.33402172 0.37555912 0.2551659
 0.07060551 0.16844508 0.26019318 0.24626596]","[ 1.50961232e-01  4.07608635e-01  4.99781736e-01 -1.80044946e-04
  2.24360086e-01  1.75376059e-01  2.74953975e-01  2.00265768e-01
  2.76435614e-01  2.30294090e-01]"
7,0.5565918692459179,"[0.2298466  0.19695336 0.21229877 0.28147281 0.16493398 0.35609747
 0.27667968 0.41951593 0.39190557 0.28901084]","[0.31791911 0.28756679 0.01791724 0.2825675  0.22179    0.33002154
 0.20666293 0.26140696 0.29762879 0.1991438 ]","[0.04247821 0.40851381 0.45585037 0.03449259 0.30179009 0.15736836
 0.14251064 0.27483356 0.18772218 0.20752387]"
7,0.6840299773716907,"[0.22139364 0.18723974 0.33903532 0.3923581  0.13626074 0.12111579
 0.22636018 0.37842854 0.46502803 0.32882953]","[0.03263597 0.28757353 0.02847094 0.17743478 0.26392035 0.37176557
 0.35707111 0.20892339 0.40191031 0.17102774]","[ 0.20426173  0.41956352  0.31744963 -0.06336073  0.27878762  0.18333744
  0.09912257  0.41490833  0.20811447  0.35440146]"
7,0.5458593949448609,"[0.28023721 0.18586302 0.23211429 0.25283174 0.05156871 0.15153356
 0.06986758 0.43498466 0.49917044 0.26779228]","[0.02637203 0.33558038 0.0231701  0.28316504 0.20296567 0.31979873
 0.2668873  0.19980766 0.16902094 0.23547319]","[ 0.200205    0.43670908  0.34983303 -0.14010042  0.34564207  0.21790314
  0.39199759  0.43435972  0.23820488  0.22731429]"
8,0.5512600988373237,"[0.24874423 0.01189216 0.35497161 0.21811744 0.19472495 0.05228462
 0.42443259 0.34236713 0.47996912 0.177182  ]","[0.16926888 0.15635843 0.09987413 0.33463468 0.11038567 0.26998309
 0.42973204 0.11842692 0.4113688  0.1776767 ]","[0.05669202 0.49604544 0.30989223 0.02862194 0.05786715 0.2551315
 0.23980703 0.32474227 0.28824251 0.19773506]"
8,0.6011496701753836,"[0.35672967 0.27249304 0.27695859 0.24852316 0.1540599  0.12667951
 0.28007094 0.31979911 0.24741611 0.17315565]","[0.15112094 0.22846447 0.14129071 0.4908482  0.37756553 0.33460684
 0.23831956 0.10418762 0.17802584 0.26122173]","[0.11022893 0.2612824  0.2587667  0.06111592 0.30484724 0.30330214
 0.16186764 0.33081095 0.19525327 0.41428929]"
8,0.4133438390464847,"[0.33583782 0.25509951 0.34869185 0.36565656 0.16517546 0.35003582
 0.29415067 0.36749842 0.16101606 0.0595278 ]","[0.1956931  0.17475716 0.02222885 0.44477868 0.00355373 0.40430765
 0.25624814 0.17802488 0.32415759 0.34448502]","[ 0.19907196  0.41289786  0.45877885 -0.11286698  0.23779615  0.1974304
  0.23976518  0.28299936  0.10516747  0.43682411]"
8,0.42094175095590913,"[0.24851558 0.33421585 0.3338842  0.19590201 0.13333882 0.18474046
 0.41315412 0.3223392  0.16179882 0.16525405]","[0.18217912 0.08360766 0.0862347  0.22064034 0.24033825 0.26154484
 0.38146048 0.19556703 0.372969   0.33998535]","[ 0.31204236  0.37112105  0.46523714 -0.08535983  0.08476917  0.11175898
  0.17387417  0.37150002  0.27189039  0.33161721]"
8,1.352058468308212,"[0.30480233 0.05090478 0.44878668 0.29199555 0.00068952 0.16336717
 0.2697682  0.44886794 0.17704022 0.00117385]","[0.36069174 0.3175632  0.16163033 0.41187866 0.11946162 0.38463283
 0.28172603 0.16818193 0.44379089 0.25898985]","[ 0.01208139  0.42929163  0.21197366 -0.15656172  0.08158623  0.23144117
  0.17037664  0.32074873  0.25401778  0.48699269]"
8,0.5346567453007672,"[0.2389683  0.27036525 0.38667111 0.42202269 0.084923   0.19000769
 0.40604418 0.35001032 0.14228022 0.13018714]","[0.14691085 0.2153227  0.06198321 0.35820353 0.26902566 0.28368165
 0.33432486 0.19984073 0.31986134 0.33848913]","[-0.12088171  0.36693091  0.29559487  0.06894506  0.17800898  0.11543801
  0.15323619  0.37860768  0.18357081  0.28136513]"
8,0.82195480135673,"[0.25431445 0.03078297 0.29147268 0.19585595 0.03574922 0.1599548
 0.33962649 0.37299831 0.31064613 0.0229692 ]","[0.54376653 0.15839746 0.07359242 0.33195704 0.32470582 0.23688161
 0.25374138 0.19133252 0.32649365 0.27010485]","[ 0.0062941   0.26484587  0.25888046 -0.08693766  0.30937071  0.17210288
  0.09098757  0.41674802  0.13366209  0.34931173]"
8,1.0205151895432099,"[0.48643835 0.2751004  0.29827192 0.4628518  0.0113643  0.04684168
 0.34529997 0.42471317 0.23907508 0.10358448]","[0.08113551 0.00340617 0.0040919  0.36589233 0.22142507 0.25803129
 0.40727669 0.20437906 0.43101305 0.30420703]","[ 0.05669721  0.47118788  0.28628363 -0.04495035  0.09228939  0.19581181
  0.25484166  0.30361276  0.19641974  0.20214016]"
8,0.5193370371442837,"[3.48983254e-01 1.64966621e-01 3.54060097e-01 4.46993272e-01
 1.29481426e-04 1.62778551e-01 2.93756314e-01 4.48803181e-01
 2.82175398e-01 2.11293045e-01]","[0.36582162 0.28449799 0.00363007 0.42827897 0.34285815 0.24101794
 0.41627428 0.216959   0.50943781 0.39252088]","[0.23185172 0.49620379 0.26276243 0.00993738 0.20085527 0.28649399
 0.3623766  0.43015901 0.17269451 0.26494646]"
8,0.8241311386602204,"[0.29163427 0.19531772 0.23376163 0.29623    0.03679531 0.01900396
 0.23288659 0.47334753 0.30965602 0.17378393]","[0.10173313 0.19853726 0.04426459 0.38253503 0.19638287 0.52595393
 0.37627357 0.057432   0.23241193 0.37368215]","[0.08490104 0.48890789 0.2645728  0.12141954 0.26882065 0.08722962
 0.02899664 0.25841526 0.04637621 0.08862317]"
8,0.6107024985967647,"[0.29785447 0.11037263 0.20982592 0.3723649  0.01207174 0.09756493
 0.49219192 0.48582191 0.35694864 0.08246628]","[2.71079209e-01 2.49128035e-01 1.72412031e-04 2.59755091e-01
 1.07511461e-01 3.68625908e-01 2.26679752e-01 4.02834276e-02
 2.99028271e-01 3.04131250e-01]","[0.19915231 0.27883112 0.3087951  0.05211591 0.19783959 0.32182418
 0.10520248 0.43654621 0.11224355 0.22764415]"
8,0.6790511206095391,"[0.20436886 0.27572657 0.09565204 0.31162374 0.12560029 0.0273178
 0.318764   0.47736107 0.36654912 0.36925692]","[0.38103491 0.17986156 0.0944367  0.23662236 0.39642792 0.37457589
 0.30085655 0.2828022  0.41469295 0.16639587]","[ 0.14668814  0.37584002  0.18304179 -0.11223261  0.40326687  0.09794139
  0.33395322  0.3575239   0.19318266  0.23465963]"
8,0.6730375622012419,"[4.42539183e-01 1.26823992e-01 1.26474945e-01 3.37541905e-01
 3.65707795e-02 5.71850096e-05 1.80475304e-01 4.99009831e-01
 1.88188754e-01 1.64614270e-01]","[0.09751957 0.20402887 0.09927694 0.33256741 0.18961484 0.27920708
 0.23827054 0.04549442 0.4344654  0.16366087]","[ 0.14249664  0.18269615  0.33656106 -0.06585039  0.17874709  0.33812702
  0.28622528  0.31200222  0.19079243  0.25356748]"
8,0.8052316510778846,"[0.37222767 0.38117491 0.28513134 0.30030756 0.02858692 0.14857556
 0.38512999 0.36223805 0.12740604 0.06931288]","[0.14278392 0.1031237  0.0130141  0.40628464 0.35005408 0.33085632
 0.39791009 0.26366621 0.52674265 0.19176088]","[0.12813988 0.49581457 0.28952065 0.095745   0.12750198 0.10235633
 0.06328948 0.25742581 0.21599542 0.24780213]"
8,0.6966791984708356,"[0.48729001 0.35074425 0.41181842 0.30988911 0.10878469 0.25963306
 0.41656383 0.43697738 0.44555901 0.20748136]","[0.21376811 0.35513741 0.01793562 0.30174832 0.20460444 0.34859586
 0.38651227 0.16264911 0.53008921 0.31313833]","[0.06547083 0.43346548 0.25181945 0.12763737 0.08107133 0.21527541
 0.22916621 0.4674017  0.12394517 0.10450366]"
8,1.007428788417818,"[0.31090707 0.20426664 0.22832759 0.42697935 0.15504352 0.12099909
 0.32410205 0.29596001 0.38324268 0.28449628]","[0.27254271 0.04290392 0.00072157 0.35821569 0.18088807 0.25885514
 0.23068042 0.23748112 0.21492847 0.2965593 ]","[ 0.05223921  0.35419104  0.49658544 -0.04963856  0.17405495  0.17688947
  0.13013469  0.28443459  0.0270892   0.20163745]"
8,1.23872798937371,"[0.36951617 0.21010194 0.39547601 0.29688804 0.16998343 0.00772761
 0.44985425 0.40232519 0.4094545  0.25111493]","[0.18584188 0.20912274 0.00215783 0.4812285  0.10998    0.17306281
 0.37936942 0.06121543 0.42502035 0.3855522 ]","[ 0.15076613  0.45449417  0.30636087 -0.10381134  0.30051412  0.21106931
  0.12452855  0.21956535  0.04066183  0.11451314]"
8,0.7245727724556686,"[0.11231289 0.22158428 0.40252353 0.41098105 0.12540141 0.13005847
 0.49530114 0.35308262 0.14770165 0.34780974]","[0.22085028 0.09587875 0.01347868 0.37883516 0.18485682 0.30922556
 0.39276204 0.31804446 0.27804826 0.32713507]","[ 0.14785688  0.48025501  0.27390217 -0.02572833  0.24764881  0.13391623
  0.13797295  0.42566433  0.28023063  0.15937691]"
8,0.8302096128570182,"[0.33296046 0.21519067 0.38147475 0.48951475 0.02265819 0.32634686
 0.34840822 0.41618296 0.19862138 0.19003502]","[0.21186982 0.27021328 0.04324017 0.38007188 0.20300503 0.36707127
 0.39346249 0.16050372 0.32061002 0.30388011]","[ 0.19843418  0.44974293  0.40466565  0.00746044  0.37137207  0.23646253
 -0.00614923  0.22482548  0.17693382  0.34051159]"
8,0.7067118526797167,"[2.75568011e-01 3.39599493e-01 1.74244680e-01 3.51935167e-01
 8.13522174e-07 1.62385721e-01 2.90548117e-01 3.13901257e-01
 2.80097541e-01 5.07846004e-02]","[0.14342063 0.11592529 0.22183611 0.39123755 0.17643455 0.38901646
 0.24920275 0.00544369 0.36982869 0.18681471]","[ 0.12162136  0.46224656  0.41588222 -0.12200279  0.31756979  0.33311258
  0.2030623   0.28457651  0.14143237  0.30644671]"
9,0.371698805095541,"[0.28838319 0.29455201 0.49880945 0.23817991 0.11992182 0.0994227
 0.25124455 0.3577041  0.12862946 0.14104462]","[0.24903389 0.19391981 0.14070184 0.16523303 0.28901879 0.14300285
 0.33985132 0.25629294 0.54389119 0.20104457]","[ 0.0736209   0.42683952  0.33500756 -0.05901061  0.13068683  0.11381453
  0.09455978  0.26672803  0.04096729  0.36143823]"
9,0.5914903790111745,"[0.20496975 0.27008326 0.26370896 0.25487702 0.10928181 0.10654498
 0.26830068 0.45812538 0.3544536  0.00059819]","[0.24670257 0.27756335 0.00188091 0.43354952 0.43578659 0.34482652
 0.30554108 0.21052662 0.28102751 0.08120172]","[ 0.24164156  0.43804269  0.29689197 -0.1703749   0.13001143  0.1619212
  0.15749425  0.22281684  0.23268515  0.08362324]"
9,0.40679040699375024,"[0.40463919 0.0703273  0.41125067 0.38273612 0.11496493 0.02487383
 0.35964551 0.35129261 0.27434976 0.01500603]","[0.27558799 0.14113599 0.05926632 0.39308859 0.10745125 0.34200808
 0.35736861 0.24443039 0.40448711 0.34260578]","[ 0.19745098  0.33310812  0.32926012 -0.11206416  0.31613781  0.24322806
  0.15475039  0.31637523  0.30386421  0.22894167]"
9,0.5376150873815874,"[0.49778831 0.14377972 0.47778267 0.33341959 0.07526059 0.02108062
 0.4100135  0.49999453 0.14132801 0.20603051]","[0.17134916 0.32304217 0.00240024 0.50090054 0.10623498 0.33257445
 0.36870421 0.32389049 0.38958607 0.39455179]","[ 0.00207415  0.36987514  0.42618953 -0.11783082  0.0901153   0.20089961
  0.18215616  0.37545489  0.21360274  0.21009234]"
9,0.5464552303938885,"[0.35137944 0.27390281 0.34255959 0.41212511 0.1550914  0.11748214
 0.42086441 0.37847136 0.26015917 0.07600703]","[3.27035398e-01 1.03250010e-04 2.13816271e-01 3.80822311e-01
 1.17598175e-01 7.66162989e-02 4.55387290e-01 2.85142162e-02
 2.33075767e-01 2.90246120e-01]","[ 0.05271328  0.26783431  0.25900219 -0.05115694  0.1098248   0.14729456
  0.06692302  0.24387972  0.04651324  0.16321081]"
9,0.87985442379711,"[0.4221746  0.10728075 0.46117588 0.042561   0.01538292 0.08998515
 0.44705956 0.40633234 0.42273637 0.06700886]","[0.29410802 0.2077175  0.01173547 0.3209836  0.2746072  0.26552009
 0.2979857  0.04364378 0.4877954  0.44873863]","[-0.24655586  0.49928139  0.33586143 -0.08941228  0.18846487  0.23163503
  0.11679187  0.36430848  0.18134856  0.2767544 ]"
9,0.4208154652226932,"[0.27478584 0.23042515 0.40374669 0.39624701 0.00242919 0.10457789
 0.45551615 0.4032837  0.39467187 0.32779114]","[0.35682638 0.27669654 0.00047049 0.4254905  0.22990154 0.2547793
 0.30196368 0.27750707 0.38443875 0.12968948]","[ 0.19217025  0.36801759  0.32644743 -0.13632768  0.21650941  0.22504411
  0.33524321  0.36168514  0.1159816   0.38178997]"
9,0.8527666526551436,"[0.28212859 0.00079753 0.41748736 0.39274845 0.00509384 0.12663919
 0.37499088 0.43682702 0.33602197 0.13282562]","[0.08280809 0.05985417 0.12487634 0.38456202 0.27402171 0.34902069
 0.28373047 0.20041147 0.30991218 0.28161964]","[ 0.14349265  0.41346795  0.23226079 -0.19693809  0.07975142  0.09333343
  0.11838132  0.28696948  0.01289786  0.47019371]"
9,0.5990424093850182,"[0.31313734 0.28786016 0.43721564 0.32111298 0.03321418 0.20268709
 0.37441538 0.33216427 0.30964104 0.00755574]","[0.41183344 0.21296106 0.04547179 0.21793011 0.45534699 0.57728652
 0.32448906 0.28187662 0.55504612 0.12089453]","[ 0.24933165  0.3067825   0.29213365  0.02799247  0.20265418  0.10285097
  0.18769565  0.47340114 -0.01372339  0.22087202]"
9,1.0145164670357336,"[0.49976613 0.22624947 0.37843729 0.23403762 0.1290022  0.03567854
 0.20781279 0.30627797 0.18203924 0.00231989]","[0.10004932 0.12358103 0.11363598 0.49508955 0.13125968 0.23872949
 0.36132262 0.04969216 0.52071105 0.18571127]","[ 0.00255549  0.49344575  0.30528526 -0.10118345  0.08123535  0.14403883
  0.0079813   0.41143558  0.29090839  0.22402006]"
9,0.6478398106451857,"[0.22836122 0.16388873 0.15756914 0.4213981  0.00416609 0.10917778
 0.37389408 0.36723888 0.30397289 0.02178156]","[0.30366385 0.08997149 0.06514957 0.28954912 0.20829871 0.33801703
 0.45243124 0.00179162 0.26070051 0.34108062]","[-0.07227035  0.31374     0.34508128 -0.02824096  0.27823723  0.12713925
  0.10849507  0.19778885 -0.00859171  0.26544871]"
9,0.6015736476401045,"[0.13899662 0.24995942 0.250146   0.18410322 0.32859828 0.04269102
 0.2021008  0.41177691 0.31326641 0.0738634 ]","[0.51990218 0.34669187 0.00913202 0.24609075 0.20384917 0.20040411
 0.24570081 0.21058469 0.29005486 0.381723  ]","[ 0.03587436  0.49935519  0.21254078 -0.00804018  0.18028815  0.35370791
  0.14308937  0.03643082  0.20947803  0.28948751]"
9,0.6625522777733134,"[0.22349654 0.09516576 0.42724494 0.30528523 0.0547437  0.09779544
 0.34097296 0.47628775 0.20223585 0.22244471]","[0.25141064 0.24518566 0.04498106 0.40371568 0.13366972 0.22862778
 0.43330948 0.00572426 0.40355378 0.31909498]","[ 0.10570459  0.4608114   0.1989294  -0.06527184  0.1889499   0.19032834
  0.01511087  0.25168772  0.22951404  0.39523819]"
9,0.5697239581332139,"[0.28182707 0.03694511 0.49990466 0.46545722 0.0595096  0.0304988
 0.10971464 0.4889417  0.27581516 0.26574519]","[0.12360547 0.08525647 0.00616955 0.44108558 0.09026721 0.52737738
 0.43826155 0.24055467 0.58607097 0.28668503]","[ 0.10731134  0.43585034  0.32140699 -0.09204441  0.26595576  0.08759121
  0.14957024  0.34533695  0.11731957  0.30167844]"
9,0.9106848401190919,"[0.22984998 0.25162912 0.43404529 0.35376093 0.10383758 0.14044434
 0.21784571 0.49723891 0.48619878 0.08640647]","[0.29775734 0.29814648 0.14202314 0.39304608 0.04225264 0.3197458
 0.15005372 0.19039611 0.44614084 0.13871298]","[ 0.14288661  0.40367552  0.32591527 -0.15154533  0.12095425  0.23479741
  0.19490064  0.46940988  0.07889368  0.43805075]"
9,0.5552528575891398,"[0.32810526 0.28998235 0.39510417 0.4217392  0.02605394 0.04407471
 0.32987701 0.41972809 0.30522248 0.22995117]","[0.1426104  0.23663448 0.00341396 0.42881577 0.12954963 0.34491809
 0.25364799 0.11049211 0.24337019 0.36132816]","[ 0.17466059  0.32983897  0.27261015 -0.12127501  0.25455894  0.12571395
  0.23067437  0.16099449 -0.04015905  0.13520389]"
9,0.7218011157706045,"[0.31707983 0.19909764 0.31954829 0.33525636 0.00878082 0.06210526
 0.37280895 0.49625349 0.23453402 0.24806986]","[0.21662427 0.41176023 0.16613021 0.4096496  0.22663542 0.38872139
 0.11878975 0.29184381 0.43875918 0.40945969]","[ 0.09288142  0.46112089  0.44638738 -0.05017978  0.23173844  0.13555235
  0.34291519  0.38539354  0.02415142  0.20014601]"
9,0.4169711352474758,"[0.49324508 0.00705289 0.49454794 0.2551413  0.00109161 0.13200764
 0.28753398 0.37870441 0.28999725 0.25976129]","[0.31011546 0.17635446 0.02464141 0.26563396 0.3306192  0.20151887
 0.27322525 0.2118302  0.51014137 0.24536465]","[-0.06049711  0.48985589  0.45422574 -0.0025259   0.11980919  0.10533176
  0.23624121  0.2701669   0.10081792  0.15394801]"
9,0.9741716242305094,"[0.21033896 0.04645624 0.33460362 0.14240005 0.00111046 0.14533779
 0.33500332 0.44443049 0.49045463 0.05574913]","[0.4725253  0.22607986 0.08486256 0.45873802 0.21345954 0.3712309
 0.39772921 0.19458201 0.46108189 0.36468158]","[ 0.05807631  0.48768555  0.3120264  -0.16816592  0.26650924  0.1160659
  0.05247926  0.19930805 -0.0062875   0.31191898]"
9,0.629742114288434,"[0.35541199 0.16877487 0.30456642 0.36938121 0.07985949 0.24867077
 0.39839356 0.47453867 0.12276501 0.00532924]","[0.15141356 0.20463816 0.00203995 0.27837436 0.38282002 0.13441308
 0.63631598 0.2006993  0.34246085 0.35609141]","[0.09741582 0.45461969 0.29693486 0.09576743 0.28491648 0.20077157
 0.17174046 0.29375364 0.1671514  0.48943561]"
10,0.8262339036297586,"[0.31162743 0.19581536 0.32122353 0.20068722 0.07895504 0.20221892
 0.2391581  0.44667588 0.19579043 0.15800434]","[0.29972873 0.22339099 0.09264879 0.45490883 0.3908748  0.32442349
 0.41825801 0.09767869 0.28934337 0.35446242]","[ 0.08796963  0.4289796   0.22084667 -0.11707048  0.27150453  0.14827035
  0.04314496  0.43758508  0.05360739  0.40117644]"
10,0.31823707293133485,"[0.47499303 0.03008916 0.39505037 0.25360113 0.02043245 0.0087784
 0.25667172 0.32121263 0.28885682 0.13259827]","[0.12310354 0.22844458 0.08508224 0.40624719 0.19852701 0.10512777
 0.48323956 0.00539847 0.30607169 0.30523353]","[ 0.08404758  0.48955388  0.34187715 -0.09324178  0.16973156  0.04771596
  0.03431583  0.48121241  0.24249626  0.4285008 ]"
10,0.4496339623379858,"[0.12692137 0.25776145 0.40784871 0.27653715 0.17446502 0.02579081
 0.1776648  0.36213051 0.36949057 0.03377316]","[0.33131893 0.25837872 0.0206143  0.40109971 0.2127546  0.37154838
 0.49248247 0.01676035 0.51558682 0.53616285]","[-0.13145323  0.4977168   0.33876438 -0.30510105  0.17885937  0.25121093
  0.05973818  0.46950921  0.2618541   0.45782273]"
10,0.3313248918124827,"[0.35166156 0.32004138 0.34092644 0.06843628 0.25231033 0.00975474
 0.38468765 0.31400549 0.44049644 0.08365923]","[0.48008786 0.09906496 0.01741304 0.45529886 0.11157441 0.18409337
 0.39982848 0.18264892 0.38868251 0.42501153]","[ 0.11559049  0.49981482  0.24194326 -0.00975438  0.29241545  0.2806663
  0.22053416  0.2636482   0.08581521  0.31528456]"
10,0.6002062631779987,"[4.13624398e-01 3.50294615e-01 4.99174280e-01 1.87309580e-01
 1.26784941e-04 1.12937085e-03 1.26690997e-01 4.92523735e-01
 3.32308635e-01 3.39452958e-02]","[0.266273   0.25425376 0.03343082 0.45720884 0.11009141 0.31554553
 0.51888315 0.12854077 0.57990918 0.31846979]","[ 0.29637484  0.49954238  0.18226867 -0.11874075  0.24177197  0.19933305
  0.14814892  0.48219078  0.17287819  0.29584993]"
10,0.7386019703293061,"[0.43301163 0.04461902 0.39456037 0.2598613  0.09575599 0.2295975
 0.27535584 0.42664485 0.31320291 0.15793011]","[0.46248969 0.13927899 0.08263941 0.64060083 0.19421271 0.29943701
 0.34344601 0.21951274 0.51656352 0.19523419]","[-0.19144931  0.48083949  0.34599029  0.01930533  0.28967801  0.19064009
  0.22863536  0.45714181  0.33811317  0.27418437]"
10,0.6620114380589902,"[0.19025267 0.28998875 0.41788862 0.22284158 0.09726535 0.0090845
 0.24963455 0.45133926 0.40842587 0.02674224]","[0.19295488 0.3005232  0.00102143 0.4471561  0.34319329 0.20227895
 0.34091485 0.25673547 0.47127872 0.17557787]","[-0.05206588  0.49369573  0.38206518 -0.01775065  0.19758159  0.14926732
 -0.03540733  0.33574038  0.10379333  0.2562423 ]"
10,0.7626731459128244,"[0.25132026 0.16601665 0.34483654 0.37342469 0.03161063 0.11315211
 0.26805417 0.48735731 0.36147553 0.078537  ]","[0.16672065 0.19354112 0.29307365 0.4462565  0.06072875 0.15500734
 0.22274683 0.0293914  0.37014206 0.21713533]","[ 0.13797541  0.45781629  0.47911978 -0.08327638  0.17438852  0.030588
  0.0391629   0.34959006  0.14146012  0.31849844]"
10,0.9098576566478853,"[0.46178226 0.07787153 0.29714754 0.25187547 0.1233289  0.04775835
 0.14971242 0.49134341 0.47919568 0.00049879]","[0.15984988 0.17077187 0.07250682 0.34909271 0.13862082 0.22642766
 0.17076199 0.0156034  0.64631217 0.33443463]","[-0.09205251  0.44071184  0.26594266 -0.21962959  0.23695592  0.2249677
  0.26853284  0.38545305  0.2206498   0.18018126]"
10,0.42399663937400667,"[0.23623739 0.02694447 0.27678086 0.35194118 0.00602797 0.11628184
 0.21187263 0.37301822 0.43556821 0.08015615]","[0.2393561  0.28600225 0.09597917 0.47160096 0.19181364 0.44679041
 0.30365607 0.13397955 0.37177383 0.33149987]","[ 0.08266763  0.49819032  0.19845416 -0.20253926  0.18255185  0.22999759
  0.2172865   0.01487228  0.26904182  0.18605642]"
10,0.40250906074984977,"[0.4074544  0.0811728  0.40300154 0.24657666 0.00503825 0.22276358
 0.02091302 0.39367259 0.4707975  0.24401136]","[0.11893546 0.13505977 0.11838831 0.3600898  0.21019323 0.13034398
 0.20457755 0.06286531 0.42351894 0.18080783]","[-0.0364044   0.46938932  0.46448946 -0.1025207   0.10334464  0.21192333
  0.03146757  0.29185604  0.10907387  0.35439069]"
10,0.40226210707848886,"[0.38711019 0.11566471 0.37128737 0.37485584 0.08875768 0.2002021
 0.20635    0.20507188 0.40934002 0.08680019]","[0.29992429 0.23753789 0.08083239 0.45197943 0.31553083 0.32408241
 0.34137701 0.15979258 0.58612344 0.1045129 ]","[ 0.07850013  0.41646097  0.37633734 -0.15956416  0.13073127  0.15553177
 -0.01295134  0.47006006  0.0143992   0.39229908]"
10,0.6824794306166712,"[0.37089302 0.27925143 0.33734256 0.19416656 0.00197933 0.03480311
 0.43323601 0.19294445 0.40511534 0.23237032]","[0.36646506 0.12183787 0.00316023 0.45600319 0.09629715 0.29514453
 0.20410579 0.13992098 0.37183739 0.17941719]","[ 0.21555301  0.4098127   0.43796527 -0.11970779  0.29225029  0.12095407
  0.05513733  0.29260007  0.24581352  0.23985113]"
10,0.5638795981616357,"[4.93456994e-01 1.97822507e-05 3.09489054e-01 1.44875162e-01
 3.94676125e-02 4.67893869e-02 2.72197350e-01 4.53432508e-01
 4.45447084e-01 3.70342658e-03]","[0.38010123 0.14438168 0.1834934  0.44095444 0.05969798 0.48870973
 0.33949782 0.14728525 0.68799038 0.43176453]","[-0.01574499  0.39508313  0.45660459 -0.15390399  0.14930949  0.18911502
  0.21589914  0.49989026  0.20705355  0.32763059]"
10,0.37232888234286665,"[0.46171041 0.13153855 0.4661061  0.16932376 0.13043164 0.39322923
 0.37818892 0.4560349  0.34433583 0.05452296]","[0.19318782 0.19292779 0.22419008 0.35423345 0.20387303 0.20179414
 0.24708205 0.25821615 0.35504584 0.25696652]","[-0.00490874  0.40641045  0.2443434  -0.21857297 -0.01969107 -0.07332202
  0.13998236  0.49867593  0.21830824  0.29506597]"
10,1.2281803438538095,"[4.48490636e-01 2.16908916e-01 4.84967035e-01 1.53624524e-01
 2.78747684e-02 1.21984717e-04 4.07090034e-01 3.25687642e-01
 2.12777465e-01 7.35060720e-02]","[0.27226219 0.03607981 0.00048669 0.48656511 0.19455274 0.06529669
 0.42358581 0.12403953 0.29442657 0.42490189]","[-0.0438875   0.4974456   0.23123339 -0.08862226  0.13862941  0.14856507
  0.1341864   0.43856774  0.13590941  0.16092523]"
10,0.8363405700350708,"[0.45486304 0.35177846 0.40712233 0.1979213  0.17819369 0.30834053
 0.3050178  0.47825997 0.47985938 0.03887648]","[0.26991226 0.12300893 0.12399292 0.5027109  0.07249624 0.23982459
 0.36529106 0.00780105 0.56225461 0.33989379]","[-0.14692017  0.48791499  0.32237393 -0.15258115  0.10409015  0.1661994
  0.02758443  0.30157238  0.08046236  0.39284734]"
10,0.6449446785779611,"[0.45009506 0.13124174 0.47599936 0.1242465  0.01516251 0.16506972
 0.25589593 0.49878728 0.3497643  0.11573552]","[0.26962031 0.33969256 0.20183259 0.48276347 0.2045521  0.19331475
 0.35758462 0.10098748 0.34341516 0.16692493]","[-0.19570394  0.49289496  0.23065759 -0.0982047   0.15254262  0.13834977
  0.00395746  0.21111919  0.08140364  0.10224967]"
10,0.6923900999349568,"[3.82483058e-01 2.56497135e-01 1.95274072e-01 2.05150019e-01
 2.64194372e-02 2.04504540e-01 1.19803285e-01 3.22375608e-01
 4.58756739e-01 1.20730606e-04]","[0.23944619 0.2401243  0.15596692 0.51285209 0.18840086 0.09438597
 0.23909464 0.12027372 0.51418344 0.30617594]","[-0.03285664  0.49206707  0.29374288  0.01807611 -0.00896701  0.10575274
  0.39611524  0.31102758  0.18434649  0.20371106]"
10,0.7685039379287002,"[0.2707345  0.16893126 0.19036356 0.12667344 0.00687786 0.09808034
 0.40999981 0.46840833 0.44090406 0.06528359]","[0.09237594 0.42925148 0.00228271 0.15111552 0.16079101 0.35349253
 0.32924597 0.24470512 0.40509998 0.21982797]","[ 0.00925112  0.4124045   0.32522442 -0.13672183  0.35383746  0.27214398
  0.31059832  0.42052518  0.21376084  0.18307072]"
11,0.9463242186564574,"[0.45898194 0.01240101 0.31305066 0.3189578  0.00217646 0.08316019
 0.37072614 0.2896134  0.48665706 0.1159579 ]","[4.88032510e-01 3.07499875e-01 2.92325396e-02 4.90479647e-01
 2.39804499e-01 2.07371158e-01 2.98700687e-01 1.57899307e-04
 4.57863480e-01 1.54187888e-01]","[-0.01148171  0.47895513  0.28487044 -0.21310009  0.02537742  0.21714324
  0.1463449   0.46117868  0.14774748  0.41245115]"
11,0.6518460338895247,"[0.36447604 0.27079912 0.37665743 0.29818528 0.20467909 0.0557334
 0.0303092  0.49403888 0.39912835 0.04601599]","[0.28993019 0.28273041 0.00349282 0.2855565  0.12938644 0.35693871
 0.2401693  0.27328918 0.48591186 0.40381848]","[-0.01838439  0.46161413  0.33569452 -0.07540491  0.23090535  0.04385741
  0.39018487  0.37886794 -0.03015387  0.44513689]"
11,1.3324435431712591,"[0.43516284 0.3971462  0.29535047 0.20100269 0.10301138 0.21365862
 0.17290498 0.49703093 0.15263138 0.11709492]","[0.08638505 0.21982867 0.34588952 0.49305049 0.06818562 0.27783628
 0.17237722 0.20461624 0.25634107 0.25184432]","[-0.10813642  0.43225848  0.24140903 -0.06034819  0.3451022   0.18529075
  0.11965476  0.40871752  0.28444304  0.17988808]"
11,0.6680906790056562,"[0.32651951 0.02867489 0.43043145 0.02171651 0.11202084 0.14333909
 0.38773682 0.23658498 0.24315196 0.08165517]","[0.23021375 0.15549354 0.16943014 0.37337006 0.3392965  0.0840738
 0.50541588 0.1159664  0.3416674  0.27115232]","[ 0.08043428  0.47256407  0.17484201 -0.10675005  0.26008725  0.11604491
  0.18999514  0.39777119  0.22097588  0.35114798]"
11,0.8498339166165378,"[3.41910268e-01 6.12931697e-02 4.35055237e-01 1.95982304e-02
 1.19556593e-01 1.63207483e-01 1.97150669e-01 4.97046527e-01
 4.35664956e-01 2.92694105e-04]","[0.16446397 0.0102335  0.01008832 0.32188448 0.18313658 0.26906621
 0.39535248 0.09149    0.28447176 0.43810515]","[-0.05998078  0.295029    0.23364382 -0.2655023   0.2423788   0.05333943
  0.09639665  0.46661051 -0.01472724  0.28798961]"
11,0.6959618765045805,"[4.18722459e-01 6.08659813e-02 2.16064965e-01 1.22733268e-01
 1.19604958e-01 1.34653041e-01 3.69244236e-01 4.94936250e-01
 2.70679612e-01 4.06181354e-04]","[0.282342   0.21170909 0.09996151 0.39128982 0.09558096 0.18221674
 0.46708432 0.08724045 0.50352759 0.39891602]","[-0.0438095   0.48773341  0.32433118 -0.20587891 -0.01713149  0.29319092
  0.13252269  0.41599754  0.20923753  0.19533472]"
11,0.7380815611871275,"[0.3519144  0.19639795 0.36714267 0.08518445 0.02688289 0.23394127
 0.26576502 0.46451203 0.28040218 0.18007024]","[6.61273320e-02 6.50558021e-02 1.00517056e-05 3.37660139e-01
 2.87853693e-01 2.76146762e-01 4.08290598e-01 4.53696682e-02
 3.51669543e-01 1.80696290e-01]","[ 0.14415987  0.4328684   0.21995698  0.14662007  0.21981902 -0.02113082
  0.22209971  0.31746302  0.09071053  0.17451853]"
11,1.2308375059330825,"[0.19740574 0.15360097 0.35621515 0.16185487 0.10000041 0.27788049
 0.1946696  0.49986491 0.47896781 0.07152708]","[0.3285038  0.30501831 0.06736043 0.47852502 0.24502914 0.34030949
 0.29181469 0.05798391 0.43768224 0.22976723]","[-0.09837845  0.49763915  0.43275865 -0.01190737  0.25658314  0.16033905
  0.09052617  0.49844889  0.26124693  0.23431432]"
11,1.1922599665537965,"[2.38355971e-01 2.73203422e-01 4.61172937e-01 3.06942668e-01
 2.22238021e-01 2.38967097e-01 3.82432008e-01 2.80361647e-01
 3.42912288e-01 3.81059847e-06]","[0.30729355 0.02355927 0.04700194 0.45660574 0.15636515 0.14202293
 0.2525888  0.12602852 0.36100335 0.25431756]","[ 0.21474716  0.33197521  0.37491961 -0.08323253  0.15393091  0.14993596
  0.03599566  0.32058537  0.04160677  0.16096953]"
11,0.5129210646686404,"[4.29739824e-01 2.18520761e-01 4.95420785e-01 2.00294288e-01
 1.23032129e-01 1.18889230e-05 2.13458178e-01 4.96082062e-01
 3.64224859e-01 1.88943519e-02]","[0.09144487 0.28907924 0.01363761 0.40321329 0.14025008 0.25560813
 0.30808227 0.01728174 0.28996822 0.41243658]","[-0.02125427  0.39374241  0.22019243 -0.28199569  0.26451295  0.38080204
  0.18230956  0.35540167  0.22040772  0.3676868 ]"
11,0.5582013123557436,"[0.23283724 0.28983696 0.33596738 0.25196989 0.0018961  0.0932384
 0.35407829 0.39167046 0.49967271 0.03628552]","[0.31886946 0.23575273 0.0209315  0.64264111 0.18292273 0.30572319
 0.31555898 0.18888672 0.51624853 0.34096581]","[-0.06503113  0.43247491  0.38336312 -0.07894175  0.27660457  0.19622068
  0.30201566  0.43393335  0.15669504  0.14420793]"
11,0.4551993970848168,"[4.19850083e-01 1.33210360e-01 4.99914268e-01 2.43614290e-01
 4.78624252e-02 2.83498300e-04 3.88628894e-01 3.82371424e-01
 3.62017811e-01 1.57821069e-02]","[0.23009757 0.24635631 0.13413916 0.35447563 0.2688508  0.12809958
 0.19739609 0.01075947 0.54366332 0.35351702]","[-0.27231204  0.42342382  0.17107595 -0.18385697  0.05018984  0.37951406
  0.15145092  0.40807707 -0.02260977  0.09837911]"
11,0.4976337056416899,"[0.45901475 0.08805638 0.4979896  0.18173225 0.25772216 0.00294957
 0.24558468 0.48059492 0.26980063 0.10634286]","[0.26623826 0.14935646 0.01071183 0.5677332  0.29653153 0.30812264
 0.47695812 0.00909806 0.57571223 0.45468565]","[ 0.14362025  0.41721971  0.38993033 -0.16297139  0.29970258  0.2606352
  0.07735613  0.45674696  0.17543037  0.32747473]"
11,0.7410725317904737,"[0.38452813 0.2391691  0.47744673 0.00112877 0.03292948 0.19726998
 0.19604073 0.35856099 0.3281468  0.00568993]","[0.09677697 0.1864919  0.12836426 0.43445369 0.10204684 0.17543894
 0.07801866 0.03798851 0.43509298 0.33652901]","[0.06497803 0.42920846 0.11917315 0.11676881 0.17494904 0.1042541
 0.16424533 0.4744733  0.05065933 0.13503322]"
11,0.6664014246364407,"[0.31229488 0.1826077  0.27274561 0.04670049 0.02531838 0.0004796
 0.15086251 0.41030901 0.44498639 0.0052854 ]","[4.37909624e-01 3.65791890e-01 2.19004743e-04 4.05262076e-01
 3.69283937e-01 3.48194723e-01 3.89820045e-01 1.93587415e-01
 4.60173765e-01 2.14213035e-01]","[-0.11853986  0.48383606  0.35619636 -0.13807646  0.33625176  0.22020828
  0.00922806  0.45819793 -0.00154355  0.21815189]"
11,0.6094422422270337,"[0.38149637 0.20923828 0.40292351 0.16162189 0.01168583 0.00257531
 0.18897652 0.4999922  0.21579427 0.03633703]","[0.2524448  0.03990981 0.15042834 0.39422125 0.11559933 0.02544391
 0.35267896 0.12922593 0.28873445 0.33858624]","[-2.32070530e-02  4.99871831e-01  1.73460033e-01  2.72395165e-02
  5.03537769e-02  1.65251658e-01  2.76885531e-01  3.12597929e-01
  5.93744302e-02 -2.55291560e-04]"
11,0.7174749366896818,"[0.27636099 0.32214424 0.25538479 0.34980409 0.17790282 0.28797966
 0.20464702 0.45878638 0.06831606 0.08706643]","[0.17673012 0.19544599 0.22093468 0.37744084 0.15906124 0.33658971
 0.310181   0.28665821 0.52791692 0.23931385]","[-0.01633661  0.47670686  0.12240037 -0.02457044  0.176398    0.13398731
  0.18327741  0.33171929  0.03981643  0.03564704]"
11,0.5334738066737518,"[0.22510126 0.17946756 0.15983166 0.18446661 0.25975198 0.19821924
 0.21630254 0.49369299 0.26092829 0.13830293]","[0.38334694 0.32788379 0.0065175  0.40768191 0.1325901  0.08632343
 0.30163116 0.25915846 0.64235182 0.29373886]","[-0.09189349  0.48076556  0.237636   -0.16914883  0.10526537  0.10817125
  0.02219655  0.39966147  0.15362809  0.27474156]"
11,0.5850021716454991,"[0.44285479 0.3634536  0.4986421  0.20997553 0.14717844 0.11459745
 0.36366194 0.49941248 0.41235101 0.12257012]","[6.44754150e-02 1.58107374e-01 7.61295304e-02 3.48209776e-01
 9.48950770e-03 2.69874881e-01 2.76669277e-01 9.45911943e-05
 3.19661399e-01 1.44287156e-01]","[-0.0045795   0.49519637  0.34914676 -0.1245016   0.10316682  0.04030615
  0.13617752  0.38852139  0.19489984  0.25514903]"
11,1.4407415997323425,"[0.47990192 0.30031949 0.42910552 0.11988031 0.01683432 0.08685715
 0.45855335 0.49942373 0.28413466 0.01809971]","[0.0756243  0.12409248 0.1012618  0.48580899 0.10394639 0.15214997
 0.16143908 0.07152758 0.55938462 0.2088511 ]","[-0.13034444  0.49331922  0.12966708 -0.33887008  0.33377131  0.33583785
  0.11622826  0.4828518   0.07103054  0.20265357]"
12,0.9469865841431436,"[0.43097458 0.25099596 0.49512527 0.14844956 0.01340093 0.39403624
 0.06795438 0.42432195 0.29871987 0.27409158]","[0.32771912 0.14710057 0.19166406 0.3583144  0.18088131 0.21298467
 0.1836259  0.08714557 0.35472813 0.19866721]","[ 0.25226238  0.40187932  0.26059823 -0.08621778  0.30426355  0.3669772
  0.19897915  0.38480905  0.0664266   0.22134214]"
12,1.1772959782839578,"[0.36574024 0.32076881 0.41809197 0.24775802 0.0440346  0.06045166
 0.15369339 0.49680522 0.30217586 0.11852231]","[0.11364854 0.07959467 0.16514571 0.36536221 0.21473672 0.23297295
 0.39761908 0.02223039 0.34199268 0.29265305]","[ 0.03962108  0.49045884  0.26245836 -0.04119658  0.40251294  0.21500807
  0.14629182  0.25105028  0.03060454  0.14158401]"
12,0.964875128216194,"[0.27524736 0.22761027 0.24513331 0.02458262 0.00123073 0.31638357
 0.47756397 0.44270927 0.43240848 0.17136705]","[0.15197185 0.25003176 0.16232527 0.32421979 0.1199566  0.2378475
 0.28534026 0.11934474 0.54521183 0.56025307]","[-0.01749281  0.49848889  0.26471417 -0.00568238  0.29276401  0.21767671
 -0.06936128  0.49627526 -0.02297564  0.09752934]"
12,0.9160481276534871,"[0.47453577 0.2616954  0.4644831  0.38436807 0.04979867 0.20194301
 0.43686911 0.22741569 0.49895518 0.08464035]","[0.13523014 0.0176444  0.0030732  0.32355647 0.10540944 0.06376442
 0.41057819 0.10568185 0.46729048 0.03759767]","[-0.09361515  0.4500667   0.0702386  -0.00398751  0.27709575  0.20525049
  0.22553454  0.4990521   0.20387452  0.02679785]"
12,0.8157320143427894,"[0.40642788 0.04187589 0.30225234 0.05364172 0.11186073 0.25606217
 0.22881656 0.49964879 0.13473935 0.12164543]","[0.25603807 0.17360041 0.3344392  0.52336263 0.13313779 0.37096503
 0.29512561 0.09451846 0.31483545 0.28816156]","[-0.12636781  0.49977719  0.27938021 -0.0221433   0.17329357  0.35033286
  0.12018679  0.49996634  0.19255897  0.40130107]"
12,0.5070250232814465,"[0.28563532 0.38509442 0.49568334 0.22233773 0.00130476 0.21103031
 0.12700706 0.39372213 0.3890354  0.05716896]","[0.22066621 0.32301397 0.004791   0.35516734 0.28239392 0.10135348
 0.20331397 0.31044765 0.35766275 0.15677324]","[ 0.03668091  0.41793378  0.26767083 -0.11438422  0.43194089  0.27608849
  0.08492333  0.47123528  0.31035254  0.10303222]"
12,0.6797394179436945,"[0.42132209 0.30214356 0.43628119 0.04266057 0.02280101 0.19433393
 0.44738419 0.4839191  0.15169824 0.00405772]","[0.28635281 0.20434399 0.19562311 0.47586166 0.1612974  0.18599224
 0.36663571 0.19527533 0.75832641 0.31692669]","[ 0.00953076  0.49454382  0.11377988 -0.09370346  0.33057707  0.08740535
  0.05548116  0.48664879  0.23945389  0.31537414]"
12,0.8479295812182871,"[0.31108289 0.40744073 0.48657711 0.13516508 0.01010953 0.05295981
 0.22483652 0.23282221 0.00777456 0.03098387]","[0.23971899 0.08538304 0.20231028 0.23201542 0.16127863 0.33350084
 0.12718459 0.02033578 0.2899699  0.14787572]","[ 0.02139952  0.41127959  0.28192335 -0.24889936  0.14277886  0.19064302
  0.31625965  0.49770882  0.22540976  0.1941375 ]"
12,2.033504026747552,"[0.41894029 0.11904953 0.44995587 0.24084351 0.01679828 0.41819617
 0.26571194 0.47665182 0.10266648 0.0071042 ]","[0.24857825 0.28058656 0.24753898 0.66478338 0.26515361 0.00188355
 0.21587008 0.27067746 0.4698023  0.24572674]","[ 0.07440268  0.49774315  0.35313182 -0.2621099   0.13866588  0.01975565
  0.17698145  0.46915037 -0.0301083   0.41872209]"
12,1.0241094274286635,"[0.33749735 0.24550173 0.47677513 0.00380794 0.00142592 0.13053835
 0.24844984 0.45947211 0.260005   0.16245174]","[0.26890599 0.02273267 0.10870115 0.38559135 0.12157743 0.05873015
 0.19361722 0.12833384 0.29350136 0.21171839]","[ 0.02870497  0.37463093  0.16714347 -0.22269945  0.25302304  0.11878687
  0.10320677  0.29215947  0.14624405  0.19296719]"
12,0.7057557890358,"[0.30473578 0.3484752  0.39868058 0.19643765 0.01012951 0.09066036
 0.34310809 0.4665567  0.44101813 0.00755425]","[0.01386386 0.20562052 0.06970469 0.41700599 0.08052957 0.2938045
 0.17233841 0.20856652 0.40881322 0.18367397]","[ 0.04288605  0.44215462  0.25610129 -0.1103483   0.31934583  0.00514339
  0.10943823  0.4122672   0.22887634  0.11196997]"
12,0.6851654113812045,"[0.43219175 0.27872525 0.28368083 0.31681783 0.01495732 0.1951093
 0.05372753 0.41194676 0.29921038 0.06700435]","[0.07431877 0.13015784 0.17022745 0.51448143 0.12261925 0.36870821
 0.40631844 0.24294014 0.3979801  0.2203793 ]","[-0.12619642  0.49483448  0.2086761  -0.15426552  0.28119503  0.19485462
  0.13694728  0.49852945  0.28573637  0.21431969]"
12,0.7061972294685385,"[0.33825165 0.00853299 0.35726499 0.01516735 0.00058326 0.00128827
 0.49473899 0.49161432 0.4924497  0.01806947]","[3.84019308e-01 7.41619279e-02 3.12048279e-05 5.59868145e-01
 1.47255580e-02 2.34428112e-01 4.82337159e-01 1.78321457e-01
 3.66359656e-01 1.67406724e-01]","[ 0.00290229  0.43948477 -0.05136209 -0.25658502  0.28933574  0.21408898
  0.28580179  0.25974086 -0.07053327  0.1565016 ]"
12,0.6840008288842326,"[0.24602432 0.10257644 0.17898951 0.2170599  0.00544471 0.42211927
 0.26538982 0.27506839 0.40630357 0.00720858]","[0.12867926 0.26149356 0.26882709 0.54536134 0.18053087 0.35040881
 0.16685958 0.02478086 0.43359504 0.22135101]","[ 0.11061753  0.31298874  0.41125604 -0.01966953  0.2680457   0.07339562
  0.01601915  0.40931061  0.10162943  0.10261719]"
12,0.5780350613530045,"[0.46552237 0.29431473 0.4862528  0.26750953 0.0760008  0.24691583
 0.20204416 0.44877632 0.18553048 0.0042267 ]","[4.15016225e-02 7.43632858e-02 7.42528282e-02 3.30782876e-01
 4.57127725e-02 8.00513004e-02 1.84546566e-01 2.88168155e-08
 4.80010888e-01 2.42140751e-02]","[ 0.13283373  0.48093059  0.15878378 -0.21733442  0.28334028 -0.0593854
  0.20910524  0.18917606 -0.0086125   0.28409326]"
12,1.0886749022197182,"[0.39096946 0.2390484  0.49247173 0.0867451  0.08279529 0.13743322
 0.20563007 0.45670153 0.32353286 0.02041547]","[0.12432662 0.33071061 0.24060931 0.59965341 0.3557581  0.32387155
 0.23330406 0.00408816 0.42901869 0.17838472]","[-0.08576195  0.37643359  0.27342453 -0.1315747  -0.00309555  0.19585372
  0.10750121  0.46446461  0.15619606  0.17239713]"
12,0.9696791179711733,"[0.16921775 0.3483561  0.38103006 0.26688515 0.00755647 0.34686243
 0.29584232 0.40799388 0.28916916 0.09979613]","[0.17123746 0.12772811 0.21263738 0.46930657 0.1335111  0.32879822
 0.09908537 0.07359841 0.39303643 0.23867683]","[ 0.13495333  0.45338835  0.21040366 -0.29408741  0.3976894   0.27576816
  0.14306641  0.44161678  0.04822239  0.09659514]"
12,0.7543370344741062,"[0.41253392 0.36754199 0.49491564 0.04760811 0.07321349 0.28150647
 0.27287481 0.46727406 0.25237292 0.02840077]","[0.27052186 0.07433998 0.05958204 0.43380135 0.1659583  0.00928041
 0.41103877 0.06187724 0.56716993 0.30735231]","[-0.13094831  0.43794342  0.27115646 -0.1438275   0.11322732  0.07490597
  0.13273789  0.32794195  0.43407771 -0.01495793]"
12,0.6409001103414604,"[0.46484709 0.32633187 0.41089461 0.20631006 0.00488548 0.24626774
 0.34265423 0.47054405 0.27906239 0.06527212]","[0.09162307 0.01870868 0.10319733 0.47043314 0.02184662 0.35989149
 0.02872385 0.10791891 0.48640306 0.24273446]","[-0.13602282  0.49489122  0.16232677 -0.18597266  0.03979826  0.23493086
 -0.14584797  0.30839629  0.23529019  0.33496605]"
12,1.4465337662132047,"[0.22609018 0.46478515 0.47924372 0.10960054 0.11827039 0.06918315
 0.34130527 0.49952934 0.45202805 0.00134568]","[0.10685238 0.0770555  0.27044767 0.37323292 0.1128243  0.12453501
 0.28119062 0.17146245 0.41134989 0.43119943]","[-0.06593126  0.49683455  0.07015361 -0.16859874  0.26222054  0.1148705
  0.15532103  0.47908347  0.19337664  0.05000999]"
13,0.8021486030412923,"[0.31543066 0.1375508  0.37371153 0.1343364  0.00183665 0.25608393
 0.23754881 0.49772923 0.29663239 0.01450593]","[0.28892564 0.10725198 0.16991737 0.53940252 0.2867956  0.21124928
 0.16907325 0.21086103 0.48382586 0.23206794]","[ 0.09194222  0.48746418  0.08815562 -0.31748808  0.31928399  0.03468548
  0.26845464  0.41345519  0.30173737 -0.02726807]"
13,1.4740016619984253,"[0.498147   0.22891166 0.42437788 0.32369637 0.06946026 0.17339753
 0.30244097 0.45544964 0.31217525 0.0261468 ]","[0.04020202 0.19935416 0.11930751 0.45287633 0.31252925 0.14437423
 0.25677598 0.2457624  0.29418012 0.27072857]","[ 0.25836184  0.49999831  0.20267764 -0.11747852  0.11649127  0.30112045
  0.32572586  0.30944668  0.094852    0.27937567]"
13,0.9536098321874287,"[0.1676523  0.25444042 0.23846791 0.21856096 0.04650823 0.14349666
 0.29078636 0.40794568 0.14820699 0.06937592]","[0.18156274 0.12488535 0.27318663 0.34538406 0.01804803 0.0518515
 0.17981155 0.17770309 0.30414615 0.15111327]","[ 0.12745509  0.49990807  0.16034931 -0.1654271   0.02871681  0.19609473
 -0.02235427  0.3635252   0.00085557  0.27899466]"
13,0.9512357942177059,"[0.29316526 0.17179181 0.34289329 0.03251013 0.00061947 0.48885856
 0.09606812 0.3528924  0.08720252 0.00422425]","[0.18610492 0.29883495 0.2746671  0.50518551 0.30635723 0.04990724
 0.27622537 0.22241594 0.49546128 0.12914937]","[ 0.02340519  0.39632328  0.16354336 -0.20730669  0.31814328  0.31362758
 -0.17691957  0.30758813  0.04025654  0.2242755 ]"
13,1.4960678204860574,"[0.36325819 0.39539333 0.45941491 0.36952569 0.00217731 0.34265433
 0.29456134 0.47244001 0.25148797 0.03711398]","[3.66753680e-01 5.94482761e-02 2.15841487e-01 3.22253754e-01
 6.00562240e-02 2.22890577e-03 4.07892602e-01 3.09120600e-04
 5.29565255e-01 3.54039692e-01]","[ 0.32295465  0.48932979  0.07796742 -0.25842728  0.16330572  0.10663236
  0.11003738  0.49600794 -0.11157601 -0.02365619]"
13,1.3835637200762108,"[0.21476975 0.22713926 0.49446569 0.12297966 0.01429714 0.49705154
 0.17430556 0.42599823 0.34983974 0.09134087]","[1.71597425e-01 1.58015308e-01 1.44763322e-01 5.83584160e-01
 2.26362398e-01 8.11461324e-05 4.22392386e-01 1.46660024e-03
 3.45162364e-01 2.06157555e-01]","[ 0.23192532  0.49897986  0.31678297 -0.16277729  0.08103436  0.1711516
  0.01124324  0.49860701  0.03563455  0.36820157]"
13,0.7989069426350822,"[0.49988217 0.33807049 0.47533652 0.1289534  0.1249042  0.30818549
 0.28298484 0.46094902 0.20856112 0.203297  ]","[0.08880925 0.18190085 0.31812497 0.57280407 0.34822495 0.06864298
 0.23457109 0.18466472 0.40495513 0.23401038]","[0.0918683  0.48002467 0.28881266 0.09007334 0.29852086 0.3623995
 0.25546812 0.46876813 0.00299536 0.11366167]"
13,0.9944620112591862,"[0.3175678  0.22727587 0.49766182 0.19958766 0.06256704 0.43089377
 0.22633093 0.48443398 0.29334916 0.06790048]","[0.25361011 0.30121025 0.37677372 0.69111093 0.16127135 0.23318183
 0.17289837 0.00600939 0.43131423 0.20582683]","[-0.05980802  0.37682474  0.36111317 -0.16821353  0.20900333  0.24944188
  0.23007988  0.31748749  0.04000343  0.33395267]"
13,2.49286618039198,"[0.41702309 0.32689584 0.33774846 0.20454407 0.01393396 0.23625656
 0.41738604 0.32598995 0.45841668 0.10325019]","[0.12934163 0.1086423  0.29314652 0.42781436 0.21918873 0.1664287
 0.22138275 0.00122416 0.45760527 0.30233702]","[ 0.20740263  0.47074799  0.45320304 -0.22344364  0.34432161  0.2624067
  0.15476084  0.48994053 -0.13418218  0.20255255]"
13,1.0756038458325914,"[0.4557223  0.24717162 0.33398601 0.10475838 0.06007161 0.30298083
 0.20971554 0.43348017 0.27716522 0.14422878]","[0.18477798 0.19546725 0.23951837 0.51860895 0.29844841 0.0795055
 0.29819681 0.27440282 0.40970213 0.32277155]","[ 0.05869518  0.45905828  0.14792597 -0.00363576  0.2372882   0.30284888
  0.33480983  0.29477005  0.0468501   0.32409918]"
13,0.5758473655233144,"[0.29646249 0.2974051  0.49448257 0.35808295 0.02121132 0.09575589
 0.14537067 0.49954039 0.17581286 0.00459779]","[0.0189963  0.17394255 0.28591319 0.51030444 0.33886692 0.23053064
 0.23985283 0.06838908 0.17671771 0.11083034]","[ 0.0467516   0.35874372  0.23825408 -0.17553471  0.18265384  0.41132891
  0.19307551  0.28895187  0.07945533  0.02597357]"
13,0.7113681853432757,"[0.45393819 0.36737874 0.49659465 0.19128395 0.00053513 0.18564298
 0.33229774 0.4999621  0.34834409 0.03217167]","[0.18147134 0.1493636  0.17135263 0.45298526 0.10085896 0.06867286
 0.23974646 0.36333548 0.38793386 0.46734241]","[-0.19161401  0.49957532  0.22544005 -0.08457213  0.38378426  0.11249699
  0.09492903  0.36056648  0.06365411  0.44552305]"
13,0.6360017917321401,"[0.25691884 0.29656079 0.4360807  0.13359277 0.00526986 0.20648576
 0.26528248 0.37920438 0.26245433 0.01858835]","[0.17773904 0.19843668 0.14015116 0.44931175 0.14404904 0.00078328
 0.24445591 0.10017849 0.5008189  0.31593648]","[-0.04868856  0.42624587  0.23220432 -0.32168189  0.24878479  0.04263026
  0.14166994  0.49549983 -0.01235244  0.34076657]"
13,0.6578265936204885,"[0.48808308 0.39738901 0.49958443 0.31594039 0.03983584 0.40543678
 0.36307524 0.25953366 0.18129135 0.077601  ]","[0.26889849 0.42391917 0.21648134 0.38992978 0.04257878 0.12929901
 0.2302852  0.13074963 0.27527092 0.30080985]","[-0.00185535  0.49184221  0.29640192 -0.24510577  0.24276804  0.13019262
  0.1135831   0.48004131  0.24575741  0.45028294]"
13,1.45548852075125,"[0.29422593 0.39999853 0.37471714 0.15388533 0.07243468 0.32520347
 0.28629602 0.4421403  0.14964589 0.04218132]","[0.1297629  0.06199076 0.28051885 0.66213556 0.07359926 0.11181907
 0.23606666 0.01026489 0.375108   0.08560457]","[-0.04072971  0.49834635  0.2527111   0.14692693  0.27384629  0.20417905
  0.14614818  0.43322816  0.14851479  0.14600118]"
13,1.6773540490819305,"[0.24512106 0.40481355 0.46460569 0.21719842 0.00477939 0.34460926
 0.2018772  0.41346289 0.22428137 0.00931301]","[0.25323175 0.07710054 0.24161493 0.45210256 0.1315659  0.28105322
 0.21947383 0.21685624 0.33779628 0.4901012 ]","[ 0.04512282  0.45016543  0.25816597 -0.16155913  0.18755491  0.2437941
  0.22229366  0.34637731  0.21008572  0.14136257]"
13,1.1506158398782418,"[0.0717122  0.41838052 0.30475129 0.08524645 0.00215954 0.27547871
 0.27066188 0.49998395 0.24425506 0.02732281]","[0.11007965 0.27050398 0.09016824 0.49359673 0.24842228 0.05129663
 0.17327612 0.18946641 0.48378146 0.58539706]","[ 2.60733115e-04  4.60284737e-01  2.39222406e-01 -1.79693026e-01
  1.85494841e-01  2.14445759e-01  1.80676608e-01  4.96163118e-01
 -1.37440075e-02  1.35338399e-01]"
13,0.9358371286634578,"[0.29670781 0.32828839 0.36084376 0.12288065 0.10197954 0.46471042
 0.23466012 0.38234348 0.12563827 0.14675485]","[0.16093083 0.17272568 0.03248359 0.50429184 0.02844011 0.0644157
 0.30471119 0.39084158 0.41054218 0.32155394]","[ 0.13072759  0.48451402  0.35266926 -0.18136946  0.44645741  0.1722392
  0.0242186   0.45236546  0.09591664  0.30090913]"
13,0.6124686139649631,"[0.4748125  0.28236626 0.34275868 0.10936523 0.00246182 0.20817738
 0.06554405 0.44154168 0.24784727 0.0385698 ]","[0.33942278 0.00102887 0.15308218 0.54550136 0.10355209 0.09109864
 0.08165565 0.10414709 0.26270699 0.26484554]","[-0.0745116   0.49098458  0.32802526 -0.13113981  0.19800133  0.17627486
  0.04315216  0.40751978  0.13761032  0.24906976]"
13,1.0767142067267652,"[2.16508292e-01 2.66569247e-01 3.68833289e-01 2.94801158e-01
 5.50094742e-03 2.92557513e-01 1.53401984e-01 4.72394762e-01
 2.17361493e-01 3.77179001e-04]","[0.28695277 0.23181028 0.39379726 0.30926886 0.31717689 0.11200419
 0.37349379 0.35634375 0.40519114 0.24448133]","[ 0.12331716  0.27132683  0.08560679 -0.17682519  0.16174729  0.1409437
 -0.01208089  0.44275844  0.23858499  0.26411582]"
14,1.526204793554229,"[0.35489151 0.41430111 0.45694485 0.20841231 0.00076882 0.32231434
 0.46909723 0.30189767 0.49404798 0.13564721]","[0.22261542 0.14649333 0.34523306 0.30601785 0.23147226 0.31662188
 0.46277492 0.0795776  0.31568431 0.20416951]","[ 0.14663848  0.45299276  0.16125963 -0.07575057  0.27121447  0.21794483
  0.37499288  0.41276746 -0.0291493   0.172851  ]"
14,0.8230945270275081,"[0.45578705 0.46644473 0.32367359 0.24544038 0.0880997  0.34051238
 0.24874953 0.49924405 0.38358702 0.01714355]","[0.03107897 0.08220463 0.1488907  0.61895926 0.29571015 0.03400679
 0.38311596 0.16529091 0.62300595 0.30113859]","[ 0.0736457   0.47523574  0.24915542 -0.18198538  0.16017044  0.18692342
  0.07619854  0.43633559 -0.11869134  0.08134292]"
14,1.176202037382736,"[0.28517664 0.3879086  0.37913992 0.12841887 0.03327289 0.32546117
 0.49825347 0.45173172 0.16168434 0.04405787]","[0.06423671 0.02050691 0.25979591 0.47054303 0.24384533 0.10912717
 0.19799206 0.01344167 0.36575129 0.40855241]","[ 0.1978762   0.42343852  0.22422566 -0.3368343   0.46884612  0.20684308
  0.16107049  0.21372362 -0.13009612 -0.09403105]"
14,1.3009249719590525,"[1.33917690e-01 4.97659370e-01 4.37066731e-01 4.11549668e-01
 4.60839247e-02 3.04627678e-01 4.83659358e-01 4.91958983e-01
 3.99836001e-01 1.12113576e-09]","[0.51744274 0.21387616 0.23812597 0.54554636 0.07202763 0.18230121
 0.31848985 0.06721746 0.2984898  0.43153912]","[ 0.13869275  0.41247885  0.34811902 -0.0297973   0.27068285  0.33009877
  0.21622152  0.37572237 -0.0323998   0.21878606]"
14,0.8207810919724454,"[0.48120953 0.49706195 0.49924241 0.23253239 0.13812673 0.23143372
 0.02136984 0.49746722 0.29534838 0.11709925]","[0.11547832 0.08559781 0.35383251 0.50514308 0.3771597  0.14441819
 0.09540374 0.08900187 0.40507734 0.57594166]","[ 0.11129872  0.4316592   0.27281924 -0.0859589   0.17385756  0.21392432
 -0.04731621  0.48601959  0.04046467  0.0666486 ]"
14,1.8913550384661095,"[0.2711122  0.37999607 0.47536847 0.00198922 0.05068227 0.07652134
 0.3390878  0.40608611 0.30527388 0.06777949]","[0.40960584 0.39272909 0.30122901 0.29786806 0.22474848 0.07516675
 0.38137122 0.14963151 0.44362162 0.35561847]","[ 0.23138605  0.45839436  0.32954186 -0.17797206  0.19005194  0.16203178
  0.2434493   0.49780775  0.01271522  0.46002857]"
14,0.7988566402773936,"[0.49748401 0.49981161 0.46328712 0.4574206  0.0396227  0.24984328
 0.19960505 0.46027074 0.28066669 0.12293348]","[0.29464713 0.22791065 0.19393421 0.45024503 0.03025043 0.00991758
 0.08510406 0.14200669 0.17782464 0.12197457]","[ 2.95437058e-01  4.94263344e-01  1.33215588e-01 -1.62615413e-01
  3.59210104e-01  1.11955654e-04  8.60452581e-02  3.79049580e-01
  1.41678184e-01  2.40912061e-01]"
14,1.1623029393397237,"[0.37089483 0.28757595 0.49234054 0.25315829 0.17037213 0.23053801
 0.35792023 0.35110367 0.17337483 0.00226572]","[0.07467332 0.35524252 0.26657845 0.22626709 0.11147699 0.25121166
 0.07236771 0.12327433 0.14402852 0.44562033]","[ 0.25386845  0.45537805  0.36011495 -0.21329123  0.37728609  0.08513825
  0.0446241   0.40241479  0.10976842  0.48395935]"
14,0.5441304989181596,"[0.41986615 0.47514144 0.49908471 0.47080434 0.00571459 0.0587057
 0.36391762 0.37697681 0.2742258  0.01032955]","[8.52388999e-02 2.66484394e-02 2.60900325e-01 4.01169984e-01
 2.91458723e-01 2.55656489e-01 6.16228949e-02 2.58737987e-05
 6.87918935e-01 4.67546761e-01]","[ 0.0565651   0.40637138  0.19091343 -0.15962252  0.27073431  0.18109839
  0.03077843  0.35870746 -0.0346724   0.1224272 ]"
14,0.8341142499249348,"[0.25300371 0.49996412 0.18235203 0.16451299 0.00305927 0.22869418
 0.36711053 0.23821067 0.31632423 0.00296868]","[0.23316888 0.15290087 0.25295421 0.62846357 0.15112065 0.05341547
 0.10552262 0.13649741 0.46556124 0.4808396 ]","[-0.03633031  0.34870177  0.14851902 -0.22150731  0.22583968  0.4871398
  0.3066475   0.49682015  0.12882543  0.10908297]"
14,0.708504520567643,"[0.41839881 0.27955627 0.47320611 0.37986336 0.044582   0.32265375
 0.30673848 0.44425008 0.45858551 0.00461093]","[0.25691764 0.07598634 0.00476567 0.36312978 0.12794361 0.02553567
 0.05824541 0.04925977 0.22596609 0.26960649]","[ 0.04227099  0.47891574 -0.02417695 -0.15608535  0.43441824  0.13920265
  0.14087869  0.45362642  0.13274121  0.34122211]"
14,0.44094352979982726,"[0.35130697 0.43796904 0.45992698 0.25332426 0.00959746 0.33245049
 0.19906531 0.43172932 0.36360474 0.0478407 ]","[0.10882843 0.1893893  0.07982279 0.39257915 0.19031515 0.30151524
 0.37137688 0.01785121 0.5188577  0.36517629]","[ 0.47605817  0.49912543  0.24198623 -0.17690726  0.20774444  0.25506041
 -0.00737433  0.43382993 -0.12751832 -0.01179529]"
14,0.8973843844699313,"[0.2855764  0.26461538 0.19531643 0.36381377 0.01372921 0.30542438
 0.34962256 0.41297662 0.23722616 0.00305974]","[0.16779443 0.15467188 0.16129418 0.42366206 0.36821137 0.36885628
 0.07516564 0.01550425 0.52613334 0.33635997]","[ 0.10987435  0.44687602  0.22239375 -0.15877937  0.0958333   0.46889534
  0.06879946  0.29645502  0.08586186  0.15846962]"
14,0.8128309827719462,"[0.40314723 0.25119515 0.41924245 0.30818144 0.00761378 0.30781691
 0.36976751 0.29455112 0.49865669 0.00592966]","[0.24899183 0.09462163 0.07474248 0.60080045 0.26769907 0.12008725
 0.18258857 0.20568829 0.25090864 0.23580328]","[ 0.19711143  0.43771552  0.28942711 -0.14610061  0.38632862  0.26367933
  0.22052441  0.48590637  0.11200407  0.13841792]"
14,0.6604627553344147,"[3.22498750e-01 3.44073482e-01 4.69662123e-01 1.42650230e-04
 2.16847581e-02 2.13014212e-01 4.07421820e-01 4.80664641e-01
 1.75263253e-01 2.23697531e-01]","[0.07601398 0.16192729 0.08823966 0.61890677 0.08143849 0.00485474
 0.36465761 0.00456912 0.33204326 0.35151005]","[ 0.13208538  0.47264147  0.38484984 -0.16210856  0.31158568  0.3229159
  0.0754773   0.49844899  0.09989021  0.24984295]"
14,0.9799233720800182,"[0.46413932 0.35667254 0.49592696 0.02332721 0.10917986 0.13127657
 0.46655632 0.44101357 0.18264965 0.05087451]","[0.23556849 0.10590552 0.28018147 0.78669726 0.18211998 0.1409121
 0.16283528 0.05748489 0.31139825 0.45670079]","[ 0.10744802  0.49726349  0.26048478 -0.28100345  0.38391121  0.08224003
  0.04458424  0.2486586  -0.12678833  0.19044554]"
14,0.9385061567380347,"[2.84167337e-01 2.82233439e-01 4.98481858e-01 2.96216343e-01
 1.07447518e-05 2.97512899e-01 1.48323758e-01 1.05894510e-01
 3.49493697e-01 7.19985221e-03]","[0.15914575 0.08562483 0.32208423 0.55177378 0.36349539 0.26069432
 0.39626052 0.04230781 0.48931153 0.52288467]","[ 0.03546507  0.38835239  0.28699501 -0.23898772  0.32938009  0.28167593
 -0.10866135  0.38329727 -0.10582185  0.17201125]"
14,1.3597666150497971,"[0.38810884 0.49983152 0.4507136  0.30062889 0.04059401 0.18145542
 0.300048   0.47325407 0.29846291 0.00133382]","[0.15819176 0.12151632 0.18956244 0.43225345 0.05694252 0.12941389
 0.21576567 0.29216365 0.52341847 0.39438248]","[ 0.09318188  0.40059186  0.20728497  0.00345042  0.12821937  0.32608697
  0.06467735  0.30564598 -0.03311983  0.06237746]"
14,0.7768886721438002,"[0.49150177 0.49447796 0.13590081 0.1908424  0.00470203 0.24327849
 0.43222741 0.43304507 0.37872018 0.08452376]","[0.12602676 0.14703533 0.24949704 0.52241822 0.12602008 0.17078624
 0.3324014  0.01546898 0.36202752 0.4497379 ]","[-0.00550856  0.47657043  0.49673322 -0.24536436  0.32547677  0.34149289
  0.01550269  0.49702977  0.18347423  0.15497836]"
14,1.8126561415474125,"[0.46453951 0.4334641  0.38069253 0.29883465 0.01463373 0.26333783
 0.42827887 0.45406242 0.4143427  0.14385071]","[0.26059438 0.11885814 0.23609546 0.6681974  0.00650643 0.00228475
 0.14577839 0.04787192 0.44063841 0.23861356]","[ 0.3695323   0.47105473  0.30958509 -0.09682418  0.49515618  0.16725298
  0.33197788  0.23673614  0.24357455  0.19732035]"
15,2.4759145259229607,"[0.26502719 0.37404443 0.47265148 0.0075342  0.0555061  0.23892269
 0.49420747 0.38530122 0.4264715  0.0079084 ]","[0.23002712 0.285833   0.39889427 0.32317602 0.1067204  0.27381617
 0.16515938 0.44125167 0.42967325 0.42447291]","[ 0.20871727  0.49915994  0.27696951 -0.25455895  0.4800285   0.06792539
  0.25439174  0.25638612 -0.01929306  0.12233961]"
15,1.2304135880311242,"[0.32299157 0.47345719 0.34225739 0.16351189 0.10376475 0.26001147
 0.49977232 0.27565017 0.4229837  0.0137006 ]","[1.61754764e-01 3.67566924e-04 3.22775664e-01 3.34328296e-01
 2.23021062e-01 2.16471669e-01 1.57036834e-01 1.40909665e-01
 4.16112486e-01 2.64769133e-01]","[ 0.33965579  0.49660907  0.46475005 -0.31141052  0.49801584  0.30364668
  0.18515453  0.37328626 -0.01281051 -0.07593027]"
15,2.084075556447571,"[0.46597906 0.36674965 0.34867551 0.15367845 0.1034608  0.15274041
 0.2881824  0.41037338 0.21780085 0.23607988]","[0.44181463 0.09822032 0.18902499 0.21795279 0.08909894 0.12606234
 0.27803521 0.30446286 0.35543311 0.35516458]","[ 0.19233605  0.49608394  0.46536361 -0.10769555  0.46865077  0.09009937
  0.30105877  0.374574    0.14196825  0.14612048]"
15,1.2208179406588455,"[0.20741157 0.49761677 0.49980774 0.12985009 0.02147056 0.16646625
 0.4971384  0.4872095  0.32328173 0.00735508]","[0.28111301 0.15626894 0.30975858 0.55311002 0.02654786 0.18077696
 0.14079549 0.17226806 0.36627778 0.43071146]","[ 0.03744507  0.41754853  0.37546511 -0.0706971   0.47664858  0.19607953
  0.20378481  0.34257036  0.1464707   0.149678  ]"
15,0.9599258015537334,"[1.91896258e-01 3.09274388e-01 3.19535639e-01 4.16201514e-02
 1.42669989e-07 1.41202363e-01 4.76600959e-01 4.85696458e-01
 4.33960546e-01 1.69765257e-02]","[0.26815201 0.21885067 0.09064675 0.1184227  0.04456179 0.0109363
 0.35219397 0.1147546  0.29092471 0.38322344]","[0.27990075 0.48430359 0.37387972 0.10427048 0.23161452 0.14548313
 0.41496779 0.32826842 0.06587264 0.23905932]"
15,0.8680399883169565,"[0.17493424 0.44921136 0.47382356 0.08772218 0.02268365 0.15014963
 0.40338627 0.26246956 0.25860101 0.04554566]","[0.25612257 0.35888607 0.46535791 0.48033328 0.3085865  0.0139047
 0.20779198 0.29791299 0.37014411 0.34647647]","[ 0.20684283  0.39345246  0.10393194  0.02098121  0.28934802  0.18353009
  0.2578105   0.15390256 -0.13838635  0.44034999]"
15,0.5621876676706137,"[0.35833599 0.46818524 0.49917252 0.11971913 0.03201914 0.09938275
 0.49755712 0.23078382 0.37812198 0.07773753]","[0.27973631 0.18017991 0.22633023 0.31220244 0.07935607 0.23173289
 0.34407131 0.05309895 0.27921672 0.39902964]","[ 0.21253972  0.1550289   0.2699838  -0.20082357  0.32746397  0.04443324
  0.26484027  0.49881503 -0.07372154  0.34314842]"
15,1.0019742472618582,"[3.61864574e-01 2.05176648e-01 4.93934972e-01 4.06283245e-02
 2.87855318e-04 1.78726967e-01 4.59462813e-01 2.29904429e-01
 3.76074090e-01 1.28138913e-01]","[0.30201534 0.23961494 0.13922178 0.42681729 0.28944458 0.0189078
 0.39951679 0.03356004 0.23622609 0.22868648]","[ 0.15747596  0.47246065  0.18040835 -0.0454349   0.46929759  0.2280252
  0.25921536  0.33084499  0.04932173  0.33233182]"
15,0.7537853047621461,"[0.30953368 0.4797187  0.49995907 0.39043835 0.00101278 0.33614029
 0.34367022 0.4351356  0.39477257 0.00357744]","[1.60821210e-01 1.45521951e-01 2.28429711e-01 4.80714180e-01
 3.08361948e-05 1.28877656e-02 2.52024103e-01 4.82646671e-02
 5.83744420e-01 1.78198533e-01]","[ 0.37558065  0.46978458  0.21824819 -0.22724612  0.32067101  0.21894346
  0.35757868  0.35364645  0.01125929  0.20103115]"
15,0.7683118584766157,"[0.49464654 0.23800602 0.40400001 0.05007574 0.00933962 0.00418232
 0.48813563 0.44792697 0.4993048  0.02111815]","[0.22823872 0.10406694 0.14384931 0.3550246  0.23490604 0.30960286
 0.68192771 0.00448595 0.06997403 0.31975282]","[-0.12185805  0.39456784  0.19405468 -0.29404716  0.46076456  0.29181454
  0.26319861  0.43478516 -0.09047246  0.10720172]"
15,1.7763603577450304,"[2.25472060e-01 4.43676996e-01 3.74424523e-01 2.00061936e-01
 1.33067332e-02 3.76232123e-01 4.99999731e-01 4.99763686e-01
 4.50398373e-01 1.65855812e-05]","[0.2793777  0.199522   0.28136487 0.34689318 0.16299168 0.1707136
 0.32729059 0.17508684 0.30318244 0.39602673]","[-0.02917121  0.40633849  0.35606146 -0.06863894  0.3014687   0.17563982
  0.20385896  0.39830083  0.01630718  0.21468142]"
15,0.8374991163667839,"[0.24691882 0.41851939 0.45825697 0.19347262 0.00358501 0.17447983
 0.24395284 0.16916278 0.40373446 0.20574042]","[0.46454554 0.24810017 0.28396472 0.54439149 0.3345845  0.00395603
 0.33406221 0.3299994  0.43537366 0.23903737]","[ 0.25259233  0.47263807  0.36572567 -0.05902953  0.35770726  0.35393602
  0.24878766  0.39004242  0.07179524  0.32834795]"
15,1.8131832694319887,"[0.28069713 0.39575829 0.49577543 0.30508536 0.0118381  0.1768964
 0.33388461 0.43395677 0.32630059 0.03729439]","[0.39415654 0.13847767 0.12521189 0.30240054 0.23941155 0.0082565
 0.24577479 0.3152623  0.3561966  0.44495301]","[ 0.31315606  0.30040354  0.35422585 -0.26108494  0.27299161  0.02469581
  0.2790603   0.32802987 -0.04172611  0.12983076]"
15,1.3731556711982913,"[0.25412283 0.25487286 0.49956188 0.15264839 0.08105265 0.14640854
 0.47704384 0.38715545 0.27231302 0.00306632]","[2.46868403e-01 1.24429858e-01 2.09468975e-01 2.76648373e-01
 1.48893265e-01 3.15041260e-04 3.07026178e-01 1.25722058e-01
 3.50970542e-01 2.00232330e-01]","[ 0.24834371  0.49832227  0.32002628  0.04478687  0.42951984  0.21600454
  0.2921911   0.37835579 -0.0320571   0.32085734]"
15,1.0180853989697227,"[0.26034407 0.46788585 0.4923124  0.01961541 0.00544391 0.40397323
 0.44749093 0.49999248 0.42616412 0.0209982 ]","[0.22376813 0.33658753 0.46145018 0.48954536 0.20557618 0.15896306
 0.19235681 0.01223549 0.37465538 0.48678554]","[ 0.324623    0.46353193  0.32934044 -0.20131951  0.19426581  0.20021727
  0.47230432  0.43701029  0.17455887  0.24246793]"
15,1.1720804882167872,"[0.37744966 0.21809392 0.48951902 0.14163761 0.15941683 0.19978318
 0.31302067 0.47721747 0.49968351 0.00530223]","[0.36785364 0.41896786 0.24687664 0.52648076 0.25787597 0.27904209
 0.09396063 0.17715237 0.52570892 0.17752994]","[ 0.01057092  0.49997052  0.32835306 -0.16577848  0.27137325  0.18506476
  0.15714111  0.26332742 -0.04804554  0.39528687]"
15,1.0967590150758593,"[0.43726825 0.46773494 0.48190065 0.4477801  0.00708997 0.19893628
 0.276997   0.40523241 0.31306009 0.1515419 ]","[0.1550768  0.25850235 0.35208232 0.27317011 0.14908643 0.07080855
 0.17294885 0.13530007 0.33911981 0.51283783]","[ 0.2043277   0.4796911   0.36463061 -0.14221739  0.22172313  0.13916209
  0.35700134  0.41382522 -0.08690464  0.19454794]"
15,0.9223180626663278,"[0.05213386 0.49470471 0.48619785 0.14244034 0.00953159 0.03987998
 0.49396205 0.33764214 0.39208634 0.15476943]","[0.09347057 0.42404722 0.39028468 0.62911954 0.07409665 0.31251844
 0.42964684 0.00115747 0.37256585 0.33437438]","[ 0.24068321  0.46392863  0.3387829  -0.13134208  0.31067731  0.05020768
  0.1447343   0.23975242  0.07147463  0.27906373]"
15,2.5578516230545874,"[0.14712442 0.4860139  0.46623619 0.19832597 0.01540734 0.08909867
 0.42721544 0.36882473 0.48597976 0.29337653]","[0.35777362 0.44148693 0.22212858 0.53185311 0.07178284 0.15650879
 0.30834206 0.01791802 0.39186649 0.34894028]","[ 0.20151532  0.49689975  0.41507554 -0.01586952  0.23179988  0.23542607
  0.33859284  0.3846084   0.14833308  0.27640064]"
15,1.874310979455975,"[0.41048158 0.4693213  0.49465835 0.13673637 0.02944187 0.41694403
 0.48107453 0.29508689 0.31305706 0.15570023]","[0.15862011 0.28792448 0.2970124  0.37603542 0.29423498 0.11663468
 0.37994504 0.11385752 0.34560899 0.62581014]","[ 0.20877947  0.37907535  0.24692929 -0.13206231  0.25828549  0.25977852
  0.10511265  0.34328824  0.02009139  0.48892503]"
16,0.9826206994012481,"[0.29589166 0.49954203 0.49942696 0.02803216 0.02499229 0.38142246
 0.48860546 0.42691117 0.44631132 0.47460484]","[0.21481578 0.1352048  0.39353387 0.40583614 0.06445195 0.04325864
 0.3515386  0.2468561  0.41986317 0.56699298]","[ 0.20994377  0.49150336  0.2273439  -0.05788347  0.23762701  0.24731655
  0.23651422  0.20186622  0.06107682 -0.00697918]"
16,2.311470126354361,"[0.18189138 0.40706895 0.48643705 0.18579304 0.00122304 0.244637
 0.48922204 0.47326081 0.40632305 0.11743734]","[0.27358286 0.19131449 0.49044081 0.34574013 0.22006993 0.37249916
 0.065832   0.14853723 0.25230972 0.37426527]","[ 0.09372964  0.49999993  0.37125838 -0.10469936  0.49043142  0.05875624
  0.34444294  0.26513771  0.12864086  0.20770198]"
16,0.9341277469529449,"[0.16180217 0.30846539 0.43587333 0.25679928 0.04532736 0.31527167
 0.49819125 0.38328295 0.46333225 0.37281393]","[0.23434687 0.14153002 0.20640068 0.20652461 0.23893368 0.0039649
 0.34270364 0.32226656 0.23179905 0.28872197]","[ 0.0385347   0.49662022  0.49948166 -0.00515467  0.38534373  0.08444293
  0.44051779  0.42748958  0.07853247  0.14498972]"
16,0.9438725020100209,"[0.26522562 0.35538585 0.42299912 0.46683278 0.00707075 0.16109626
 0.47673314 0.30835873 0.41622121 0.23251995]","[0.19822919 0.29725691 0.37046448 0.28241451 0.08546073 0.15844485
 0.23353576 0.0436447  0.44554846 0.29984793]","[ 0.25274386  0.34699229  0.33782047 -0.26321157  0.49927374  0.14486102
  0.36874595  0.33549251  0.07825528  0.06874463]"
16,0.7940009782301122,"[0.34641592 0.43694965 0.48490162 0.19138048 0.00773942 0.12308543
 0.44564848 0.28289672 0.48333456 0.23716793]","[0.15853789 0.22013378 0.29654613 0.52597681 0.09593026 0.11235837
 0.17291504 0.33024329 0.3192099  0.46150838]","[ 0.07322599  0.49147611  0.3455835  -0.14582303  0.34109958  0.2864823
  0.35894347  0.47376297  0.15207653  0.29713015]"
16,0.6202721812772571,"[0.36234954 0.47846181 0.41099139 0.31818457 0.02856451 0.02049034
 0.44208991 0.18344918 0.46535386 0.1120344 ]","[0.43352531 0.33126275 0.19685178 0.73783826 0.16607955 0.05429922
 0.15579868 0.27852251 0.43056942 0.24637115]","[ 0.39159745  0.46412282  0.46005304 -0.04837963  0.2649522   0.14432487
  0.39208209  0.40726637 -0.07117406  0.18835572]"
16,0.670492669579513,"[0.3987356  0.23848384 0.43034178 0.20483299 0.00989481 0.30520374
 0.49988608 0.37490779 0.28402002 0.05139166]","[0.35137979 0.40710912 0.27350213 0.27237313 0.15443689 0.12399229
 0.33414252 0.19269818 0.47411018 0.49678346]","[ 0.23250557  0.43202546  0.47264594 -0.04872039  0.37048027  0.05627317
  0.36687346  0.20200291 -0.01066916  0.48559617]"
16,0.9472870696012107,"[0.41565784 0.30526173 0.4482253  0.051624   0.06695241 0.16446544
 0.36585301 0.25066093 0.19411399 0.16884554]","[0.41072915 0.06130289 0.1286049  0.27872855 0.16157814 0.0862615
 0.38288702 0.18494559 0.48497107 0.43027326]","[0.12155963 0.4995339  0.15271266 0.001624   0.38341716 0.01608117
 0.12374176 0.31996823 0.19363114 0.28096545]"
16,1.0677757131301102,"[0.28475638 0.49891354 0.34935417 0.09844013 0.04795456 0.08047766
 0.35194838 0.36827602 0.33734365 0.33491879]","[0.44559739 0.25542981 0.37909422 0.09929966 0.25294494 0.06390389
 0.3432039  0.2032299  0.33047233 0.35458657]","[ 0.25578299  0.48762223  0.29241422 -0.05342761  0.47029928  0.01386939
  0.23351696  0.39105499  0.43233685  0.27016189]"
16,1.3699045042639026,"[0.39849326 0.40007453 0.49681001 0.04010201 0.07160906 0.1034789
 0.41349292 0.49602424 0.45154869 0.15992681]","[0.40495606 0.20824187 0.22754956 0.48274896 0.28277113 0.23541142
 0.23098289 0.23596044 0.3985151  0.52147963]","[ 0.12649632  0.49126939  0.35882096 -0.12551588  0.36512642  0.14923902
  0.42577265  0.1542333   0.16831233  0.16340346]"
16,2.082251937172802,"[4.73811806e-01 4.87674488e-01 4.97582272e-01 9.79928389e-02
 1.38101763e-04 1.58931150e-01 4.91260865e-01 3.77295863e-01
 3.20576285e-01 2.31004243e-01]","[0.19400089 0.05406882 0.01800338 0.28502969 0.12619843 0.04726348
 0.45882518 0.08626163 0.41893992 0.5078625 ]","[ 0.18332227  0.49772333  0.48444555  0.12621986  0.33973624  0.03514963
  0.32532336  0.3270145  -0.08146033  0.17241172]"
16,1.4838227982594696,"[0.05428649 0.46641526 0.44246116 0.26967019 0.08336035 0.17889619
 0.39625724 0.34760855 0.41620569 0.09565167]","[0.16479092 0.37543505 0.01962328 0.3298958  0.00262692 0.11185387
 0.20432511 0.07913654 0.3160712  0.2620845 ]","[ 0.10525756  0.39725337  0.4973682  -0.21066579  0.36816923  0.10111549
  0.29661827  0.4087034   0.20620973  0.16116954]"
16,1.8038507021136931,"[0.28402196 0.47317348 0.48939804 0.04077301 0.10620026 0.30180182
 0.26966316 0.4999743  0.47080617 0.08074871]","[0.5967884  0.0100552  0.16271556 0.20310535 0.09338294 0.16358342
 0.36762952 0.02314756 0.41321315 0.39326078]","[ 0.06430052  0.49619037  0.42364537 -0.01448509  0.15755035  0.04566721
  0.29437083  0.32237803  0.08334475  0.37804246]"
16,1.8187808122586517,"[0.42595497 0.42163593 0.42878269 0.38274685 0.00405426 0.21209288
 0.48986825 0.49975592 0.49946997 0.20513456]","[0.07995864 0.32408064 0.21608844 0.52136619 0.24505529 0.02893205
 0.31305962 0.03686615 0.31258823 0.42138247]","[ 0.47456059  0.49751296  0.46585524 -0.31638302  0.34242856  0.04245802
  0.34269296  0.20795254  0.12031283  0.32019129]"
16,2.5972711664048944,"[0.33725782 0.41691508 0.49991106 0.27220235 0.18080382 0.01317902
 0.30861443 0.3210928  0.30623    0.03095849]","[0.23740234 0.41497009 0.25531299 0.42078157 0.22946227 0.00123315
 0.20241531 0.25053013 0.34603534 0.34722647]","[ 0.27527628  0.48966575  0.36422766 -0.35114441  0.36544798 -0.00843117
  0.2752581   0.49759458 -0.16458602  0.22610803]"
16,1.1831147470534207,"[0.47196769 0.38591241 0.47482359 0.09074017 0.00785706 0.09677129
 0.49102023 0.30947061 0.18997618 0.20146658]","[0.2378348  0.02659939 0.19126446 0.25311916 0.06191278 0.25371627
 0.38860615 0.14523344 0.16130584 0.51692547]","[ 0.15883394  0.48833362  0.33164038 -0.02278747  0.42275013  0.18622294
  0.33116369  0.44968517 -0.17230449  0.2841381 ]"
16,1.5444541365876479,"[0.4295595  0.45757485 0.34978389 0.17683713 0.03228298 0.48498391
 0.37905583 0.46388044 0.49890478 0.10417325]","[0.20560635 0.25643865 0.21770949 0.32667388 0.09664613 0.32624478
 0.38314059 0.26447747 0.34871592 0.45559972]","[ 0.18660243  0.38342672  0.42151355 -0.04850302  0.29756597  0.20643531
  0.09673913  0.43706243  0.10558263  0.17985574]"
16,0.5315423423075317,"[0.49258913 0.03102738 0.48944517 0.14354096 0.09282062 0.32734796
 0.44781479 0.16925539 0.31515176 0.1605856 ]","[1.55309653e-01 2.02874399e-01 6.08855229e-02 6.53790157e-01
 6.65425971e-02 3.27427778e-01 3.09965362e-01 1.13057315e-04
 4.32061752e-01 5.20628892e-01]","[ 0.35094314  0.43886871  0.42047709 -0.30087631  0.3025894   0.13349087
  0.22035409  0.12992081  0.06730645  0.22501458]"
16,2.065553810699355,"[0.19034321 0.36951961 0.37124544 0.23906574 0.05673371 0.05901856
 0.49956361 0.41643097 0.38663829 0.00485965]","[0.07885168 0.36133226 0.21356925 0.46386633 0.39310074 0.08730687
 0.31047298 0.14265426 0.41762526 0.15196445]","[ 0.16291858  0.48131714  0.20838712 -0.14496949  0.49027324  0.07084345
  0.37175268  0.49474606 -0.04236653 -0.01225723]"
16,0.7366196877445192,"[0.0237176  0.388088   0.47414292 0.06388277 0.11665216 0.0914349
 0.46849679 0.21786058 0.38584041 0.19385546]","[0.42947266 0.4039717  0.31167053 0.41091815 0.08509755 0.28354813
 0.35930911 0.12084109 0.56654975 0.1932884 ]","[ 0.32190292  0.40213311  0.20397008 -0.08472425  0.32247754  0.43147122
  0.23852618  0.20618568  0.10527301  0.20551149]"
17,0.7558891563648299,"[0.30188124 0.40940073 0.43180854 0.29887488 0.01351214 0.26348977
 0.48912306 0.42601426 0.40762472 0.11113089]","[0.32152239 0.19008526 0.23667558 0.32293467 0.18796067 0.02130273
 0.29118949 0.00137826 0.35394383 0.43053613]","[ 0.24700345  0.49529446  0.41787192 -0.0663477   0.44444965 -0.0111453
  0.25909522  0.35360305 -0.00973027  0.2351553 ]"
17,0.8772164039909145,"[0.19828009 0.49986684 0.30727529 0.0421615  0.00232487 0.00863774
 0.45452533 0.30045072 0.41020709 0.05708083]","[0.20316752 0.41998764 0.20444996 0.11653937 0.1946271  0.30238148
 0.39857002 0.11087194 0.36459574 0.22369208]","[ 0.15054403  0.40557413  0.46204702 -0.41044743  0.41668777 -0.00376147
  0.2219874   0.48664477 -0.07949909  0.19003345]"
17,1.2986412517605095,"[0.47602166 0.49297287 0.4230972  0.2589701  0.01883218 0.11137155
 0.39421227 0.10601893 0.28010595 0.09990649]","[0.30993871 0.31934957 0.17626856 0.41394954 0.29418507 0.03803691
 0.25992904 0.08464891 0.31120241 0.52053375]","[ 0.27135161  0.49152339  0.34991965 -0.21353109  0.49689956  0.12626947
  0.22417496  0.48266492  0.13378165  0.27195812]"
17,0.8029882385154512,"[0.41649407 0.48234186 0.46762816 0.09997659 0.00357484 0.05904031
 0.4914639  0.03593396 0.4398937  0.19728602]","[7.66828932e-02 5.11664407e-01 1.15148936e-01 3.23925406e-01
 1.17984745e-02 8.76805796e-05 3.75008049e-01 7.60065547e-02
 2.42238083e-01 4.60323242e-01]","[-0.0800718   0.41964475  0.47872294 -0.30647549  0.27848469 -0.02338364
  0.27625638  0.47202633 -0.02127537  0.01174164]"
17,1.5569431175421264,"[0.39081592 0.49949835 0.44380023 0.2753338  0.18306325 0.21931442
 0.43160014 0.38043006 0.49383373 0.00511874]","[0.17613102 0.29938908 0.23768988 0.6215483  0.25671315 0.0251243
 0.01028501 0.0078878  0.39873907 0.52009139]","[ 0.31547977  0.40734729  0.46840292 -0.10381557  0.29451627 -0.07213626
  0.40232673  0.49809616 -0.16226677  0.08765757]"
17,1.0101416011708526,"[3.64215074e-01 4.33485515e-01 4.76743293e-01 4.99057915e-01
 5.20751791e-07 2.17870202e-01 3.39419677e-01 4.76672953e-01
 3.08241326e-01 9.29697538e-03]","[0.24313658 0.1431468  0.313705   0.38135054 0.02757635 0.29407682
 0.37094011 0.24697657 0.21862912 0.34554256]","[ 0.10942244  0.41889139  0.46736231 -0.22596591  0.15100622  0.09536693
  0.3809202   0.19308539  0.14454014  0.32001375]"
17,2.7069875270484407,"[0.3997566  0.33921628 0.40319566 0.02576383 0.04683456 0.18413799
 0.40152514 0.42511817 0.25232111 0.1794394 ]","[4.37993455e-01 3.29036038e-01 1.80141777e-01 5.03317307e-01
 1.70632170e-04 2.27297534e-01 4.59557412e-01 1.10308371e-01
 4.60066301e-01 4.51842775e-01]","[ 0.11141254  0.48193815  0.18321984 -0.05580865  0.49103603  0.2421226
  0.41647295  0.49080787  0.13096775  0.20604616]"
17,1.3399430341677374,"[0.29251148 0.40065904 0.48564519 0.17991695 0.04549289 0.06048193
 0.45176479 0.31596828 0.27798675 0.05755262]","[2.52628876e-01 3.27993788e-01 2.93774567e-01 3.67054773e-01
 2.33607166e-04 2.34939476e-01 3.07801540e-01 1.77610644e-01
 2.99276592e-01 4.90879343e-01]","[ 0.09850436  0.27751426  0.31847496 -0.19015061  0.35354979 -0.0578574
  0.04336127  0.40974568  0.11303304  0.23853962]"
17,2.337113863592456,"[2.98469403e-01 4.13700053e-01 4.96600333e-01 2.34990263e-01
 1.37898931e-04 8.75849909e-02 3.15261465e-01 4.50760115e-01
 4.99672631e-01 4.23907201e-02]","[0.25830556 0.28307351 0.19892905 0.42310375 0.09394934 0.08286365
 0.15433438 0.25278253 0.31051053 0.14511182]","[ 0.43979744  0.46667464  0.35825962 -0.34953038  0.42006712  0.05418024
  0.22989547  0.49260258 -0.00570132  0.19223825]"
17,1.0099892503900603,"[0.38290549 0.46288316 0.28158765 0.33226472 0.1833795  0.38052326
 0.47566464 0.44071993 0.25606106 0.31436659]","[0.28208675 0.17770272 0.21256065 0.5307425  0.16888537 0.18127584
 0.21892834 0.11804929 0.35300744 0.38175869]","[ 0.16479325  0.48436911  0.4393243  -0.0911822   0.32682788  0.09154081
  0.32665169  0.32828797  0.07579163  0.23855603]"
17,1.791008524564886,"[0.44212091 0.46056794 0.39564466 0.14534297 0.01404612 0.2593582
 0.4177826  0.48303923 0.42917788 0.03685425]","[0.26092344 0.2881823  0.40240422 0.37526276 0.53128507 0.07727223
 0.39869814 0.27407601 0.29317308 0.57944541]","[ 0.12851747  0.49686702  0.21520593 -0.13974813  0.48774689 -0.0226168
  0.40097074  0.25259108  0.04216909  0.49922742]"
17,1.9854552904793858,"[0.48655681 0.47273919 0.39095579 0.17631671 0.18471367 0.25524457
 0.46105492 0.34807908 0.33295569 0.15968847]","[0.1496379  0.07162428 0.27471966 0.65490061 0.33536712 0.08697081
 0.19209658 0.11203802 0.33989731 0.33286332]","[ 0.20439919  0.32757416  0.31173    -0.41467871  0.42550762  0.17380837
  0.25716421  0.3478345  -0.33926341  0.11519767]"
17,1.3297019568438144,"[0.1340675  0.49851707 0.4878251  0.00543774 0.14186258 0.00206362
 0.49795502 0.25377257 0.2555315  0.02770457]","[0.23250669 0.07230153 0.24052758 0.57533629 0.07302615 0.03050205
 0.25213109 0.1633085  0.21112661 0.46948894]","[ 0.36625412  0.47467886  0.44483136 -0.24304109  0.41779397 -0.03798775
  0.38694442  0.43048537 -0.14420618  0.30662303]"
17,2.1804968307829826,"[0.34472567 0.36064567 0.47889298 0.1504525  0.09783129 0.20633738
 0.49915479 0.37171177 0.19945152 0.14839791]","[0.17000331 0.32562648 0.24221313 0.28141392 0.2363342  0.02679498
 0.31388454 0.10602406 0.36762885 0.28643303]","[-0.00547243  0.49963621  0.36331195 -0.13160846  0.4438466  -0.02796327
  0.18791498  0.46232271 -0.15082065  0.15799826]"
17,2.5067833277598695,"[0.47547232 0.4914009  0.40838863 0.13898856 0.18631502 0.37516181
 0.39207673 0.4007613  0.03964542 0.03789857]","[2.19061972e-01 1.09996388e-01 4.81622287e-01 4.71527848e-01
 3.47546636e-01 2.78697163e-04 1.75842867e-01 2.19647926e-01
 3.51246870e-01 3.87733655e-01]","[ 0.3796138   0.47592142  0.36050228 -0.42991395  0.48830099  0.11532256
  0.38085487  0.46731837  0.06277486  0.19246395]"
17,1.0126316283002599,"[0.22215437 0.49439626 0.36285978 0.2844588  0.06089487 0.05354599
 0.49996219 0.45936274 0.24668137 0.01910148]","[0.2275119  0.37298142 0.19631451 0.53896252 0.10079701 0.01413414
 0.33275522 0.05943351 0.28092955 0.32658719]","[ 0.19181816  0.37068018  0.45581137 -0.17522152  0.38783725  0.07123201
  0.40193397  0.46426296  0.02159779  0.47937127]"
17,1.1515108674155685,"[0.30101338 0.49310064 0.48745855 0.31550543 0.05795464 0.0594587
 0.43564117 0.12992425 0.33572244 0.07973005]","[0.13531529 0.33476954 0.25051171 0.3763837  0.29041757 0.03295929
 0.29576874 0.17827493 0.35110363 0.39493838]","[ 0.18405174  0.41351671  0.4998649  -0.00915492  0.3572589  -0.04884311
  0.19935332  0.49516034 -0.18833701  0.25707401]"
17,1.1030666429180114,"[0.43982884 0.43598933 0.4587126  0.3483187  0.00415359 0.16363553
 0.33647806 0.49678075 0.423119   0.33139317]","[0.31953895 0.27466356 0.29171507 0.28004419 0.00651496 0.12522625
 0.05421379 0.18019323 0.44459329 0.266737  ]","[ 0.174632    0.28767857  0.12923416 -0.08339209  0.34887737  0.05261123
  0.27903956  0.28425246  0.11532357  0.23323232]"
17,0.8398626851929273,"[0.11333308 0.44815992 0.42773676 0.03104859 0.00486595 0.02144111
 0.3284184  0.41827314 0.41495135 0.1499007 ]","[0.14079882 0.32037946 0.35105149 0.39810102 0.06236292 0.1121679
 0.37305171 0.03292669 0.16866773 0.5516669 ]","[ 0.14350101  0.41331277  0.49836882 -0.08989453  0.37850002  0.13545516
  0.31290731  0.49279021  0.15522285  0.14776554]"
17,1.0546366158841314,"[0.49786801 0.49997858 0.3879719  0.06556609 0.2027234  0.05021057
 0.42259694 0.36015782 0.47339639 0.23365883]","[0.23221097 0.22280501 0.13177753 0.393614   0.15336884 0.08103484
 0.16568676 0.10676743 0.50819148 0.38983371]","[ 0.27760306  0.49219821  0.23647673 -0.19946888  0.23619807  0.15287078
  0.49453695  0.27468253  0.07260296  0.26140944]"
18,1.3649708041316881,"[0.41798265 0.48995175 0.49645724 0.0167058  0.0946461  0.20626446
 0.32816335 0.45449782 0.27917909 0.31462945]","[0.2118427  0.21396515 0.31307451 0.49862988 0.23480693 0.02006798
 0.37930295 0.3553918  0.31985793 0.18633966]","[ 0.12584749  0.4797864   0.42894675 -0.24382751  0.41149704  0.09904711
  0.41449887  0.49971734  0.16901637  0.3608619 ]"
18,1.6605080133203873,"[0.3109993  0.48310118 0.40298803 0.19942822 0.01416211 0.28602495
 0.41861094 0.44200088 0.1086719  0.09425285]","[0.29647711 0.13873295 0.37573651 0.30923967 0.2292351  0.21066539
 0.08769337 0.19612672 0.54482247 0.21927421]","[ 0.3676652   0.49063554  0.17025705 -0.27070398  0.47291113  0.21019842
  0.42362138  0.3580076  -0.00451625  0.02690289]"
18,1.3337863857376395,"[0.26058663 0.39769724 0.40641352 0.14725881 0.04829455 0.36044945
 0.49299064 0.4979654  0.17822838 0.26872822]","[0.08516351 0.17567382 0.34058813 0.48179513 0.12224635 0.04844736
 0.11467124 0.3766349  0.25559117 0.63022872]","[ 0.30381286  0.48141975  0.49867365 -0.22785276  0.3773463   0.11050559
  0.32430789  0.30278328  0.00086284  0.24071276]"
18,2.132933248767604,"[4.53383999e-01 4.13658722e-01 4.29544487e-01 6.13715871e-04
 2.05918747e-05 2.85578789e-01 4.79256588e-01 3.75627630e-01
 4.06425814e-01 5.26255237e-02]","[0.43142728 0.19436943 0.18682972 0.33440856 0.15340149 0.04442615
 0.65454948 0.15713492 0.45227406 0.24659087]","[ 0.20542912  0.45007791  0.48004083  0.10317586  0.48274896 -0.10594529
  0.19498632  0.32001019 -0.05068503  0.41169602]"
18,1.7027493429281382,"[0.24841718 0.442418   0.30954565 0.11875687 0.00389584 0.22098735
 0.33504144 0.37348383 0.35567671 0.19806043]","[0.35899537 0.36564105 0.27643582 0.34464883 0.24105678 0.37461944
 0.25948244 0.15730593 0.38384043 0.51394395]","[ 0.24386781  0.37600265  0.40813924 -0.27161039  0.41041151  0.13196444
  0.44135137  0.42104441  0.0645077   0.22132343]"
18,1.9771205896327224,"[0.29702445 0.46995515 0.43480835 0.17986811 0.09584565 0.05740155
 0.49999625 0.45056659 0.27639656 0.00133901]","[2.00574742e-01 2.51722065e-01 2.96625310e-06 2.65580508e-01
 4.25993329e-01 7.83586381e-02 2.68804882e-01 1.81753010e-01
 3.18938473e-01 4.39178326e-01]","[ 0.38040391  0.49076484  0.42051682 -0.17680529  0.49636528  0.30126943
  0.26543845  0.49331217 -0.12523558  0.13205941]"
18,2.7609642249863278,"[0.4538114  0.45616199 0.48593009 0.24852272 0.08044622 0.31537746
 0.40986456 0.49999982 0.39364402 0.17598187]","[3.93876296e-01 4.31441353e-01 1.75001001e-01 5.70397001e-01
 3.01499892e-01 8.38254033e-06 3.05692957e-01 1.71788534e-01
 3.69631445e-01 4.09280298e-01]","[ 0.43022898  0.48589082  0.48652675 -0.37540555  0.2961703   0.17600396
  0.31023956  0.30649103 -0.22220577  0.10370702]"
18,0.9108558119974044,"[0.32941237 0.49999701 0.48270084 0.27058403 0.16561287 0.09785131
 0.31519049 0.44753129 0.0824292  0.05867585]","[0.2652444  0.22804007 0.33535408 0.10740573 0.1389698  0.01237788
 0.34428017 0.32130507 0.27005983 0.20628931]","[ 0.34665796  0.41540409  0.20358997 -0.36749698  0.4825745   0.29858535
  0.32695138  0.4999915   0.06886346  0.26185451]"
18,2.078013011267758,"[0.49651785 0.45722745 0.35588018 0.07148424 0.12267123 0.27907722
 0.33412557 0.31764318 0.37247347 0.11116252]","[0.2054154  0.26577966 0.41654956 0.66322721 0.2695085  0.42527388
 0.19600788 0.10757434 0.48430099 0.43848288]","[ 0.13688994  0.49972249  0.30718616 -0.12072496  0.49980143  0.23901633
  0.45605221  0.49450236  0.0447856   0.29543041]"
18,1.496856583842853,"[0.38502727 0.47045989 0.40651637 0.17268825 0.0246422  0.27676849
 0.48828458 0.33568114 0.43525901 0.00696609]","[0.29854414 0.08035876 0.29859386 0.56169886 0.14028264 0.01584974
 0.1753424  0.44424186 0.23025086 0.29581836]","[ 0.30815807  0.30944115  0.15997025 -0.10780353  0.43723245 -0.0327107
  0.29555995  0.49437942 -0.0267974   0.24914845]"
18,2.513674093730157,"[0.39394198 0.44888907 0.49405578 0.03209875 0.26350802 0.20217444
 0.49202979 0.48272329 0.07008661 0.12882768]","[0.26280449 0.31632661 0.21623956 0.33599212 0.00318093 0.12745641
 0.13743827 0.12768268 0.30653541 0.36817455]","[ 0.29321519  0.46748658  0.31494522 -0.17291239  0.44391984  0.00602794
  0.33326769  0.49661437 -0.1443277   0.27608834]"
18,3.8240229827746597,"[0.42176604 0.4983313  0.47847642 0.28592472 0.0158083  0.21502323
 0.32497983 0.45205373 0.33591809 0.23564307]","[0.12635474 0.31395398 0.19095222 0.28662851 0.33974319 0.07837433
 0.29720544 0.1571241  0.39146837 0.40360691]","[ 0.268714    0.42190813  0.1783587  -0.1042406   0.48591769  0.09954248
  0.49930981  0.38967295 -0.19026194  0.09018629]"
18,1.7650691514550865,"[0.49787469 0.46349448 0.36166799 0.24461747 0.47269786 0.18343467
 0.49787013 0.494815   0.39180583 0.01894221]","[0.38636209 0.27672472 0.36306159 0.29620252 0.29467961 0.14485097
 0.13701128 0.19798082 0.38021525 0.17505488]","[ 0.20492775  0.46084253  0.26348679 -0.17366952  0.24521125  0.06114335
  0.44045568  0.49045275  0.11390168 -0.07009573]"
18,1.0979016309407579,"[0.4998819  0.47920007 0.48178958 0.06802749 0.25806113 0.28188912
 0.45851582 0.37643161 0.46659469 0.01979448]","[0.32419821 0.22083333 0.28138728 0.46627393 0.13084899 0.04814271
 0.24089208 0.11587028 0.3621276  0.49626979]","[ 0.36202443  0.48332837  0.33901114 -0.20338286  0.35840629 -0.03773818
  0.29566536  0.48712401 -0.02817138  0.33801648]"
18,0.965437946531649,"[0.35647191 0.33249637 0.43892724 0.18024078 0.15958436 0.39914805
 0.41344992 0.29046536 0.06272604 0.16610124]","[0.21943151 0.3006675  0.05420921 0.44830859 0.10399721 0.04999
 0.18608892 0.25102411 0.45752985 0.29310461]","[ 0.200608    0.49912276  0.38739025 -0.19781517  0.48205905 -0.2205061
  0.43255187  0.44882672 -0.15765781  0.28269013]"
18,0.8301126080350347,"[3.92339455e-01 4.96590200e-01 4.87519875e-01 4.46680505e-02
 2.45397638e-01 3.61704035e-02 4.40768896e-01 3.85660491e-01
 1.91201298e-01 1.98154776e-04]","[0.29642877 0.07226438 0.26911048 0.44255446 0.33668753 0.09397321
 0.10888633 0.21900936 0.5422821  0.35430293]","[ 0.41570946  0.47866101  0.49926534 -0.28107814  0.49982425  0.14849543
  0.28830219  0.49482586  0.02176891  0.14170748]"
18,0.7235611128609091,"[0.48484911 0.45260251 0.42164248 0.03242437 0.08892502 0.28544476
 0.3283817  0.24470999 0.25846521 0.07219172]","[0.49550362 0.19482408 0.3923439  0.4815429  0.29113382 0.02513803
 0.42049108 0.04262011 0.30988428 0.43852885]","[ 0.10051981  0.38163148  0.45337683 -0.23591576  0.41831321  0.24346337
  0.32952996  0.49999992  0.01280002  0.42073202]"
18,1.1257090277087642,"[4.55035967e-01 3.36206364e-01 4.87187627e-01 1.14638466e-01
 2.96760985e-04 2.11582334e-01 4.07919030e-01 4.69782550e-01
 3.75100871e-01 3.35363845e-02]","[0.11811863 0.11023327 0.27925786 0.3705382  0.02722851 0.05096606
 0.19911301 0.22327597 0.45802923 0.31523755]","[ 0.16902286  0.45534498  0.36615283 -0.08782918  0.49253827  0.04792085
  0.22191445  0.49939166  0.17136914  0.04570462]"
18,1.2681064497188026,"[0.15763112 0.4757429  0.47869517 0.24740513 0.09127811 0.10723656
 0.47729357 0.45643398 0.20353796 0.02539557]","[2.53674098e-01 3.67738310e-02 2.23651802e-01 6.25187981e-01
 8.58665257e-03 3.80567150e-05 2.87911407e-01 8.97255818e-02
 5.04803976e-01 3.97012868e-01]","[ 0.36200727  0.4436946   0.38561923 -0.2635392   0.28281036 -0.00741776
  0.43827353  0.27377926  0.03505875  0.36450551]"
18,4.683545732377996,"[0.23473088 0.31340676 0.49995948 0.32695131 0.1535587  0.49886932
 0.4917768  0.49102208 0.26165508 0.05171645]","[0.27082253 0.19743076 0.32400235 0.4997346  0.31635663 0.02756054
 0.21643609 0.12192799 0.41813179 0.39805842]","[ 0.21495816  0.35568898  0.18429799 -0.3402768   0.30577417  0.30983882
  0.46314117  0.49949244 -0.18404357  0.1350499 ]"
19,4.48603730932762,"[0.2947113  0.39913082 0.30574918 0.10402437 0.12618494 0.45412645
 0.3466539  0.47009915 0.24493328 0.12356512]","[0.36657443 0.34690897 0.25957589 0.38813588 0.2905014  0.03114616
 0.27260411 0.42478602 0.49540029 0.39530342]","[ 0.2251312   0.44979825  0.16974474 -0.30472201  0.40234594  0.0613292
  0.46923815  0.49552878 -0.37675172  0.11115144]"
19,2.028252483263563,"[0.49797865 0.38429544 0.49637857 0.16414923 0.05925697 0.26699345
 0.23326907 0.49877521 0.31006093 0.09761896]","[0.19729205 0.11901395 0.36521603 0.27312272 0.49292826 0.12476619
 0.10598675 0.15780143 0.19800433 0.42508011]","[ 0.09063043  0.29451343  0.49262327 -0.24077505  0.40895282 -0.11740253
  0.3683225   0.3408015  -0.18457128  0.07476076]"
19,2.701124275572206,"[0.49973991 0.29397322 0.39569304 0.03363092 0.21569101 0.48503214
 0.45728138 0.47937026 0.28913709 0.01831253]","[0.39201355 0.40714882 0.42696487 0.41779149 0.18457688 0.04685153
 0.18670983 0.15130863 0.44676485 0.40489313]","[ 0.43173699  0.49667386  0.17229655 -0.23700269  0.26990502  0.25408739
  0.16672441  0.40350786 -0.0269099   0.09650462]"
19,2.604531442512976,"[0.30156967 0.35030216 0.49999715 0.15019174 0.23912868 0.21866479
 0.49898358 0.45686653 0.29614401 0.4268644 ]","[0.37950395 0.16244914 0.07662963 0.29824378 0.01454292 0.04273534
 0.34701947 0.17129911 0.46840463 0.55697894]","[ 0.27326179  0.29890523  0.21045686 -0.38813343  0.42651991  0.29717159
  0.47504244  0.49333979 -0.06651881  0.49737894]"
19,2.1632250192781965,"[0.30708817 0.48273322 0.48007734 0.30285252 0.00743161 0.44968629
 0.45623165 0.46492955 0.01552481 0.19980876]","[0.24908456 0.42933317 0.30713846 0.50151948 0.19414037 0.02799225
 0.23631456 0.14636919 0.73720814 0.50685633]","[ 0.34522343  0.49946249  0.26747828 -0.17181365  0.24137422  0.03551882
  0.49758967  0.4967333  -0.06133927 -0.00610537]"
19,2.5890049009738965,"[0.32057741 0.44436045 0.49806297 0.12151011 0.32065769 0.42220016
 0.33068958 0.49851719 0.37001513 0.11262254]","[0.41382405 0.38221286 0.27758968 0.19298525 0.2156294  0.31442714
 0.2726805  0.00433229 0.42171649 0.55377567]","[ 0.16751903  0.41383117  0.23052395 -0.15549585  0.26856841  0.31457821
  0.24007474  0.34796659 -0.00546883 -0.02640832]"
19,2.067661609373793,"[0.49425446 0.43979177 0.4732829  0.11294028 0.00079449 0.41325897
 0.40199633 0.26289286 0.44322418 0.13908723]","[0.12657058 0.11390997 0.30524757 0.87619973 0.27008102 0.24575042
 0.14064683 0.3195355  0.42482939 0.57922342]","[ 0.3223454   0.39383459  0.09322802 -0.40748963  0.21267167 -0.00388142
  0.22614233  0.4836574  -0.12155904  0.01233617]"
19,2.5842219467362906,"[0.47795116 0.46228058 0.37895874 0.41610378 0.42682833 0.17054843
 0.42188946 0.46121641 0.26429651 0.0563585 ]","[0.01824749 0.34218426 0.41290918 0.43707972 0.18486798 0.12613638
 0.14689785 0.1644993  0.41138224 0.27719722]","[ 0.22131498  0.12205978  0.44678711 -0.48523986  0.44191699 -0.01385353
  0.15421468  0.47769169 -0.25823883  0.11261836]"
19,1.840123914165344,"[0.18322868 0.35809228 0.23811797 0.10385833 0.29936186 0.1473602
 0.49810425 0.49615872 0.38252483 0.0327505 ]","[0.31105316 0.3380988  0.03690233 0.47353558 0.19003247 0.00754515
 0.03544255 0.16381371 0.27307602 0.2895743 ]","[ 0.30367308  0.499321    0.34956006 -0.19072099  0.41970656  0.20428841
  0.42374863  0.36997556 -0.31200826  0.33788338]"
19,1.7122572810428238,"[0.11003691 0.47043076 0.45942759 0.11386293 0.18761415 0.38309847
 0.36421247 0.48744682 0.35814364 0.02372244]","[0.30532293 0.29023657 0.13415869 0.20472937 0.29708195 0.07622737
 0.25644047 0.25233216 0.25899967 0.41474402]","[ 0.49871506  0.4348344   0.39888154 -0.02252644  0.49520759  0.16955931
  0.48413093  0.4855316  -0.41541597  0.13196356]"
19,1.1966684945999497,"[0.21161239 0.41525662 0.4804023  0.2847898  0.03067912 0.41411504
 0.1178966  0.33479985 0.35384675 0.27377382]","[0.24690555 0.51191414 0.2173056  0.40144921 0.23486025 0.02275269
 0.37693198 0.02830105 0.57254078 0.65232275]","[ 0.43491476  0.49709947  0.23476167 -0.32657237  0.49553751  0.12018922
  0.29177448  0.48153355 -0.2574236   0.31777707]"
19,1.2837431899877845,"[3.57611209e-01 4.98881445e-01 2.75281752e-01 2.22568732e-01
 2.34895060e-05 2.84915826e-01 4.73460053e-01 4.88445834e-01
 1.10606304e-01 1.95977231e-01]","[0.27835849 0.1399919  0.37433922 0.28312779 0.29357545 0.09796653
 0.06184013 0.05707562 0.3852041  0.16809221]","[ 0.24132851  0.49972276  0.43935714 -0.30089754  0.44496865  0.29610668
  0.30894908  0.46071518 -0.03943149 -0.05492118]"
19,1.8171607435977206,"[0.41293309 0.31753647 0.47490011 0.26905094 0.07186607 0.28568614
 0.41204805 0.49896944 0.41234868 0.32163932]","[0.48370682 0.37989633 0.22559713 0.522145   0.36621502 0.06126874
 0.30097275 0.15845655 0.26862762 0.56998713]","[ 0.4401845   0.4035654   0.22109589 -0.21741815  0.20086506  0.24089381
  0.12331868  0.45730757 -0.15895381  0.23191138]"
19,0.8719422892833832,"[0.31726812 0.41950293 0.3686044  0.24532588 0.08293558 0.31693342
 0.24487699 0.40729859 0.29346288 0.31686223]","[0.45723285 0.21785126 0.05826667 0.29710549 0.40992642 0.00767282
 0.33508752 0.29988078 0.42318325 0.25956844]","[ 0.41422809  0.49903616  0.16399099 -0.16212329  0.48585451  0.18791428
  0.42863371  0.45918345 -0.2337997   0.24572014]"
19,1.2392084500236529,"[0.13044388 0.28235012 0.48621709 0.17438487 0.10827628 0.39644798
 0.34034448 0.40539163 0.2504965  0.03504002]","[0.35469918 0.32300276 0.46675952 0.28121851 0.37260037 0.15289305
 0.21242144 0.01347607 0.18639597 0.25198099]","[0.29942297 0.47558357 0.4285351  0.0069268  0.12658938 0.13365713
 0.49890311 0.49352848 0.04546873 0.16685728]"
19,2.7704140069421106,"[0.38960796 0.29117793 0.49888172 0.18631156 0.16096823 0.36734466
 0.35177179 0.49297959 0.26861168 0.1404153 ]","[0.29845463 0.27386929 0.22715853 0.47497876 0.36259302 0.28742759
 0.61860419 0.07088335 0.58561342 0.5039476 ]","[ 0.40415879  0.49708921  0.36233622 -0.01616433  0.49459324 -0.08438022
  0.46838764  0.37181105 -0.18241604  0.37588142]"
19,1.9175571026387654,"[0.4996047  0.44027265 0.33479306 0.10894589 0.15286818 0.38275868
 0.39847514 0.49030056 0.19150463 0.03941189]","[4.69369137e-01 1.79317851e-01 2.03291543e-01 4.19012501e-01
 2.79014053e-01 2.61791511e-04 3.90649588e-01 7.72700377e-02
 4.84417053e-01 4.48101663e-01]","[ 0.35378632  0.47574     0.43384724 -0.14888611  0.44254927  0.09917226
  0.48733009  0.42684525 -0.34686882  0.0569859 ]"
19,1.8382659875293932,"[0.33194621 0.49618898 0.46006295 0.22346265 0.00139202 0.29675246
 0.39735256 0.48258795 0.11959242 0.03121077]","[0.28520318 0.36131162 0.34513766 0.3732087  0.3663505  0.21245365
 0.18273189 0.1937447  0.4035384  0.32799125]","[ 0.0999277   0.35483836  0.26505376 -0.0428303   0.32858201  0.09804388
  0.06864225  0.49870937 -0.17095111  0.47170677]"
19,2.484112670680056,"[0.49742431 0.44959556 0.49964838 0.02924123 0.16073361 0.41940358
 0.48745047 0.45634595 0.09314209 0.0624797 ]","[0.43392013 0.29219716 0.180496   0.26795938 0.42439486 0.07143268
 0.08894064 0.05087662 0.46183447 0.38652648]","[ 0.19755206  0.43630672  0.18781793 -0.47655327  0.2994351   0.25806413
  0.38251883  0.31512001 -0.27082074  0.19166333]"
19,3.3610863032288956,"[0.49159304 0.22294121 0.47550641 0.4057793  0.15718763 0.3685693
 0.28759244 0.38537411 0.22517907 0.03668012]","[0.32400029 0.43153127 0.28782559 0.27548265 0.20312549 0.17941909
 0.32532642 0.22284338 0.25690588 0.30673211]","[ 0.2584077   0.42379538  0.23590418 -0.31873257  0.36040887  0.11731576
  0.45188465  0.40057569 -0.01068605  0.16385258]"
20,2.081366843782774,"[0.38345209 0.4878022  0.47482376 0.03902441 0.06685873 0.3240031
 0.36086673 0.25894003 0.33705103 0.03197201]","[0.32633597 0.32074413 0.28431108 0.06537328 0.1742224  0.21225595
 0.36682617 0.38986331 0.19277516 0.5323224 ]","[ 0.31329321  0.49548861  0.3816822  -0.24192274  0.36217538  0.04943178
  0.49997688  0.43502084  0.04847009  0.11838469]"
20,2.442691892616742,"[0.34215839 0.35122061 0.24510265 0.01702652 0.00315021 0.20388933
 0.26145353 0.45817656 0.49328639 0.08391967]","[0.09887062 0.37189628 0.01907686 0.29363055 0.1958191  0.21110852
 0.18146635 0.42388872 0.51221311 0.35503464]","[ 0.18522764  0.40421518  0.21745691 -0.18177358  0.40182909  0.15676939
  0.49966063  0.28274676 -0.37210154  0.20142151]"
20,1.5012010629976185,"[0.49767634 0.10853016 0.46097483 0.20289075 0.34189545 0.31098619
 0.14247127 0.45201836 0.40160029 0.1995501 ]","[0.38150887 0.27050231 0.23910982 0.39108457 0.21915196 0.00277715
 0.5613755  0.36389829 0.42573528 0.23115988]","[ 0.1659631   0.38873236  0.04111777 -0.02672674  0.45006698  0.16774365
  0.49975898  0.35603053  0.15393574  0.18729252]"
20,2.6158289615802235,"[2.67403654e-01 2.54885885e-01 3.98834109e-01 3.01266562e-01
 2.47040160e-01 2.84973003e-01 3.48107707e-01 4.83166680e-01
 2.86365869e-01 4.81150288e-04]","[0.08026092 0.51702865 0.28367167 0.48702632 0.2402476  0.05923819
 0.33851948 0.10562027 0.71348298 0.4373835 ]","[ 0.15436225  0.46940615  0.31289094 -0.34281543  0.39425763  0.18657092
  0.47642299  0.38648474 -0.050475    0.23867945]"
20,4.194793517308807,"[1.65407080e-01 4.60411997e-01 3.28054716e-01 3.89039097e-04
 1.19676899e-01 4.45511769e-01 2.59885907e-02 4.44672215e-01
 3.29628727e-01 1.38420774e-01]","[0.44791887 0.44639672 0.44414728 0.41315922 0.15356448 0.01845912
 0.31039794 0.13654218 0.28771981 0.50461072]","[ 0.40484724  0.43636345  0.26263289 -0.30436605  0.21687795 -0.0722475
  0.46716495  0.38338663 -0.25441599  0.24961601]"
20,1.7176781301041921,"[0.1473265  0.30938124 0.16136578 0.12021461 0.24403044 0.45494101
 0.35341393 0.34618194 0.31063297 0.01985263]","[0.62404324 0.34928677 0.61871469 0.55565425 0.55321576 0.40898257
 0.21337865 0.25611864 0.54606072 0.44213543]","[ 0.31086412  0.49999115  0.33429467 -0.18711361  0.49752155 -0.02183627
  0.34699667  0.47243658 -0.47999465  0.3045843 ]"
20,1.464802057803268,"[0.22462584 0.40175784 0.49326296 0.20447505 0.0642778  0.39340688
 0.4281008  0.35500477 0.27195559 0.13440485]","[0.4796525  0.35250803 0.14357297 0.22006463 0.28548868 0.14426164
 0.48791468 0.27132448 0.59091437 0.24057575]","[ 0.08142583  0.48300849  0.32199997 -0.22218684  0.49890728  0.09345658
  0.0644586   0.29721579 -0.1447744   0.29505591]"
20,1.222183990017227,"[0.294398   0.48510163 0.46555023 0.39048251 0.12043711 0.30733713
 0.48929855 0.31821071 0.00374877 0.27628236]","[0.42465854 0.32153691 0.35206774 0.19604206 0.16733724 0.00911111
 0.24845882 0.39208747 0.13477086 0.48839148]","[ 0.37900565  0.28773754  0.192809   -0.35502037  0.49145353  0.19123605
  0.40289586  0.44199857 -0.27670441  0.31737223]"
20,0.9165035378262525,"[0.48480048 0.2802646  0.27678132 0.4665043  0.07601002 0.37635266
 0.11416589 0.43208243 0.31437516 0.11778399]","[0.33920962 0.24407414 0.23938054 0.39393803 0.22319809 0.19450293
 0.30316153 0.05531208 0.35287929 0.51182132]","[ 0.04892032  0.40513283  0.18082693 -0.37965832  0.38916689  0.26414587
  0.49504114  0.49646725 -0.20203868 -0.06873051]"
20,0.5467833119364105,"[0.2281222  0.48105446 0.48953673 0.07154869 0.16701985 0.48217168
 0.45158195 0.45939925 0.17062248 0.02576467]","[0.52970121 0.23872938 0.35082297 0.05800914 0.27063017 0.47665863
 0.53572282 0.22517445 0.33540423 0.19106303]","[ 0.09593976  0.49439052 -0.00081245 -0.18471623  0.13500591  0.45244835
  0.44184114  0.48755774  0.04719574  0.32387772]"
20,1.1152966421165167,"[0.34606695 0.43464076 0.48680471 0.19728687 0.10482098 0.39853285
 0.47705385 0.43711165 0.37681726 0.32497393]","[0.26775603 0.4922786  0.1344864  0.20031977 0.34129169 0.18462487
 0.05016021 0.02704279 0.22464996 0.30650304]","[ 0.49022394  0.49830439  0.11299111 -0.47609408  0.3856098   0.09724822
  0.32304663  0.49945278 -0.19815385  0.18007167]"
20,1.2695980189239862,"[0.34378397 0.45654691 0.352966   0.0827221  0.07182028 0.18676348
 0.39976087 0.49162687 0.16369951 0.05828124]","[0.4573204  0.31509919 0.53173336 0.33008599 0.13296983 0.19788813
 0.41584952 0.2693127  0.55605348 0.2502758 ]","[ 0.31165013  0.49301374  0.05313867 -0.04877543  0.34266257  0.18936397
  0.46659759  0.39508007 -0.03072359 -0.00654861]"
20,1.9514565154968346,"[0.48324333 0.37281449 0.49995317 0.3307859  0.32041178 0.19503849
 0.34111848 0.36698474 0.02010281 0.09696783]","[0.51391702 0.24037325 0.31282717 0.57759975 0.35529261 0.02358354
 0.33226116 0.15133008 0.3122036  0.32255854]","[ 0.13685526  0.37539329  0.19967598 -0.24815231  0.49546849  0.10235684
  0.22298     0.49993956 -0.18673038  0.23188564]"
20,2.2326101301764494,"[0.43483042 0.40534943 0.45284315 0.2906054  0.21181209 0.49723018
 0.47374018 0.49948212 0.14869234 0.14015455]","[0.30902595 0.07913948 0.19441807 0.33809536 0.23523426 0.02479939
 0.28651229 0.46281906 0.30751122 0.40151797]","[ 0.32619828  0.49022416  0.25057199 -0.02219984  0.49796587  0.08684884
  0.17169631  0.47566663 -0.16106538  0.20138505]"
20,2.4206489496638675,"[0.44653074 0.32212778 0.35626866 0.10661113 0.46883919 0.42033082
 0.20188062 0.34752162 0.1747105  0.04833138]","[0.43336455 0.20810004 0.45658111 0.25085062 0.35775687 0.19453246
 0.17347761 0.2023378  0.56774732 0.32178611]","[ 0.49874281  0.40617918  0.31628846 -0.36380013  0.38605973  0.2197542
  0.47654993  0.49984654  0.00803244  0.02188984]"
20,2.64333346488716,"[0.33152844 0.13035361 0.41900661 0.19527286 0.39581803 0.43246548
 0.47792412 0.49984998 0.29276782 0.03895334]","[0.4769253  0.4333032  0.21348235 0.53737261 0.25764626 0.02668277
 0.18766712 0.5512741  0.39687504 0.46238514]","[ 0.3570756   0.33204588 -0.08518303 -0.17108364  0.49473643  0.24904492
  0.36641634  0.44666293 -0.17507102 -0.0138577 ]"
20,2.124578522470185,"[0.46363927 0.29125841 0.49759449 0.00136223 0.14565926 0.41100286
 0.2866112  0.48225162 0.4907404  0.00364788]","[0.15467098 0.45212471 0.24344635 0.22322556 0.30588015 0.21197511
 0.15983719 0.47211929 0.54777413 0.37824035]","[ 0.17741505  0.48166155  0.3533862  -0.33959591  0.4832259   0.11196382
  0.39987112  0.4682471  -0.11694766  0.21146315]"
20,2.631198964787766,"[0.47612577 0.35767327 0.49718712 0.10285268 0.00070439 0.32008421
 0.34195935 0.3126577  0.3986447  0.08857549]","[0.38199572 0.54496864 0.2394834  0.38259913 0.18794155 0.04633204
 0.23300634 0.16437613 0.23093557 0.30637099]","[ 0.43770279  0.4589206   0.39339894 -0.26407948  0.43067389  0.17058709
  0.18728154  0.4237336  -0.1660015   0.03805061]"
20,1.9920534860039396,"[0.29689394 0.48583163 0.4763056  0.48018974 0.37239531 0.19633259
 0.43178638 0.33777436 0.44052656 0.29986754]","[0.37364193 0.29746927 0.35071011 0.427488   0.19631322 0.16118191
 0.234399   0.0861581  0.27107757 0.55666456]","[ 0.35924385  0.46908609  0.26342556 -0.21652892  0.3328805   0.04910024
  0.35795298  0.39851285 -0.06913855  0.26214311]"
20,2.8352302810480237,"[0.20990118 0.49226732 0.43826254 0.31807609 0.24062453 0.33950007
 0.39213492 0.4825819  0.27069285 0.00571888]","[0.2400214  0.25705044 0.23465798 0.43211228 0.35387491 0.15899399
 0.19016365 0.43624407 0.47236417 0.37124858]","[ 0.28849999  0.31051594  0.3409118  -0.41596651  0.37977737  0.33799062
  0.4952304   0.45632749  0.00131566  0.33080392]"
21,1.4112609840959864,"[1.83682217e-01 2.83110912e-01 3.47772308e-01 2.48928341e-01
 6.73489603e-05 3.91399226e-01 4.97320063e-01 4.85320184e-01
 1.49560986e-01 2.19742440e-01]","[0.14310498 0.3824517  0.23946676 0.23775106 0.3510431  0.04456277
 0.52870045 0.45548175 0.18999075 0.40706629]","[ 0.23893132  0.48576068  0.26931547 -0.21653077  0.4840484  -0.03140134
  0.49899846  0.32492403 -0.00570238 -0.12265647]"
21,1.987009208157441,"[3.64434013e-01 4.76993357e-01 2.11084529e-01 3.76621879e-01
 5.23797287e-02 2.59364543e-01 4.17130816e-01 4.32974311e-01
 2.45117950e-01 2.71797008e-04]","[0.45174946 0.23093563 0.24533164 0.55381392 0.09009504 0.22480709
 0.28862329 0.34052213 0.36889894 0.51439952]","[ 0.37661112  0.44618479  0.23715795 -0.19376748  0.32230896 -0.00254615
  0.49934487  0.26188997  0.10882252  0.22828984]"
21,4.235770976869913,"[0.10815777 0.49720725 0.48980437 0.08211076 0.04890112 0.36161252
 0.18666252 0.44567452 0.15655734 0.22039255]","[4.05874989e-01 5.63168270e-01 4.05646549e-01 5.12992504e-01
 2.61922718e-01 1.66678223e-05 2.47039129e-02 2.10415154e-01
 4.63674056e-01 5.94978132e-01]","[ 0.31720967  0.37403851  0.25751446  0.06244068  0.49713532 -0.1402302
  0.26289827  0.31573067 -0.13023598  0.19578038]"
21,2.5609257256850397,"[3.26691443e-01 2.59852252e-01 1.02478610e-01 2.13741927e-04
 4.92261510e-01 4.24307401e-01 4.76699522e-01 3.77925634e-01
 2.48539303e-01 3.03350304e-01]","[0.332403   0.33855455 0.36045776 0.3816459  0.26729009 0.05461111
 0.31729714 0.21957941 0.59279359 0.29990972]","[ 0.4992343   0.07351999  0.18458353 -0.21960145  0.44916506  0.11203738
  0.20797776  0.49278526 -0.16519947  0.12025032]"
21,0.3443319940490755,"[0.23262828 0.47852389 0.47135463 0.2189918  0.20708148 0.43944254
 0.43124956 0.21007823 0.35024294 0.09546417]","[0.37967989 0.5485245  0.30489737 0.49613465 0.35547975 0.00153384
 0.23341779 0.25765549 0.32702065 0.45764957]","[ 0.48500908  0.25920938  0.3053957  -0.05637813  0.2603304  -0.02879621
  0.24731818  0.45150787 -0.11370289 -0.09391443]"
21,1.4246689360601776,"[0.36876506 0.36699385 0.44631021 0.22698211 0.07805103 0.4182917
 0.26820315 0.49909737 0.26909593 0.1039003 ]","[0.41206884 0.50630685 0.27770561 0.44327917 0.37149232 0.1858006
 0.14826372 0.27629485 0.48411924 0.39109907]","[ 0.49827896  0.49810312  0.1920593  -0.39752872  0.34085871  0.12977774
  0.43697347  0.48078324 -0.22039925 -0.00124894]"
21,2.278682806903137,"[0.30579955 0.37061427 0.48533397 0.22179766 0.26530181 0.43808874
 0.43932629 0.36860516 0.40205896 0.02058172]","[0.40953212 0.35270415 0.29627347 0.34017989 0.18803083 0.05449035
 0.58869399 0.36650735 0.20065586 0.52312827]","[ 0.31156922  0.33742138  0.39708862 -0.2461273   0.49348545 -0.03334184
  0.32277445  0.48219466 -0.37412416  0.23691156]"
21,1.6125597144165489,"[0.48927534 0.40211362 0.49640892 0.18820978 0.06007898 0.49686869
 0.25139284 0.40116772 0.29854965 0.1479258 ]","[0.31575606 0.3515505  0.41006161 0.4619359  0.14817556 0.17904189
 0.42755434 0.23297853 0.36867863 0.32213034]","[ 0.2363262   0.34778663  0.4659308  -0.147571    0.4122009   0.0713207
  0.48923258  0.49591622  0.26940505  0.314979  ]"
21,1.2560641504709615,"[0.26156506 0.49145663 0.33217162 0.26293787 0.04328788 0.18100146
 0.32223109 0.43648108 0.18014888 0.34273768]","[0.32524339 0.2430386  0.24488789 0.51155542 0.32319898 0.12583387
 0.23012089 0.49688008 0.33348898 0.48527899]","[ 0.39922416  0.49772115  0.30881726 -0.18722843  0.37327503 -0.01993629
  0.43668139  0.49544815 -0.0851328   0.39186997]"
21,2.195074303746121,"[0.35066406 0.37325026 0.14189127 0.0072064  0.39981569 0.1414068
 0.36716201 0.45419577 0.10773124 0.00469885]","[0.36805704 0.31216196 0.18338829 0.31159389 0.24568687 0.0424185
 0.35450614 0.17399195 0.47515202 0.40379337]","[ 0.49360574  0.44552219  0.4902147  -0.4918929   0.41717022  0.19491621
  0.47540878  0.45940437 -0.12970939  0.47460518]"
21,1.074970670862883,"[0.30204877 0.40336661 0.40756782 0.09501057 0.17144357 0.24211658
 0.46035914 0.31473796 0.35820342 0.11628233]","[0.35980593 0.75655014 0.07659059 0.49618412 0.12962468 0.10841706
 0.25590703 0.43336892 0.07861659 0.40253469]","[ 0.4696787   0.39201699  0.28552348 -0.27067036  0.49901237  0.49984105
  0.46772711  0.49464584 -0.47414948  0.3295372 ]"
21,1.9278896476018963,"[0.49367281 0.49541576 0.49995573 0.27551392 0.07938266 0.4604701
 0.30943231 0.45532641 0.30785144 0.1026431 ]","[0.27026248 0.35035295 0.45408418 0.68998601 0.38134768 0.04343106
 0.40444114 0.3082951  0.56569944 0.54835896]","[ 0.43381548  0.16709141  0.18184672 -0.4971148   0.35910735 -0.23881655
  0.49769265  0.48609739 -0.15104405  0.10037843]"
21,2.3971675140418807,"[0.17168454 0.48313057 0.48539996 0.11984149 0.4227206  0.36501252
 0.20008925 0.49824093 0.40654113 0.00318885]","[0.37651308 0.4936484  0.121279   0.31469869 0.19731702 0.02172106
 0.62778749 0.47143403 0.34231553 0.72878118]","[ 0.4868189   0.3257753   0.18711439 -0.41040383  0.12017983  0.33049389
  0.47997842  0.49922915 -0.30268884  0.09067346]"
21,1.5017912468531371,"[0.3145475  0.34219111 0.32160636 0.19619076 0.38858254 0.46757264
 0.49076062 0.49728974 0.49916702 0.01807576]","[0.37711173 0.22445192 0.35527454 0.37875421 0.21021213 0.00634883
 0.24499947 0.23654846 0.13804592 0.33567841]","[ 0.26520902  0.4646688   0.01546693 -0.48247428  0.18655624  0.03219116
  0.36231649  0.44401763 -0.05699027 -0.14665432]"
21,2.222537664258423,"[0.44196933 0.49997238 0.48714224 0.13624702 0.1417198  0.49747541
 0.47671544 0.47172267 0.4608405  0.18597651]","[0.11507817 0.33089206 0.21290446 0.52287988 0.39604631 0.00306137
 0.31137328 0.0842116  0.35737144 0.35554747]","[ 0.29574935  0.38442864  0.27675821 -0.34843728  0.37342203 -0.01141138
  0.48372371  0.39247883 -0.07920382  0.38132327]"
21,2.9762913047687176,"[0.16121375 0.48062497 0.18019722 0.11217334 0.31507396 0.32236292
 0.39045306 0.43177607 0.45982267 0.40941169]","[0.50949862 0.49823985 0.59952005 0.31473434 0.37551323 0.27226039
 0.06135963 0.24961801 0.31720908 0.41423474]","[ 0.33971203  0.37823643  0.40413416 -0.30573768  0.42270855  0.17777291
  0.4625259   0.4895885  -0.26834514  0.14908364]"
21,1.5787080032599101,"[0.0423429  0.36092727 0.33374921 0.08998131 0.20629865 0.32758964
 0.49624706 0.49720289 0.47547495 0.17466333]","[0.31839493 0.48125349 0.09549982 0.29848902 0.24580485 0.33501154
 0.55936344 0.26321172 0.45273985 0.58963323]","[ 0.24779746  0.39914033  0.31801316 -0.47136164  0.44925879 -0.01851796
  0.44137238  0.49935132 -0.31362523  0.22060226]"
21,3.0174238890069067,"[0.37132389 0.43032761 0.37447965 0.11621341 0.34454583 0.35902034
 0.4533497  0.49037544 0.46227635 0.0959418 ]","[0.76133216 0.25400864 0.27385471 0.39829168 0.07217928 0.03902463
 0.4269974  0.34186554 0.63579529 0.64954335]","[ 0.42291024  0.24707245  0.2176931  -0.4710635   0.45833524  0.00530613
  0.35875366  0.49299555 -0.29459808  0.00550539]"
21,3.9751144488200487,"[0.32120392 0.3510607  0.37152808 0.28267962 0.12765546 0.45631666
 0.27226848 0.35356569 0.49703516 0.10985074]","[0.34388058 0.46225837 0.34845953 0.75838286 0.18011692 0.0071401
 0.25069476 0.239674   0.51197886 0.57630025]","[ 0.41814128  0.44920152  0.04761668 -0.24899906  0.20610154  0.02217687
  0.488408    0.48935036 -0.03863672  0.0912898 ]"
21,2.7034358130964398,"[0.27473496 0.32959707 0.4920219  0.15662228 0.1726442  0.34357819
 0.29912795 0.49500359 0.49257901 0.12598224]","[0.30840601 0.54563172 0.58726611 0.25470387 0.2153955  0.07916862
 0.27705278 0.50733564 0.22281332 0.54742446]","[ 0.48123747  0.44516699  0.28600472 -0.35219372  0.35516541  0.32365734
  0.49424438  0.49911265 -0.22062032  0.2275089 ]"
22,1.8743537005699957,"[0.33312659 0.49944819 0.47893363 0.00718902 0.30758517 0.37049168
 0.34449019 0.38121873 0.38683571 0.04396211]","[0.52799687 0.34723998 0.19265984 0.42552167 0.29467305 0.01087824
 0.3580667  0.24360993 0.24394058 0.3497044 ]","[ 0.49949698  0.42101091  0.18825309 -0.27322553  0.46215138 -0.05733898
  0.1803118   0.49930469 -0.0253588   0.42530847]"
22,0.9121807815120047,"[0.19760688 0.48008395 0.41316558 0.08006301 0.04751128 0.45028868
 0.38388445 0.09747093 0.30927224 0.24229688]","[0.59910708 0.49490423 0.25498281 0.90385849 0.22078931 0.21996954
 0.53394075 0.22449612 0.45527008 0.30982038]","[ 0.41281466  0.48721803  0.08241327 -0.16170505  0.43716362  0.03218766
  0.42648627  0.45720252 -0.19242199  0.29289201]"
22,0.4224371420344564,"[0.16166384 0.40370944 0.39003016 0.24047755 0.07682104 0.22948274
 0.35789492 0.12092625 0.49678503 0.00700784]","[0.32354839 0.52758353 0.49385884 0.34471834 0.40091181 0.08522823
 0.21122222 0.28399415 0.36338671 0.63889684]","[ 0.37632167  0.41008335  0.10612791 -0.38710284  0.43709306  0.1417602
  0.48611343  0.47318154 -0.49416675  0.28522251]"
22,1.8995964059535808,"[0.21347338 0.25528869 0.21502099 0.07040344 0.38907123 0.32487981
 0.08521002 0.49783681 0.23224681 0.10136199]","[0.13086296 0.71400689 0.68642476 0.69626883 0.02476905 0.03065734
 0.05566925 0.43104921 0.6965299  0.35220159]","[0.48364979 0.45347772 0.39510368 0.01164238 0.08843196 0.01184172
 0.3289938  0.35763378 0.00189661 0.34790607]"
22,1.4843310094353261,"[0.37512641 0.34597299 0.13359794 0.00832725 0.05341356 0.43081252
 0.49353437 0.31535825 0.49829344 0.2206316 ]","[0.65106973 0.74312805 0.33414246 0.64349878 0.16836445 0.05959362
 0.42470855 0.28057514 0.48168858 0.57817877]","[ 0.16788934  0.09472466  0.36118454 -0.25262827  0.48501762  0.08861283
  0.49995799  0.29105896 -0.11327837  0.28869048]"
22,2.552639293807261,"[0.46629038 0.45513684 0.48169428 0.40565501 0.12760077 0.48857129
 0.21366076 0.48031424 0.34881768 0.20603592]","[0.38078631 0.47100106 0.20222138 0.46706168 0.483102   0.12787474
 0.27852882 0.35521911 0.19519895 0.6914504 ]","[ 0.4185327   0.46472651  0.17880382 -0.2424979   0.1916169   0.31247447
  0.02662133  0.09216567 -0.20685205  0.21265153]"
22,2.4208850193886646,"[0.37217122 0.14634093 0.4844491  0.12856836 0.01494323 0.46777851
 0.37474519 0.43352813 0.24289156 0.28428929]","[0.44319951 0.68349628 0.18846542 0.65728635 0.5029227  0.08223826
 0.04313281 0.41344627 0.46885089 0.73749525]","[ 0.45067502  0.44285149  0.16416016 -0.31771603  0.36439882  0.07044483
  0.22062375  0.49554997 -0.03648223  0.1517349 ]"
22,3.239483529392252,"[0.34178164 0.43478874 0.48793676 0.22678845 0.00925058 0.41350321
 0.4976286  0.33440624 0.47831179 0.10961339]","[0.5179226  0.51464887 0.33771366 0.26260564 0.05359735 0.0011501
 0.41551902 0.32978254 0.45528479 0.45682154]","[ 0.30541386  0.4902795   0.13254043  0.12048312  0.41631673 -0.0595971
  0.32196596  0.49347073 -0.23716095  0.32190829]"
22,4.985989231273152,"[0.05238071 0.21521933 0.46467353 0.4257121  0.34109667 0.46643714
 0.33881743 0.36376069 0.38506644 0.1775305 ]","[0.42782055 0.56533418 0.23369885 0.53197812 0.12252296 0.00076709
 0.30710643 0.29563728 0.39745063 0.42182715]","[ 0.36899697  0.45015696  0.15211485 -0.09626859  0.49952494  0.44451797
  0.41980162  0.451542   -0.11058702  0.22158324]"
22,4.8216154494814045,"[0.38929464 0.44479997 0.27380309 0.42598082 0.18591843 0.48783786
 0.27437281 0.36408873 0.29941055 0.06581585]","[0.5055066  0.60008117 0.52978832 0.38357216 0.33886769 0.05061765
 0.05452116 0.19827064 0.45012617 0.47845369]","[ 0.18742134  0.29019664  0.3058085  -0.43053646  0.31532837  0.02708518
  0.39591508  0.4903963  -0.35182614 -0.04514813]"
22,1.8464816706798592,"[0.39774969 0.49995495 0.47649023 0.02541372 0.132294   0.39459936
 0.12255307 0.37762872 0.47469085 0.07390646]","[0.44527598 0.38086098 0.43697324 0.33402484 0.13854422 0.01741779
 0.50411583 0.01689168 0.59577093 0.46055149]","[ 0.38826972  0.48380832  0.10008332 -0.17040837  0.41287379 -0.09274681
  0.46579284  0.47279703 -0.19507652 -0.16301387]"
22,3.0429589145850193,"[0.04538989 0.41106582 0.21392424 0.00625338 0.07708315 0.25022158
 0.40818851 0.41141731 0.33889183 0.08372267]","[0.58211677 0.3467769  0.52544434 0.57841341 0.28478819 0.25214772
 0.19555648 0.50411109 0.69213015 0.4414599 ]","[ 0.39111429  0.34065321  0.3141719  -0.32693754  0.49908025 -0.09550949
  0.48778987  0.4961323   0.22341252  0.09513581]"
22,4.839338767720521,"[0.34509125 0.45507638 0.05712996 0.00593757 0.02680694 0.45689511
 0.33081138 0.49989108 0.44361288 0.10674684]","[0.40022624 0.67596729 0.28377278 0.41688538 0.18541696 0.05313775
 0.13954817 0.20443356 0.50383981 0.37196082]","[ 0.33476378  0.48109505  0.46022919 -0.33866807  0.48516723 -0.14742606
  0.42200835  0.44904447 -0.05269554  0.04799464]"
22,12.807528010549891,"[0.2091582  0.4624892  0.32538442 0.01274471 0.18066076 0.39305641
 0.45093259 0.49681649 0.30913518 0.00914155]","[0.60281584 0.4905575  0.23027747 0.49801608 0.17853115 0.19627492
 0.08810963 0.46696127 0.61618245 0.70441382]","[ 0.34580408  0.31824832  0.48727139 -0.40611276  0.46579887  0.22648104
  0.48595768  0.46774653 -0.16283468  0.35839107]"
22,3.2862990222433726,"[0.19751814 0.14353546 0.12081716 0.17842591 0.21410468 0.49709225
 0.14827732 0.49454904 0.46968424 0.01964385]","[0.56522584 0.73160093 0.49162244 0.562892   0.0283333  0.11721453
 0.16761615 0.28776713 0.62073091 0.40594738]","[ 0.39715782  0.42206374  0.05841192 -0.09655952  0.21464627  0.04910413
  0.44965534  0.34106546 -0.03141294  0.07886653]"
22,3.282416479776878,"[0.15684058 0.42502834 0.46260252 0.27350163 0.40167452 0.49716926
 0.28038558 0.25052484 0.49218735 0.25950484]","[0.55215958 0.28180504 0.47950935 0.56592995 0.01827266 0.1200681
 0.00565672 0.00920279 0.24908248 0.39360979]","[ 0.49700647  0.30747029  0.45161586 -0.40186628  0.39642854 -0.04263324
  0.33309481  0.2273851  -0.12423108  0.22421945]"
22,5.596994850636689,"[0.42065723 0.43922981 0.49896166 0.14725611 0.25558742 0.42924449
 0.4999453  0.29400557 0.39193298 0.20511729]","[0.34263245 0.3644001  0.17215043 0.56433851 0.19587391 0.0224553
 0.21052888 0.0059589  0.60337168 0.53798868]","[ 0.27760361  0.49999898  0.17346104 -0.2911929   0.30866976  0.22417835
  0.42844906  0.31482522 -0.2276014   0.16913056]"
22,0.6533668912161871,"[9.17415080e-03 4.82473236e-01 2.80309373e-01 2.70784336e-01
 1.57959357e-04 3.54024758e-01 4.43533564e-01 3.17515859e-01
 2.39779816e-01 7.59225915e-02]","[0.11923072 0.44451293 0.42766393 0.430636   0.20835464 0.19314235
 0.0691579  0.43535612 0.35928173 0.6033298 ]","[ 0.46057499  0.48865675  0.41170938  0.14615348  0.4961511  -0.05700444
  0.44322432  0.47557131 -0.2021297  -0.10469352]"
22,3.7396305015845086,"[0.3383211  0.49000054 0.49703179 0.12527578 0.1753672  0.36646144
 0.27567084 0.40581722 0.28171286 0.38233364]","[0.49725525 0.48254489 0.55629341 0.58387594 0.63894218 0.02337536
 0.03800642 0.11369453 0.61810593 0.68093436]","[ 0.27514094  0.48465157  0.49999444 -0.29537235  0.17199531 -0.02918087
  0.46195144  0.36234769 -0.35613424 -0.12764084]"
22,1.2099342906176622,"[0.03099804 0.49582486 0.46679709 0.02991688 0.35773977 0.47777863
 0.29593291 0.46143287 0.18792934 0.27153442]","[0.35354653 0.6689684  0.43063123 0.70980067 0.36554352 0.05290661
 0.0142547  0.57672373 0.32990016 0.56550621]","[ 0.47092136  0.47470269  0.41230101 -0.12215217  0.30493394 -0.06935458
  0.49552334  0.27407387 -0.03688283  0.1971354 ]"
23,0.9308694463669791,"[0.14509208 0.36840141 0.42521663 0.16470517 0.16825843 0.16673184
 0.47609855 0.22729054 0.49900574 0.28131766]","[0.47778928 0.4382105  0.13748066 0.40909989 0.19610199 0.01290966
 0.10558674 0.01630569 0.76205221 0.42469393]","[ 0.18210837  0.37912476  0.31634839 -0.32024886  0.39565938  0.19629789
  0.49127161  0.49984621 -0.34403778  0.06294593]"
23,2.253813030669928,"[0.11775947 0.31209452 0.09735379 0.21938588 0.17085116 0.39174347
 0.47471281 0.3035266  0.49772211 0.04101554]","[0.578593   0.53600823 0.11942343 0.25923347 0.16282609 0.02132838
 0.2199885  0.09904442 0.59403683 0.65499654]","[ 0.42778955  0.39468118  0.27500608 -0.21193407  0.41126765  0.13569462
  0.20854923  0.47857287 -0.24031747  0.32323291]"
23,0.5430351499523197,"[0.22794727 0.41568995 0.49191141 0.1735685  0.39610959 0.269416
 0.42874319 0.28860704 0.24185933 0.34599132]","[0.36650418 0.43200609 0.13766479 0.61415182 0.1142232  0.05366434
 0.29052615 0.39542176 0.52941725 0.5218081 ]","[ 0.49924896  0.46867799  0.37171812 -0.18316823  0.33584946  0.30497213
  0.46861941  0.2963671  -0.03854202  0.1793888 ]"
23,3.4240046223326663,"[0.22787887 0.49676913 0.47840312 0.00553131 0.43868885 0.35617342
 0.41161043 0.49557255 0.44290482 0.04078359]","[3.38025774e-01 5.10359530e-01 1.93496457e-01 6.49194603e-01
 2.07164298e-01 6.89548946e-05 2.65861816e-01 2.16701638e-01
 5.36677984e-01 6.51070227e-01]","[ 0.31548791  0.4260558   0.36868764 -0.47749661  0.00584658  0.40022486
  0.47831428  0.43956344 -0.17560607  0.17616915]"
1,0.6643130579834864,"[0.26474965 0.2580981  0.3654006  0.44000809 0.11333731 0.41602201
 0.3659857  0.22516447 0.18102812 0.33165442]","[0.11458629 0.20772854 0.25185398 0.31867584 0.28656309 0.17196804
 0.25805124 0.25704056 0.10516132 0.28070249]","[0.12300419 0.21282335 0.17174742 0.16838302 0.46175911 0.25204621
 0.21647211 0.38250566 0.15845564 0.3590852 ]"
1,0.8700448777193222,"[0.32013878 0.30749128 0.24925451 0.32653288 0.30257405 0.3096311
 0.36032961 0.26506364 0.23870351 0.18589527]","[0.16670992 0.27285307 0.11450365 0.28897788 0.42582516 0.36388123
 0.42163732 0.43065997 0.30588685 0.29334021]","[0.18651461 0.23764418 0.14404039 0.31692998 0.20251046 0.47867146
 0.03659886 0.09509616 0.25684155 0.29707615]"
1,0.8108781695934755,"[0.39476459 0.48820416 0.09479215 0.31726138 0.26902825 0.03230848
 0.26118099 0.31226912 0.29488206 0.19879775]","[0.15809258 0.11583489 0.22975984 0.22289825 0.18365444 0.23029609
 0.31651069 0.12701371 0.10078567 0.26385919]","[0.11835705 0.38465345 0.05232356 0.17923559 0.20398371 0.21233624
 0.15495274 0.2001848  0.11832326 0.35462986]"
1,0.8937271155768476,"[0.33785705 0.24486411 0.10468897 0.26621981 0.40323713 0.18473045
 0.2163637  0.39488949 0.22132327 0.21734612]","[0.42813236 0.27965094 0.09826049 0.19218651 0.13209299 0.25738788
 0.26537328 0.17603395 0.32123168 0.20305023]","[0.25041551 0.25191898 0.23880761 0.32573604 0.32765886 0.31866488
 0.03828154 0.44804233 0.04833625 0.10440331]"
1,0.7227742308438687,"[0.20584523 0.18744255 0.23103591 0.24273182 0.25995389 0.15804274
 0.26016501 0.279862   0.23210732 0.39531941]","[0.08268774 0.21139799 0.20124349 0.14477485 0.17791343 0.38988267
 0.29377986 0.19058226 0.20675281 0.30001576]","[0.31905306 0.28237254 0.34795081 0.31104023 0.33885091 0.26527813
 0.18038676 0.34972316 0.27531039 0.13200794]"
1,0.6243347042656304,"[0.29435883 0.2856446  0.25107891 0.30501552 0.11896488 0.34801244
 0.26430575 0.11195122 0.35447302 0.2144298 ]","[0.46659156 0.14162447 0.38250707 0.13377835 0.25558757 0.29094224
 0.31013809 0.24184418 0.33494372 0.15613172]","[0.28905286 0.42046921 0.39326367 0.2803305  0.2240123  0.20422297
 0.28805528 0.28448738 0.21825894 0.36815736]"
1,0.6582773620916277,"[0.29339325 0.28772798 0.3433873  0.25605979 0.35641809 0.28001215
 0.16476774 0.18551469 0.37262211 0.36051537]","[0.23655553 0.2006546  0.29637657 0.32329587 0.27128282 0.29418383
 0.29119408 0.25302248 0.15624418 0.33620917]","[0.32502632 0.12680949 0.48155105 0.05645696 0.31028094 0.16779033
 0.28810936 0.29175434 0.26857404 0.4629526 ]"
1,0.7246481855886115,"[0.4210195  0.40663555 0.24255523 0.36594947 0.24366049 0.31610318
 0.22547856 0.18764005 0.25887317 0.20675744]","[0.12759445 0.42624219 0.26757807 0.25751925 0.41603842 0.36699505
 0.31334469 0.20386366 0.21693383 0.29318764]","[0.42049702 0.24562186 0.30370783 0.32838416 0.31141998 0.25007368
 0.43044995 0.33105014 0.22428993 0.38051643]"
1,0.6956399063136476,"[0.21679237 0.31695453 0.32448232 0.23954428 0.24138774 0.15084371
 0.32217002 0.39019386 0.30381167 0.207235  ]","[0.26524297 0.31086537 0.25789069 0.14373605 0.23108093 0.33755543
 0.23242016 0.22467779 0.21580691 0.23242332]","[0.20019188 0.36291883 0.24356987 0.22274875 0.22848494 0.32012079
 0.44711824 0.32090015 0.26759468 0.20488213]"
1,1.1281087804050038,"[0.28346834 0.30279755 0.261658   0.26147017 0.26690268 0.22420924
 0.2713414  0.29719454 0.2366461  0.44655496]","[0.23292805 0.2982466  0.31344615 0.24327863 0.13533145 0.42282068
 0.21448053 0.20784766 0.27174597 0.14760589]","[0.26249306 0.206762   0.31263361 0.17808295 0.16868016 0.29404961
 0.27282161 0.43272834 0.01135207 0.2824807 ]"
1,0.6461051673376803,"[0.05717124 0.41138718 0.16353821 0.23275939 0.36253406 0.27715338
 0.2008137  0.478288   0.36436431 0.23334099]","[0.23347543 0.00238242 0.06059224 0.23373407 0.17612011 0.32619953
 0.2544224  0.09183594 0.18193652 0.01320593]","[0.16775786 0.30861248 0.27408661 0.25248634 0.39390975 0.29490824
 0.24064567 0.27048183 0.22820701 0.10759346]"
1,0.6913428387013328,"[0.05093775 0.16040182 0.33088225 0.2560926  0.10335316 0.24410995
 0.1931519  0.40842209 0.10715671 0.1994867 ]","[0.42131879 0.19583993 0.39795706 0.24577094 0.25509847 0.20797208
 0.24886728 0.28766217 0.35819181 0.43134335]","[0.25408568 0.39708972 0.34320629 0.29351189 0.39392891 0.31725533
 0.40658005 0.34110927 0.0948654  0.15791827]"
1,0.9943703453236971,"[0.20334377 0.25384071 0.35694574 0.33705791 0.3060814  0.29558659
 0.38646486 0.23538113 0.34688886 0.41262339]","[0.37835533 0.22007632 0.11197449 0.36438577 0.07775388 0.26502353
 0.26425252 0.22539497 0.28378169 0.23611564]","[0.13948484 0.23985273 0.42110972 0.20829329 0.13906847 0.21533573
 0.16348702 0.32205315 0.31353593 0.19475383]"
1,0.5668279532904628,"[0.3275591  0.22053737 0.20486222 0.13094361 0.49957208 0.10874854
 0.39236958 0.21662306 0.21609626 0.16182417]","[0.05265489 0.29899375 0.13777207 0.03963243 0.30489062 0.28986459
 0.40688362 0.39478649 0.15693593 0.13879212]","[0.22653469 0.25616538 0.15486863 0.04357798 0.08709568 0.32871736
 0.16390536 0.26574904 0.28074199 0.1846187 ]"
1,0.6270921183552085,"[0.03551989 0.25261799 0.32162127 0.38569969 0.26923005 0.11985913
 0.28051366 0.43466925 0.31271421 0.15133276]","[0.24030722 0.32806805 0.16533852 0.19347943 0.29009803 0.30618121
 0.27463106 0.12375147 0.38570864 0.39788641]","[0.23499833 0.23715357 0.17848817 0.1961541  0.31987264 0.20294771
 0.17928796 0.2534649  0.23527633 0.17887633]"
1,0.5092982994074721,"[0.40298685 0.40287436 0.11654295 0.14899555 0.17158756 0.13277123
 0.12240801 0.12298318 0.1614175  0.15530292]","[0.36106136 0.28434484 0.23971769 0.23902675 0.16120408 0.30178988
 0.15592624 0.22192396 0.21710547 0.23202731]","[0.36246722 0.40560237 0.30296379 0.2498376  0.29634452 0.19612944
 0.44843295 0.27528448 0.25359776 0.17438023]"
1,1.0060699579136547,"[0.08541269 0.19893285 0.16253001 0.17794092 0.35264888 0.30522943
 0.31286748 0.22748812 0.3970704  0.36005938]","[0.01251564 0.2056187  0.33104103 0.24889929 0.19176428 0.12212733
 0.15702459 0.15643536 0.21851869 0.19288763]","[0.16619156 0.3010964  0.19661669 0.25151796 0.13637957 0.25242645
 0.10558031 0.35966683 0.17065656 0.33529769]"
1,0.8189482381255893,"[0.23064114 0.23708634 0.12739862 0.13050074 0.10327248 0.22464746
 0.08316846 0.28246301 0.21726331 0.27331545]","[0.10242765 0.01331965 0.41804808 0.36504954 0.28289633 0.13025783
 0.29568876 0.36715597 0.37693083 0.34007848]","[0.14018759 0.24004825 0.30533577 0.17989671 0.20418593 0.20854486
 0.33959833 0.15853133 0.26286351 0.34160074]"
1,0.9347811272762017,"[0.18796089 0.23204789 0.33585784 0.22087781 0.30298452 0.26982633
 0.20319543 0.31943563 0.16658115 0.17356365]","[0.38436276 0.25231991 0.17709528 0.33332482 0.34305993 0.38592477
 0.43132981 0.13509625 0.22185954 0.39139907]","[0.23910743 0.28280642 0.20139519 0.36442385 0.21702516 0.15792452
 0.20510608 0.17112967 0.30744429 0.31634937]"
1,0.5965091216602221,"[3.71507239e-01 2.91700491e-01 1.55321937e-01 1.98825286e-01
 1.09343182e-01 4.41115491e-05 1.84766641e-01 4.43248204e-01
 2.48977423e-01 1.78604107e-01]","[0.26755261 0.00256474 0.11034402 0.22344443 0.33072183 0.16502064
 0.16046002 0.20414739 0.21888589 0.33217005]","[0.28226363 0.49954662 0.19460434 0.35278511 0.32914451 0.37788455
 0.22441719 0.12600061 0.14108618 0.07496718]"
2,0.6997127966681438,"[0.27249525 0.15547365 0.268839   0.31357812 0.1923114  0.16238389
 0.35956112 0.36569927 0.25752065 0.38605932]","[0.36092722 0.18383029 0.23161859 0.15490409 0.22573727 0.27040939
 0.01380334 0.29216205 0.21166599 0.08555462]","[0.19695279 0.34760496 0.37476272 0.275025   0.224253   0.00358314
 0.09210765 0.33815433 0.17446336 0.20218285]"
2,0.8330445722581495,"[0.12177139 0.34470116 0.29372441 0.23399441 0.21819623 0.25353648
 0.20482424 0.3945486  0.20028676 0.45817714]","[0.40571428 0.21807896 0.0556754  0.29475892 0.13918775 0.17027423
 0.13792339 0.15835767 0.28322887 0.15912434]","[0.18817276 0.28921141 0.25024787 0.22102266 0.19011063 0.29305004
 0.15911058 0.34253201 0.24948604 0.13868571]"
2,0.5442335320344726,"[0.30753889 0.37969556 0.21141549 0.14698036 0.28305413 0.24520213
 0.25195742 0.31283123 0.35245305 0.25355853]","[0.3157983  0.38812783 0.31029764 0.27742406 0.03773249 0.13864843
 0.3113464  0.2209328  0.19570171 0.30982193]","[0.24446917 0.25453724 0.33062661 0.16844709 0.32134488 0.10245437
 0.22451552 0.369043   0.09654088 0.33330841]"
2,0.6471658198062219,"[0.15682893 0.21322108 0.16268974 0.22141037 0.06747883 0.16664523
 0.32604879 0.35062354 0.30278353 0.34414836]","[0.29449776 0.10468303 0.2307636  0.24804531 0.10897532 0.21667488
 0.00733966 0.35982351 0.27746862 0.21818967]","[0.19024649 0.20706609 0.14915462 0.29872131 0.13761309 0.25365361
 0.19818858 0.09512291 0.24890443 0.40640952]"
2,0.6857560553834527,"[0.34016498 0.32627194 0.21917763 0.28975322 0.10640593 0.2228556
 0.1527657  0.20450185 0.3426565  0.29871147]","[0.16566425 0.20132818 0.2694409  0.3088679  0.25862126 0.23128309
 0.22490609 0.3538018  0.34443016 0.35806001]","[ 0.10081395  0.06275466  0.36192616 -0.06029318  0.39452651  0.20551693
  0.02666734  0.34693607  0.23091779  0.20592817]"
2,0.7894345958445358,"[0.19040951 0.13358468 0.24397695 0.22952568 0.31574072 0.22231979
 0.07890445 0.33859594 0.16808499 0.30920432]","[0.29746478 0.16141422 0.26694158 0.35860991 0.32601825 0.34972168
 0.36954782 0.26123561 0.28777482 0.26058539]","[0.29751808 0.40158133 0.31588923 0.27526033 0.18123487 0.40798594
 0.30736974 0.32111444 0.18874641 0.22562766]"
2,1.0810890994145745,"[0.30103043 0.32180168 0.19940812 0.2026     0.30451551 0.18214585
 0.27950721 0.25561781 0.34732197 0.2223987 ]","[0.3623964  0.30710782 0.35199747 0.2172514  0.12897084 0.01964802
 0.12558845 0.18224555 0.22913815 0.2458067 ]","[0.16416242 0.39147735 0.36203069 0.30213671 0.21154938 0.24247308
 0.30035972 0.26936955 0.15523416 0.2602704 ]"
2,0.3583857507496131,"[0.16814576 0.34781657 0.34254419 0.34165427 0.44323134 0.29792151
 0.23358603 0.29827766 0.282722   0.22898601]","[0.31924469 0.16508376 0.29434279 0.10987194 0.08947232 0.41894149
 0.30423038 0.36241976 0.36426064 0.17809471]","[0.08280856 0.2795498  0.22050829 0.1538649  0.10049643 0.26460634
 0.26952977 0.31822106 0.23226711 0.41024007]"
2,0.6531688087784072,"[0.27286362 0.17569286 0.20628011 0.19364805 0.24329779 0.36880447
 0.44666789 0.31245323 0.22356168 0.38050987]","[0.25600346 0.14599636 0.2288018  0.31975774 0.11674807 0.23307674
 0.22849254 0.32394189 0.44251779 0.29439591]","[0.23264201 0.18903714 0.31362129 0.31215857 0.22418693 0.13121586
 0.15359404 0.19558357 0.1965248  0.15399411]"
2,0.6275177142564918,"[0.18306051 0.13448429 0.25331711 0.29970707 0.27301492 0.14713682
 0.27740942 0.2653231  0.35812175 0.28611723]","[0.15843402 0.21936741 0.24809926 0.31443795 0.1609042  0.24471782
 0.24056883 0.20116794 0.2513475  0.17923328]","[0.10549077 0.37734114 0.29979568 0.14884395 0.22806292 0.31413948
 0.25565359 0.41297479 0.16523623 0.26415789]"
2,0.6764667820642145,"[0.23875645 0.31503495 0.19519443 0.22571826 0.37552788 0.29469759
 0.40587473 0.22634638 0.20009911 0.2132796 ]","[0.28022862 0.11920977 0.23181825 0.40551896 0.12303415 0.28346735
 0.27425746 0.18813662 0.05664108 0.16605046]","[ 0.16570818  0.25998732  0.34884071  0.35041273  0.28620666  0.32504216
 -0.02619008  0.24218144  0.09314598  0.26107353]"
2,0.6227576564076066,"[0.16250882 0.19181475 0.12760765 0.09455058 0.29958846 0.13384451
 0.16292479 0.24090452 0.18425357 0.42903323]","[0.20608422 0.17994961 0.13306052 0.25847329 0.12393463 0.4106532
 0.2235842  0.33827667 0.34321798 0.37987501]","[0.11445637 0.3549421  0.37781608 0.32963223 0.08660692 0.11824375
 0.17963949 0.42585763 0.14211572 0.15315362]"
2,0.8980114999667004,"[0.23531173 0.29628399 0.21939363 0.22118652 0.12741487 0.32822367
 0.29301763 0.29080822 0.09577657 0.14989116]","[0.25566861 0.43793716 0.28259021 0.44576858 0.02389062 0.22177932
 0.28784149 0.07837445 0.4146586  0.34766421]","[0.36398417 0.13442137 0.20152049 0.32968662 0.18185843 0.21807532
 0.20281289 0.29596728 0.12186957 0.26195191]"
2,0.5289922715502953,"[0.22248655 0.19839404 0.27961514 0.26771491 0.34310378 0.28041923
 0.38920599 0.27441873 0.26601961 0.21315522]","[0.15775557 0.01276208 0.17388497 0.33212876 0.17073268 0.41894376
 0.21336332 0.23120952 0.35349408 0.13185265]","[0.11071151 0.15157868 0.3089139  0.3630354  0.18831731 0.31996024
 0.117653   0.17184487 0.16387171 0.18913389]"
2,0.6183279059879417,"[0.12319957 0.2344255  0.3391136  0.34970786 0.1894608  0.19520906
 0.32465734 0.02359287 0.31811225 0.4081962 ]","[0.14499196 0.3242291  0.13985962 0.21197421 0.2122186  0.32675557
 0.30259066 0.068209   0.33032621 0.06747275]","[0.0937757  0.18989863 0.22140892 0.43323778 0.12952603 0.24464211
 0.25523295 0.15888896 0.08041696 0.23231751]"
2,0.738345885114631,"[0.00792147 0.3169728  0.16378518 0.32945724 0.36385833 0.26012912
 0.20612429 0.10933941 0.18372619 0.28395389]","[0.20054492 0.25248273 0.22882057 0.15942266 0.20244092 0.35703466
 0.25639529 0.35690927 0.16760742 0.28558584]","[0.26788358 0.15726547 0.21255524 0.48024222 0.00957512 0.44115488
 0.13129227 0.40561273 0.3674692  0.37422405]"
2,0.7451686348663118,"[0.28989143 0.4998235  0.2037929  0.20212675 0.36032743 0.30393376
 0.36276575 0.29732692 0.35363877 0.377049  ]","[0.30292494 0.44209673 0.06518118 0.24024226 0.16567334 0.22425609
 0.30575508 0.00654952 0.3569107  0.31502641]","[0.17269363 0.20303944 0.35375373 0.31086567 0.19009719 0.37981288
 0.21907251 0.4507364  0.25179792 0.24306156]"
2,0.6797154416688045,"[0.32471929 0.47674043 0.21269474 0.27804905 0.26368428 0.30298
 0.30416717 0.42252852 0.42560502 0.46114082]","[0.16076582 0.29748874 0.0597958  0.129424   0.18286574 0.2874207
 0.20134632 0.12199017 0.15864101 0.12363176]","[0.28961777 0.25517228 0.2687712  0.08935967 0.28212512 0.17997895
 0.10923488 0.35826048 0.10570576 0.23280036]"
2,0.7203381256812562,"[0.31359841 0.31096189 0.12807224 0.12440982 0.29676269 0.42191754
 0.30815759 0.13150798 0.23100269 0.20870238]","[0.16697093 0.19518797 0.29016028 0.10793629 0.2906166  0.21673213
 0.15092893 0.2220089  0.23847274 0.178746  ]","[0.16611425 0.23644387 0.37288791 0.19574266 0.1617091  0.28147232
 0.10603475 0.30529912 0.23776801 0.36317498]"
2,0.6975157155913967,"[0.14283271 0.20917065 0.19658755 0.15748321 0.21404963 0.24967396
 0.3816479  0.22401285 0.35152883 0.38198329]","[0.07523581 0.31430835 0.26298339 0.23406057 0.19363569 0.27485353
 0.20140452 0.43658507 0.27705966 0.2735055 ]","[0.39000823 0.19453411 0.26712541 0.43213398 0.17371915 0.34360313
 0.04988183 0.39979119 0.19993299 0.25414023]"
3,1.0359690717735675,"[0.17024991 0.25279379 0.35420831 0.33238838 0.13268685 0.27112029
 0.28652161 0.31515978 0.14753098 0.12662845]","[0.35339411 0.32530137 0.28903337 0.24652803 0.25526074 0.16520165
 0.23589489 0.10635779 0.39963652 0.18077902]","[0.02483235 0.26946495 0.23282297 0.37723446 0.19489258 0.38216387
 0.25252594 0.37889799 0.33513786 0.35869599]"
3,0.9036910508400897,"[0.18095633 0.20706451 0.3793257  0.3131333  0.19769773 0.18256477
 0.22479111 0.2830498  0.2426066  0.25312892]","[0.47376712 0.33275772 0.30546655 0.42677401 0.09675271 0.27289697
 0.18438871 0.2070142  0.16538013 0.46685321]","[0.13612825 0.04512001 0.04975309 0.47409243 0.04510788 0.25736578
 0.271323   0.39717051 0.22957761 0.34659602]"
3,0.8225846227191724,"[0.29270849 0.33472392 0.19564794 0.13305621 0.19794202 0.12620061
 0.30643024 0.30330933 0.20430949 0.22042667]","[0.3674457  0.29908579 0.21452463 0.32521454 0.2222487  0.23171106
 0.19080125 0.12841591 0.35326085 0.17682006]","[0.09005786 0.35626295 0.33236878 0.24871546 0.25532702 0.35260939
 0.2155395  0.42159888 0.26383651 0.06032524]"
3,0.5464130005002225,"[0.19216593 0.29701011 0.36004435 0.42239655 0.17235773 0.25518091
 0.10231685 0.33104608 0.24601435 0.33861837]","[0.21178178 0.25449923 0.30738241 0.28874979 0.12010521 0.11143512
 0.31177874 0.09835987 0.41073927 0.16540361]","[0.13859899 0.30089393 0.33138231 0.31633891 0.02809064 0.24263249
 0.20537598 0.30025438 0.08224572 0.26524178]"
3,0.6485308771017859,"[0.16905228 0.32849413 0.16835937 0.22177642 0.3589354  0.44012954
 0.21974164 0.28284028 0.24584105 0.21198309]","[0.42480404 0.27949407 0.21369022 0.47210783 0.2163134  0.19794857
 0.42657802 0.15067516 0.26886841 0.26004431]","[0.19528963 0.43215919 0.22946372 0.25726552 0.24691193 0.18109952
 0.34720342 0.24592461 0.24981249 0.23807063]"
3,0.6502002649682109,"[0.22112899 0.28503372 0.29882099 0.24073562 0.33730512 0.07777472
 0.21480386 0.13530558 0.25862385 0.25982842]","[0.38495602 0.34763232 0.19336014 0.14589447 0.19850908 0.10941097
 0.20321637 0.09517177 0.29741377 0.22107559]","[0.12890941 0.24442852 0.2615975  0.41241595 0.16591348 0.23922441
 0.18938406 0.47987619 0.19731337 0.06865998]"
3,0.6783938817509443,"[0.24467291 0.33385066 0.41304173 0.17775943 0.21124644 0.39136268
 0.22621936 0.1818907  0.13228719 0.1941727 ]","[0.25843161 0.31635886 0.37462522 0.19725224 0.1404034  0.0698474
 0.25243905 0.21001907 0.46726046 0.40733271]","[0.19323004 0.21712295 0.14547343 0.34267196 0.0381824  0.2447479
 0.20459726 0.42464343 0.10757053 0.28346411]"
3,0.4230401877369422,"[0.17778568 0.30743843 0.10227952 0.21497407 0.28857854 0.17929201
 0.18587765 0.35733849 0.3582281  0.14315179]","[0.33258372 0.08843944 0.21086017 0.24148389 0.18571887 0.10748919
 0.22297564 0.29635921 0.42916285 0.16326707]","[0.18115056 0.22576433 0.41277193 0.27096413 0.1100601  0.30110781
 0.11085198 0.37660055 0.2259249  0.20487025]"
3,0.7568534670004823,"[0.15053717 0.37701981 0.34831931 0.13885879 0.20868471 0.14806062
 0.29601538 0.19719966 0.41244673 0.25927667]","[0.3067534  0.31711081 0.19892608 0.16411436 0.21914075 0.22273556
 0.24573961 0.01361878 0.19456216 0.26743383]","[0.04913858 0.28397938 0.38281145 0.18081851 0.2032474  0.34324684
 0.43532924 0.18646521 0.27409126 0.13542387]"
3,0.6614852873037649,"[0.27632966 0.29615427 0.21061239 0.31930472 0.19599169 0.3730723
 0.14658633 0.14878429 0.29450153 0.34819494]","[0.21956296 0.34863074 0.39903695 0.15833593 0.04100776 0.2312084
 0.12687993 0.11147757 0.3294439  0.27226945]","[0.24696575 0.41439626 0.30499262 0.48363436 0.11623548 0.37037695
 0.24758919 0.48675734 0.3417768  0.15032514]"
3,0.9556585828840375,"[0.17601548 0.45155574 0.32786054 0.32194587 0.13384121 0.23063659
 0.31950719 0.33013824 0.12485344 0.16372187]","[0.31556667 0.28433837 0.165641   0.1940563  0.30759549 0.33732583
 0.2054631  0.30794804 0.29108693 0.2628553 ]","[0.29358925 0.36121766 0.18371157 0.20111709 0.21107002 0.22782583
 0.22296058 0.47630663 0.15462096 0.19376497]"
3,0.8086543810500455,"[0.15164895 0.389574   0.17689145 0.07047693 0.24318905 0.28075187
 0.18253499 0.30662406 0.11513179 0.34630751]","[0.28910411 0.1902174  0.31818941 0.31576268 0.06675848 0.05644614
 0.11900482 0.06300413 0.3104047  0.13243202]","[0.20778296 0.33995117 0.17835209 0.19305874 0.11078349 0.21475092
 0.34781764 0.28156075 0.19119753 0.1617958 ]"
3,0.9022818188561711,"[0.19521851 0.3484405  0.2670657  0.18213954 0.2772481  0.40729687
 0.18123022 0.20546173 0.25872438 0.19973037]","[0.32339821 0.22659095 0.24397953 0.29619056 0.22341453 0.27905715
 0.20321924 0.2607756  0.23454637 0.4386532 ]","[0.24123727 0.3341034  0.2314604  0.16751849 0.25619604 0.46832137
 0.13739339 0.26581021 0.36379091 0.01897557]"
3,0.7219873542668888,"[0.32134436 0.44540953 0.22566816 0.17108419 0.31084544 0.24684045
 0.4416904  0.24765553 0.13467077 0.23396899]","[0.30812649 0.33178967 0.32049567 0.2075546  0.14069937 0.20988731
 0.19314348 0.24953675 0.39688663 0.24047776]","[0.22794753 0.24056926 0.3013509  0.34930056 0.1742564  0.29469132
 0.17146151 0.42662901 0.21120012 0.28764654]"
3,0.8109679843328953,"[0.08835272 0.26832848 0.32449266 0.19634026 0.2972374  0.30781939
 0.35670985 0.35497603 0.47540229 0.14683386]","[0.27481112 0.39982579 0.3754557  0.31995829 0.06955439 0.29717263
 0.2228     0.10307661 0.32752024 0.29019002]","[0.19420269 0.22746641 0.45317632 0.32052119 0.15323001 0.29545691
 0.11934281 0.44128829 0.06217923 0.32518579]"
3,0.6880862603686945,"[0.06434749 0.35571756 0.18844646 0.25227044 0.4003287  0.18503651
 0.21142422 0.38588775 0.22760331 0.20878739]","[0.31809099 0.34650808 0.2235949  0.27164029 0.15116771 0.22332188
 0.28903099 0.19674025 0.31123172 0.27356169]","[0.21023719 0.24489936 0.22325297 0.18229737 0.11924243 0.28978459
 0.36295276 0.38945516 0.1250994  0.18523503]"
3,0.5794075259079094,"[0.20702186 0.28073759 0.00339759 0.11755307 0.28340409 0.24977347
 0.31925895 0.39040255 0.30813649 0.257205  ]","[0.42910627 0.24738919 0.08492127 0.33994377 0.00350063 0.37533957
 0.27674954 0.35527756 0.30323693 0.22060041]","[0.25903442 0.38977729 0.1546352  0.20689515 0.09611794 0.35172898
 0.19335774 0.37918459 0.27194993 0.21857827]"
3,0.568301812420128,"[0.10256539 0.30691334 0.1265916  0.31562934 0.1377638  0.42251476
 0.25367757 0.37936913 0.32777374 0.33337367]","[0.50217172 0.4105979  0.23534771 0.21931879 0.15056807 0.07137578
 0.09486748 0.11939167 0.34281782 0.34985134]","[0.2031443  0.38235694 0.40565826 0.35304763 0.01574487 0.36676989
 0.26140161 0.36816607 0.23853833 0.29369646]"
3,0.7109696884652341,"[0.05411464 0.36180807 0.24221401 0.28429843 0.30046044 0.32947059
 0.20169569 0.36636374 0.11091061 0.36333826]","[0.35376297 0.24785431 0.30250218 0.24982973 0.00073578 0.14228882
 0.39180198 0.41625411 0.25717283 0.37941707]","[0.26357251 0.19428656 0.48057715 0.23194141 0.24903391 0.23655107
 0.08910629 0.36697528 0.21099347 0.2202784 ]"
3,0.7321444708520445,"[0.15785805 0.30141341 0.35433261 0.11059382 0.13989591 0.27316002
 0.19637143 0.17225906 0.27066009 0.39121293]","[0.29699109 0.29847126 0.06289812 0.15280016 0.28027623 0.27521909
 0.24188095 0.23840346 0.38939795 0.09439537]","[0.22277391 0.25309131 0.30946378 0.39311545 0.15377774 0.25267547
 0.20596208 0.17474936 0.13572494 0.28325179]"
4,0.6166059250075162,"[0.10436668 0.30575754 0.30302489 0.23843264 0.04135663 0.32655261
 0.15044224 0.25077023 0.20707317 0.26035393]","[0.50769625 0.20984701 0.30267898 0.34255965 0.22439574 0.24681576
 0.11880408 0.31129307 0.270712   0.25404288]","[0.08271245 0.30666353 0.19305092 0.42027081 0.19820383 0.25410389
 0.22921446 0.48154495 0.14136473 0.27744123]"
4,1.1610191030643264,"[0.13455437 0.20777762 0.31984069 0.11188295 0.32767592 0.26538476
 0.26982317 0.18232106 0.31567303 0.21012271]","[0.29376044 0.24760272 0.24992062 0.40525996 0.11559877 0.34677954
 0.39838246 0.30667356 0.34234502 0.34043998]","[0.09392176 0.3087402  0.16379185 0.34691999 0.16648479 0.26412091
 0.05804487 0.37857315 0.17545853 0.25353508]"
4,0.6039207701034676,"[0.14021205 0.30184386 0.17796097 0.18826607 0.10854792 0.23668277
 0.36587041 0.1828835  0.21919774 0.36616181]","[0.33522892 0.23005999 0.31634202 0.20686855 0.2755614  0.30800832
 0.0660961  0.02349701 0.32356216 0.34598974]","[0.10902484 0.39268259 0.29933612 0.31821576 0.20644438 0.25699846
 0.14263398 0.3870949  0.32072549 0.27938048]"
4,0.7331718404563281,"[0.10245262 0.33440574 0.24521909 0.37994006 0.16394956 0.49124345
 0.20794981 0.30881059 0.15452309 0.25849674]","[0.22732461 0.25193586 0.23811044 0.44007295 0.18859416 0.2462296
 0.24136394 0.21914553 0.23173109 0.29368376]","[0.02132372 0.38810634 0.30375121 0.39577022 0.12525641 0.37542977
 0.14346935 0.29232839 0.36164659 0.23916582]"
4,0.5628868611871544,"[0.11201737 0.47345829 0.30982765 0.15125512 0.0804352  0.18597041
 0.35645503 0.26343399 0.25045467 0.17155666]","[0.32091051 0.38242873 0.21294533 0.35709442 0.21838506 0.29115545
 0.1279689  0.26804156 0.27777382 0.16440821]","[0.299534   0.43064067 0.1549416  0.34032823 0.2369561  0.26241635
 0.35315879 0.42374074 0.21142498 0.21060653]"
4,1.0677590123860388,"[0.11168255 0.33528672 0.31430311 0.27838046 0.28815487 0.13285269
 0.46080442 0.31559631 0.24201049 0.23442177]","[0.42724141 0.29338395 0.24017894 0.24041295 0.31888104 0.2059299
 0.19251411 0.1193779  0.33696022 0.16099824]","[0.08558777 0.25910953 0.31232591 0.38349299 0.24803755 0.29696822
 0.25994415 0.4893857  0.22943546 0.28325056]"
4,0.780666021269039,"[0.26727848 0.35827152 0.17595577 0.18014074 0.20737763 0.25151285
 0.20571624 0.37665745 0.17995921 0.19315579]","[0.44098636 0.28085337 0.23751733 0.27314866 0.39111926 0.24440986
 0.25109881 0.23332299 0.21961653 0.19543463]","[0.23038338 0.28495532 0.21971214 0.22097678 0.17350041 0.43810175
 0.27978841 0.24002662 0.21268649 0.19650364]"
4,1.1421974259823928,"[0.25137275 0.32029898 0.40813225 0.29945258 0.28745849 0.28664395
 0.24151781 0.27598402 0.05959553 0.11199593]","[0.30670288 0.29481513 0.12808061 0.37478979 0.39732246 0.1221772
 0.20430627 0.23811391 0.29089778 0.22421618]","[0.09986255 0.26411568 0.08956526 0.24299143 0.22711196 0.25240189
 0.07632771 0.32548695 0.30256941 0.23407843]"
4,0.7329378181423536,"[0.03309398 0.49393725 0.2553215  0.1851526  0.30317143 0.30716126
 0.30631865 0.30691144 0.00158754 0.2356136 ]","[0.32983199 0.29266431 0.27051955 0.21152304 0.12047976 0.18597314
 0.32663804 0.24888862 0.18650641 0.28518504]","[0.13999215 0.3194323  0.14055861 0.37200792 0.23008665 0.31893636
 0.26304863 0.38546567 0.32703531 0.30951604]"
4,0.579214763150143,"[0.26386432 0.2584028  0.24398012 0.11197175 0.23638692 0.39559245
 0.16848494 0.32524407 0.18535058 0.28148217]","[0.40233859 0.36123009 0.36162668 0.29440448 0.23347364 0.25358815
 0.31468647 0.23882314 0.14900111 0.25282703]","[ 0.15793581  0.34796178  0.36023614  0.20306613 -0.00296009  0.2316128
  0.05272964  0.39531379  0.14303817  0.07891414]"
4,0.5981077506612079,"[0.24613059 0.47316202 0.2508601  0.37756903 0.01200277 0.17401678
 0.34185013 0.30835911 0.15026168 0.18785801]","[0.31787871 0.34463992 0.33093755 0.24318557 0.32752819 0.26611606
 0.22695725 0.18935276 0.25344092 0.27210073]","[0.09769251 0.24446308 0.17473076 0.29940879 0.20504807 0.29822273
 0.19351556 0.47716725 0.22479685 0.29472504]"
4,0.5657232776823512,"[0.17173939 0.41734101 0.44095691 0.29436437 0.09420047 0.06658103
 0.30513848 0.20707002 0.0557028  0.18583321]","[0.32821679 0.21876509 0.27686682 0.39368976 0.30151612 0.31115076
 0.13717485 0.31163609 0.43708967 0.26282724]","[0.14289615 0.32097293 0.30802988 0.33387328 0.25535238 0.12614255
 0.24236496 0.26155972 0.17771203 0.25409597]"
4,0.6278002464677783,"[0.19602485 0.42643798 0.35905535 0.31698072 0.15912531 0.41584835
 0.18686348 0.30103685 0.30252791 0.02771415]","[0.37610711 0.21757386 0.50020988 0.35618301 0.13374547 0.14871079
 0.08969676 0.05961939 0.31354503 0.36664406]","[0.16240606 0.2307641  0.3211694  0.22646241 0.11531723 0.38564628
 0.20456235 0.44822477 0.22709067 0.18746322]"
4,0.5523126560987841,"[0.21622921 0.25854213 0.31295894 0.15442553 0.12963447 0.33389496
 0.23709752 0.26808736 0.0912058  0.2957977 ]","[0.36986361 0.41654088 0.29647207 0.22303106 0.26742012 0.28726771
 0.20635386 0.12933672 0.27654709 0.41427762]","[0.18778161 0.2530011  0.23412796 0.30204975 0.07653245 0.24483582
 0.19150446 0.449309   0.27035037 0.31160028]"
4,0.5881183967799464,"[0.05560365 0.03148521 0.20561083 0.22754388 0.19609409 0.38093762
 0.21167772 0.2118627  0.48463811 0.18597576]","[0.42440677 0.20398256 0.32419918 0.3202541  0.2552476  0.26097338
 0.17069351 0.36649858 0.44667139 0.28287519]","[0.26389144 0.26461975 0.24791759 0.369324   0.15665991 0.28674338
 0.26489812 0.48146173 0.15579294 0.35807936]"
4,0.9838982485289184,"[0.12958335 0.14949856 0.40707715 0.19413886 0.21729992 0.13206753
 0.27088379 0.229589   0.18786055 0.24650371]","[0.29463127 0.29543016 0.39371193 0.28708066 0.28046462 0.15265575
 0.13052956 0.19526708 0.18881843 0.1258933 ]","[0.16813164 0.33021115 0.06486286 0.29924511 0.07414666 0.26147123
 0.11987742 0.41290687 0.22376857 0.06805824]"
4,0.6853492787695893,"[0.31656233 0.29601561 0.33923103 0.17395729 0.19167545 0.26259852
 0.30003633 0.20182535 0.17889543 0.2140052 ]","[0.19921399 0.36333255 0.16301097 0.21170361 0.23742294 0.18177113
 0.303351   0.1056763  0.35655581 0.1952972 ]","[0.19787665 0.41882022 0.21360596 0.30988557 0.05680905 0.24814786
 0.22464655 0.44557637 0.27205459 0.34680937]"
4,0.7224925990207367,"[0.10868515 0.44433057 0.28815297 0.18783042 0.1322626  0.21389053
 0.30972965 0.25488598 0.14290454 0.01291784]","[0.28110276 0.2730175  0.20475016 0.30557528 0.13823348 0.13299781
 0.20513324 0.23254238 0.14818747 0.31462097]","[0.18597666 0.24306398 0.22520296 0.32755394 0.23762527 0.32311854
 0.35650206 0.29189131 0.37754187 0.18024633]"
4,0.4475995369999095,"[0.18008563 0.2731607  0.33325691 0.30463072 0.11598605 0.29415466
 0.29139987 0.34802312 0.26799979 0.19959349]","[0.33397346 0.20038126 0.21019239 0.39110697 0.24249206 0.3881704
 0.36521287 0.27847521 0.22738043 0.09786384]","[ 0.209758    0.3307659   0.10429465  0.40025495 -0.01056997  0.16752828
  0.1569361   0.46197968  0.14555274  0.2748363 ]"
4,0.7085030025243171,"[0.18920145 0.49989539 0.30527631 0.39593775 0.20552576 0.27037518
 0.25002159 0.41044833 0.27480172 0.15438747]","[0.4222932  0.42973647 0.14684738 0.21902596 0.26422927 0.27611402
 0.09259904 0.05984823 0.29785214 0.10819079]","[0.16376131 0.28871635 0.19672902 0.29608194 0.1390245  0.19242476
 0.06540805 0.46937814 0.22086036 0.40060392]"
5,0.5333305552573836,"[0.1836202  0.33386233 0.36005353 0.15842428 0.27301478 0.2333847
 0.16200469 0.32514684 0.35558937 0.16098491]","[0.36100954 0.2891648  0.09023739 0.29688032 0.07239597 0.28216219
 0.22720397 0.06467727 0.14915524 0.29573993]","[0.22697736 0.36758507 0.2585683  0.25340189 0.23207062 0.28193881
 0.21257816 0.416311   0.15352821 0.26413704]"
5,0.7899156313047628,"[0.26442109 0.18828254 0.39791535 0.24836233 0.19227926 0.07024047
 0.32410218 0.33895278 0.11763397 0.17509988]","[0.39705094 0.15105722 0.11841841 0.38451085 0.24854367 0.24299093
 0.21273303 0.29405971 0.24867052 0.3201691 ]","[0.15289705 0.47524274 0.25252739 0.27056047 0.06150459 0.26013826
 0.37702991 0.35419686 0.25401901 0.26082489]"
5,1.1233219168133852,"[0.13643196 0.21986676 0.32661225 0.20528584 0.3490868  0.15693265
 0.28900978 0.32693761 0.27295325 0.28959359]","[0.25966219 0.25396022 0.21821223 0.2835593  0.15908529 0.26344691
 0.18690545 0.32052332 0.48946182 0.10605623]","[0.05556336 0.2890935  0.21596092 0.26396315 0.08650042 0.24630915
 0.2271228  0.46221742 0.23050157 0.26884398]"
5,0.7344503404531282,"[0.35286494 0.31729087 0.1150333  0.19091321 0.34487389 0.30165268
 0.24181053 0.20759159 0.14749198 0.38503258]","[0.38588521 0.33354577 0.18800765 0.2072717  0.13949053 0.23225523
 0.22831231 0.19280947 0.30685439 0.25945539]","[0.1444886  0.11059266 0.16074135 0.24019692 0.2001689  0.34516386
 0.2191807  0.30517229 0.39582268 0.23769475]"
5,0.461142714146397,"[0.22387093 0.33387354 0.471248   0.37801696 0.15361855 0.19568577
 0.29377048 0.30504075 0.12530433 0.1571156 ]","[0.35071152 0.35907839 0.25262821 0.40859134 0.12227878 0.16821861
 0.34617423 0.19716823 0.20864395 0.16628118]","[-0.01434799  0.12363228  0.1531282   0.23330436  0.27430264  0.32747163
  0.16162458  0.37843839  0.19015483  0.2925534 ]"
5,0.8149013752134128,"[0.18331631 0.25197491 0.18252413 0.29993043 0.18566296 0.17042214
 0.10081203 0.3206156  0.17061775 0.29796171]","[0.22668833 0.25984589 0.28117771 0.24813175 0.20998327 0.19156738
 0.35577248 0.21161288 0.39373327 0.21492394]","[0.05623737 0.22796456 0.20496212 0.38179223 0.05382497 0.21015142
 0.31709328 0.31733368 0.33137857 0.32365794]"
5,0.7281638911683551,"[0.13271264 0.22972562 0.25605923 0.04219404 0.17494773 0.2734016
 0.35103486 0.2971922  0.06647135 0.29267682]","[0.16205228 0.19207771 0.19359529 0.43860457 0.23475155 0.04346591
 0.31066905 0.31309292 0.36412426 0.39209202]","[ 0.11201621  0.19963303 -0.01784329  0.27201289  0.20809924  0.36657934
  0.16425383  0.42543018  0.12653884  0.30570093]"
5,0.8559058964910382,"[0.22667999 0.1998809  0.31797257 0.13927004 0.14305974 0.21518745
 0.29119807 0.26566168 0.20331409 0.22082758]","[0.32724631 0.22449448 0.22389745 0.24735608 0.14006205 0.23646178
 0.2726117  0.26933287 0.21329763 0.34256693]","[0.14960513 0.30974645 0.04210125 0.24742739 0.14836465 0.28117284
 0.15110949 0.38811626 0.43135687 0.13745251]"
5,0.5410617429370319,"[0.18527256 0.43861606 0.40813699 0.21115875 0.43822779 0.31106827
 0.30772174 0.2669596  0.1390333  0.39897802]","[0.42151969 0.29193766 0.29996589 0.29720865 0.36021584 0.28365388
 0.25904399 0.20787391 0.35858132 0.2150407 ]","[-0.03457927  0.3836655   0.14225939  0.31688646  0.10844638  0.14936628
 -0.01754521  0.32827778  0.12153161  0.24656787]"
5,0.5203971107006444,"[0.20623633 0.23278404 0.33189964 0.17363737 0.31296676 0.17683567
 0.35867009 0.19756533 0.32026086 0.29842348]","[0.2600433  0.31047448 0.35959226 0.34686328 0.25451566 0.09753553
 0.19390825 0.22210721 0.29140938 0.3953455 ]","[ 2.77109578e-01  2.83543099e-01  2.00779948e-01  3.00685323e-01
  3.02273808e-01  4.20372852e-01 -8.28618911e-06  4.28472540e-01
  3.61523513e-01  1.52096328e-01]"
5,0.7240500761332779,"[0.23794095 0.27040254 0.3905286  0.17307526 0.33462349 0.11111184
 0.35557796 0.23149175 0.11052811 0.16983398]","[0.20795878 0.23617402 0.28290391 0.41923959 0.23381748 0.07316516
 0.14298362 0.32470029 0.354335   0.36166491]","[0.0695207  0.35446873 0.21690462 0.34983501 0.07662009 0.22292892
 0.2268972  0.43655715 0.32454697 0.28221108]"
5,0.5356788558295887,"[0.3058939  0.2757445  0.34010838 0.0816208  0.09783974 0.25485558
 0.33684891 0.18455086 0.14291845 0.30176177]","[0.38153865 0.23420198 0.26206766 0.16756591 0.30994436 0.24878451
 0.24312787 0.23545576 0.2777154  0.25320934]","[0.14359015 0.35461011 0.06462445 0.31862273 0.19822821 0.28035265
 0.23590106 0.38696498 0.24371244 0.31366002]"
5,0.8572236388574157,"[0.24743031 0.19800305 0.30866274 0.3329382  0.34423061 0.16138012
 0.27480461 0.27410738 0.20316331 0.3203683 ]","[0.32989622 0.20825567 0.2201251  0.25555273 0.24829918 0.13059931
 0.20582802 0.21184108 0.3638275  0.21211973]","[0.09374845 0.2601196  0.28970783 0.3956808  0.0760442  0.27258884
 0.25680738 0.36364627 0.21339367 0.21435456]"
5,0.4782260720678207,"[0.23669159 0.32259228 0.44265711 0.09950137 0.17781284 0.3240784
 0.29235326 0.20661832 0.17075626 0.1868685 ]","[0.28700494 0.15032666 0.36070944 0.27581893 0.27389323 0.23832483
 0.36928478 0.24690199 0.13811314 0.18817613]","[0.12787334 0.30963342 0.25377411 0.26573669 0.23167385 0.29502058
 0.06876084 0.29804959 0.20359107 0.24793825]"
5,0.6338637819577932,"[0.08627776 0.29045952 0.32290824 0.30062874 0.37981898 0.12110051
 0.23246616 0.31554279 0.18399238 0.21161263]","[0.15317041 0.26147983 0.28269124 0.29794546 0.39223133 0.12355647
 0.30944346 0.18443251 0.04976417 0.20666651]","[0.15964161 0.2296136  0.20953258 0.3935294  0.18004399 0.17032021
 0.1753303  0.34431445 0.15724093 0.22702023]"
5,0.6666957058844282,"[0.18225891 0.3519982  0.33336109 0.1854085  0.37348918 0.15234017
 0.09864842 0.29581263 0.00364818 0.22802261]","[0.42825555 0.13647832 0.13531733 0.45710786 0.08244911 0.37495911
 0.39495727 0.31919022 0.24005838 0.28815072]","[0.17598051 0.25347307 0.3332286  0.37424023 0.23022939 0.39663195
 0.14148633 0.1778165  0.34315963 0.18740139]"
5,0.814579512096064,"[0.11221591 0.36690218 0.31920367 0.28190664 0.2155699  0.2648396
 0.17993983 0.35298356 0.09620713 0.03159847]","[0.34400964 0.37124632 0.25208322 0.23975489 0.28905235 0.25227947
 0.16239917 0.3216395  0.40184904 0.23907824]","[ 0.25480777  0.29256737  0.17750734  0.30975616  0.06578345  0.34571843
 -0.00949092  0.20384968  0.28746035  0.22501665]"
5,0.677506991603168,"[0.15969326 0.19433833 0.31904513 0.36089085 0.18788843 0.22022405
 0.22032946 0.22681794 0.1381413  0.08520118]","[0.32920056 0.23726468 0.15972164 0.42361245 0.24174924 0.23033171
 0.25358332 0.33182885 0.17011337 0.15213644]","[0.06184007 0.43345098 0.11062081 0.40844444 0.07259228 0.13427764
 0.11318623 0.36743413 0.37269006 0.2519134 ]"
5,1.0578738577510343,"[0.14413733 0.30645621 0.46495308 0.26792835 0.28812774 0.45736285
 0.39860225 0.23183517 0.301145   0.11607857]","[0.3771729  0.23069185 0.27217735 0.31122886 0.28424815 0.32395649
 0.24500431 0.15094875 0.15382828 0.27264103]","[ 4.95232697e-02  2.51494185e-01 -2.73817419e-04  3.32147311e-01
  9.17438435e-02  3.27522998e-01  3.83702159e-01  3.45926927e-01
  1.56373021e-01  2.60711255e-01]"
5,0.46179060090509505,"[0.08223201 0.21816345 0.48017661 0.31672187 0.25142882 0.36758831
 0.25608814 0.20383153 0.2137582  0.28683423]","[0.25796436 0.13400515 0.45360506 0.30798269 0.13272943 0.31986213
 0.2828944  0.21784272 0.2352087  0.26798078]","[0.1339078  0.33989841 0.31308046 0.22262551 0.13594776 0.38242859
 0.14271954 0.27884256 0.39282628 0.1684775 ]"
6,1.1310769508912446,"[0.19310771 0.22467651 0.38520676 0.26710549 0.22964895 0.26650137
 0.25919903 0.31091197 0.11111095 0.22852074]","[3.97748296e-01 3.03502510e-01 1.31398600e-01 1.99415270e-01
 1.06946731e-04 3.81096258e-01 3.14244403e-01 3.04584637e-01
 3.22063386e-01 2.99272697e-01]","[0.18537348 0.17618457 0.22199859 0.39456313 0.10411191 0.37323529
 0.32535274 0.38579981 0.10248904 0.27676395]"
6,0.8911991017509728,"[0.23808323 0.34335453 0.34690953 0.38097531 0.29031614 0.21063559
 0.26906624 0.32148942 0.26633772 0.34290402]","[0.43663919 0.19304779 0.22190202 0.36647599 0.13325702 0.18105145
 0.16248021 0.16488201 0.26534331 0.19797931]","[ 0.03248301  0.49354449  0.15170342  0.36428623 -0.0188141   0.2434533
  0.18951902  0.35257779  0.20069658  0.30255803]"
6,1.2241545080837588,"[0.10703581 0.35556701 0.42496372 0.23846874 0.30689194 0.29638166
 0.40344339 0.1566467  0.13374638 0.36843469]","[0.25630532 0.24469349 0.14740858 0.3218086  0.21279573 0.03004626
 0.27722133 0.23894045 0.25341871 0.29434396]","[-0.01536437  0.16627038  0.17722292  0.35361846  0.13992087  0.24680786
  0.34534745  0.32804911  0.25868792  0.27483908]"
6,0.7130192787971127,"[0.17666754 0.25586217 0.27523643 0.15510846 0.27632036 0.40934392
 0.18142851 0.36273101 0.21379352 0.21481462]","[0.27973429 0.22266648 0.16328574 0.32928971 0.29831857 0.15531084
 0.29222298 0.19356788 0.29151734 0.34566872]","[0.00893196 0.22143023 0.06878731 0.26827714 0.14774175 0.30211706
 0.3545183  0.42030601 0.19112954 0.12481954]"
6,0.8867495324368573,"[0.15291608 0.31309736 0.37320632 0.3383856  0.17784696 0.12385926
 0.3680138  0.304846   0.14985862 0.20691245]","[0.32785169 0.24936898 0.28779104 0.32729202 0.18500312 0.22394282
 0.17736774 0.3088707  0.42953148 0.29723262]","[0.08544587 0.24341402 0.08000501 0.17247293 0.07393958 0.26030989
 0.27000566 0.33018366 0.42769671 0.35844281]"
6,0.5831228730741155,"[0.27617033 0.31887758 0.32659111 0.27868261 0.31927963 0.38020882
 0.28387721 0.37274734 0.21637824 0.27528895]","[0.36624841 0.18647994 0.23516032 0.35135449 0.22171732 0.26336486
 0.41638804 0.36485174 0.18412421 0.28420093]","[ 0.0667231   0.3063019   0.07248377  0.29433397 -0.02580882  0.31807587
  0.16541378  0.40416316  0.30966187  0.16938201]"
6,0.6504223729884239,"[0.30762259 0.27000549 0.29834336 0.2806216  0.15116277 0.23597501
 0.20296588 0.34365758 0.26338456 0.31317093]","[0.37103266 0.28458814 0.21494844 0.28229716 0.26506479 0.29968606
 0.1910769  0.242691   0.30752835 0.21146117]","[0.08781754 0.20905062 0.20609082 0.23839576 0.07871909 0.21603242
 0.2267563  0.22980753 0.24208591 0.2577902 ]"
6,1.1572108238542749,"[0.12141999 0.36698609 0.31736494 0.02666699 0.38750497 0.10765544
 0.25860439 0.2189208  0.17061391 0.30331744]","[0.3472619  0.28251369 0.16613691 0.28021177 0.29241404 0.29266257
 0.31944039 0.43822336 0.31827688 0.14238775]","[-0.06662741  0.33565152  0.25965385  0.28192957  0.0244047   0.3759316
  0.36369403  0.44783115  0.25854799  0.25764017]"
6,0.8444178775713087,"[0.4231856  0.17380941 0.30911232 0.37241561 0.26245613 0.33369134
 0.26409292 0.22619769 0.27650325 0.43744062]","[0.33335033 0.26177751 0.32239637 0.27558256 0.23523925 0.28750581
 0.23795091 0.27848193 0.41790875 0.27874569]","[ 0.0216998   0.29072908  0.09538789  0.31107966 -0.05189013  0.29476457
  0.26491167  0.49398957  0.17432992  0.34889816]"
6,1.2047399964137835,"[0.35270688 0.21781569 0.30607469 0.20456129 0.28325541 0.27583587
 0.21625862 0.46203161 0.26127413 0.16726051]","[0.34895926 0.31231264 0.33770064 0.31554318 0.23477115 0.19156973
 0.25296251 0.15157934 0.28740346 0.22305253]","[0.10213086 0.29839862 0.17090936 0.39678471 0.10060986 0.20082908
 0.27991214 0.49287827 0.23512416 0.37144495]"
6,0.6349918195510614,"[0.11891952 0.33877788 0.27435164 0.25751563 0.31042517 0.2046834
 0.09300352 0.33003172 0.31416536 0.15764175]","[0.27217506 0.30539276 0.22951778 0.26970038 0.15306931 0.35692285
 0.29692648 0.31497376 0.41351969 0.22245627]","[0.25570881 0.16217036 0.16323352 0.32364847 0.03004521 0.32468453
 0.26256763 0.47019696 0.27449648 0.32015483]"
6,0.7597817250538966,"[0.21589057 0.2333889  0.28229652 0.18746175 0.24498401 0.10696959
 0.21668231 0.33856237 0.27693384 0.3312795 ]","[0.4409765  0.25898711 0.21805491 0.28002563 0.12304532 0.24859313
 0.22223908 0.10697479 0.26745349 0.17451427]","[-0.02891657  0.26297793  0.0938945   0.40940189 -0.02974871  0.22546767
  0.25422587  0.42176687  0.38013843  0.29043401]"
6,0.7641002571507279,"[0.07272432 0.37730183 0.34643338 0.17718777 0.36901859 0.18677809
 0.33038256 0.3003716  0.16125691 0.16020204]","[0.4045662  0.2879862  0.33784376 0.3003576  0.34619681 0.23394488
 0.20206941 0.27347457 0.4086339  0.22957784]","[-0.08899269  0.29656115  0.26059611  0.3244921   0.20137489  0.46014255
  0.28614834  0.34598504  0.27120579  0.29103111]"
6,0.659427458430746,"[0.13354303 0.26604701 0.40651191 0.21638035 0.30603732 0.17830528
 0.31393875 0.32644177 0.13833769 0.19401315]","[0.47564014 0.19004166 0.25196886 0.29543296 0.17649944 0.16914986
 0.22172646 0.26485164 0.36307199 0.23932286]","[ 0.17184198  0.22750429  0.06982776  0.37119136 -0.0426004   0.24929354
  0.25969941  0.42097231  0.25725506  0.18894183]"
6,0.7139958319851119,"[0.05776182 0.3067649  0.30353607 0.29732787 0.28256441 0.19455939
 0.29624827 0.39448689 0.09524281 0.38199827]","[0.2786243  0.17647686 0.41040581 0.04811869 0.03299047 0.14450505
 0.42101712 0.23078108 0.38507872 0.22906033]","[0.085731   0.26967319 0.1008195  0.49557722 0.12717217 0.35947642
 0.32772101 0.49419918 0.0675262  0.31182217]"
6,1.2447960647941378,"[0.26145011 0.27608254 0.32108558 0.34511123 0.3436406  0.23047349
 0.26271405 0.28510024 0.26554626 0.25845568]","[0.3505082  0.1667145  0.10033458 0.38869323 0.25454377 0.13100254
 0.35345906 0.38974822 0.32816359 0.43974721]","[ 0.00962106  0.2181937   0.22164838  0.42165386 -0.06528261  0.18043094
  0.32437064  0.44898099  0.33055481  0.35793867]"
6,0.8818250891544845,"[0.2075487  0.2389867  0.34134199 0.24956554 0.29458772 0.146524
 0.22412839 0.42406593 0.33290748 0.251887  ]","[0.14876611 0.17761154 0.21431532 0.28179404 0.17092878 0.28145052
 0.27368534 0.21237416 0.39271576 0.12171074]","[0.08178312 0.2801731  0.10988711 0.16038251 0.15061732 0.2879209
 0.25871766 0.38700226 0.15287662 0.24810208]"
6,1.019806518310661,"[0.13511342 0.28288484 0.29258926 0.24990347 0.31421845 0.15121329
 0.40217336 0.28931128 0.21384955 0.37382942]","[0.16931807 0.30611866 0.15406895 0.18517481 0.24007399 0.17403526
 0.34850412 0.28694287 0.39428007 0.22213902]","[-0.0461329   0.28487305  0.20815105  0.2481375   0.08361052  0.22469796
  0.30272547  0.32037969  0.20908089  0.29670031]"
6,0.5233840005249838,"[0.17890857 0.24648241 0.37586768 0.29067529 0.32528549 0.30932727
 0.22521675 0.41138448 0.20814314 0.30963713]","[0.35328878 0.2321441  0.00687648 0.18870511 0.27239991 0.35617866
 0.22747171 0.35795218 0.29311388 0.33557254]","[0.06854969 0.31341766 0.2218479  0.33919742 0.19710623 0.27798373
 0.32445082 0.49444175 0.3510421  0.2549365 ]"
6,0.5439374376223776,"[0.18818277 0.21466758 0.47668363 0.28003213 0.33446544 0.30190806
 0.22869946 0.19577445 0.24878003 0.26363575]","[0.24502399 0.2931774  0.28712528 0.33619093 0.13124665 0.2075731
 0.21831864 0.25540812 0.32592408 0.07510322]","[0.1693154  0.28389338 0.11690516 0.3219983  0.09773733 0.37570729
 0.37420489 0.43410873 0.33637226 0.12394381]"
7,0.4638554021530563,"[0.23591564 0.34515591 0.20347722 0.24572197 0.39787076 0.2100065
 0.20427824 0.29148861 0.14844933 0.38126709]","[0.36361687 0.29654572 0.11659509 0.39187364 0.15256957 0.25360227
 0.20766521 0.33749466 0.38274632 0.44310689]","[-0.06921198  0.30427378  0.15379491  0.37150043  0.03372555  0.16774805
  0.3547918   0.40886377  0.36706853  0.37111536]"
7,0.7092576056534514,"[0.25712616 0.25365185 0.21105398 0.30447709 0.23459456 0.0512622
 0.1832821  0.29581811 0.21696071 0.28628433]","[0.30015158 0.24320424 0.07738578 0.26946023 0.2964918  0.04309346
 0.27573878 0.28566654 0.2688728  0.21815896]","[0.06754255 0.31276094 0.42479886 0.38151067 0.09340458 0.26630971
 0.31731206 0.26873229 0.19874445 0.18932743]"
7,0.8523203240146695,"[0.2108904  0.31189053 0.31699891 0.37778502 0.38255022 0.18344867
 0.24518574 0.13623252 0.06467858 0.21241327]","[0.19805816 0.27577833 0.08382043 0.22265999 0.21898916 0.22519447
 0.40234908 0.25378729 0.40992653 0.41005292]","[ 0.03169284  0.32764149  0.20237226  0.3653025  -0.00815725  0.14280147
  0.2794201   0.49647617  0.38215344  0.32780104]"
7,0.91133243726919,"[0.23105235 0.27365776 0.42096983 0.29242955 0.32797103 0.23006645
 0.32996954 0.27166687 0.1154297  0.46374994]","[0.36012119 0.07662739 0.12840125 0.27978327 0.18677277 0.01742709
 0.36666702 0.29705266 0.22740997 0.39893267]","[0.13255997 0.280782   0.18199513 0.3531881  0.00156657 0.33077235
 0.26481037 0.38212604 0.23235379 0.27425058]"
7,1.0277508649961875,"[0.32475811 0.38964141 0.22074373 0.13560791 0.36326385 0.18314535
 0.29273913 0.42103081 0.23430298 0.26012383]","[0.30195818 0.31157761 0.27841056 0.38348524 0.18451649 0.1474801
 0.32010311 0.2443694  0.32768712 0.26834675]","[0.04230486 0.34345002 0.24480727 0.28014064 0.00478049 0.20661152
 0.17232532 0.49991644 0.26705615 0.33389914]"
7,1.3255753562275643,"[0.26575927 0.3086189  0.29170602 0.02177284 0.43631015 0.21743837
 0.30516455 0.21376881 0.0334566  0.23410049]","[0.36543134 0.19933842 0.1162755  0.36922861 0.05593373 0.11234902
 0.2641451  0.27832777 0.32561574 0.20600742]","[0.14733534 0.21303569 0.27907083 0.41370242 0.01686016 0.25044241
 0.33463743 0.42417708 0.27258152 0.27635148]"
7,1.4460370212591744,"[0.32419977 0.3257036  0.49151414 0.3002885  0.15514654 0.26377344
 0.395483   0.31431041 0.14712957 0.14952584]","[0.1809091  0.33265073 0.27565712 0.25486198 0.17029584 0.07809895
 0.32112503 0.31461583 0.31518073 0.32021579]","[0.03961008 0.36063006 0.30531443 0.4136075  0.04993668 0.25020942
 0.27382365 0.32458819 0.28953309 0.40793223]"
7,0.6800148431401368,"[0.16716858 0.36202047 0.4709593  0.14032255 0.18881637 0.20408104
 0.49550527 0.18088673 0.17287654 0.22392575]","[0.22453174 0.3649395  0.12545324 0.3826636  0.1980713  0.13521352
 0.27862144 0.34135419 0.22594589 0.35436312]","[-0.06965464  0.07030365  0.31761621  0.32482634  0.0060307   0.18270558
  0.31942143  0.42761824  0.293819    0.28388198]"
7,1.0722517240851832,"[0.26030581 0.38499385 0.3952362  0.31260972 0.4856199  0.20150834
 0.32896149 0.38008137 0.24721212 0.24798069]","[0.35360641 0.22262887 0.33174829 0.29379516 0.28920104 0.17193204
 0.40041724 0.38003065 0.44292343 0.27819018]","[0.10526674 0.35361767 0.21953921 0.32183236 0.02666955 0.1584201
 0.29855841 0.47606228 0.22714152 0.33482247]"
7,0.6711909420475098,"[0.21275424 0.26490482 0.42665999 0.22490542 0.432467   0.29103626
 0.16973253 0.27744687 0.13834083 0.1979989 ]","[0.24758845 0.30480129 0.34245984 0.19921535 0.15538996 0.06672987
 0.20014267 0.24703653 0.28537116 0.12129329]","[ 0.00449753  0.37408489  0.18452365  0.32357164 -0.00093982  0.10438204
  0.44452916  0.49142034  0.38533946  0.33141419]"
7,0.9458404270326677,"[0.20238987 0.3549076  0.37801124 0.10499061 0.42539498 0.03727949
 0.23505859 0.09918866 0.15525427 0.36079065]","[0.33090904 0.26111463 0.24406465 0.34710412 0.28317812 0.04103309
 0.35237735 0.23533297 0.44797669 0.38131941]","[0.02529252 0.27614437 0.39135627 0.43923843 0.11129608 0.27184358
 0.32222194 0.42353144 0.19728034 0.30285813]"
7,1.2807297954112777,"[0.19126714 0.24702756 0.30576404 0.42831263 0.28765745 0.20792092
 0.35722278 0.38304092 0.20243401 0.19045012]","[0.32817237 0.27636513 0.17290611 0.20884556 0.12812308 0.20590714
 0.25661504 0.27720726 0.38456457 0.31663738]","[-0.10185837  0.18592953  0.20748502  0.40532327 -0.06294293  0.22560041
  0.30183243  0.46679441  0.33716651  0.3130161 ]"
7,1.0435594047079508,"[0.15400475 0.32702475 0.2563255  0.22718218 0.22039887 0.18639615
 0.26574817 0.26663523 0.27485073 0.22983166]","[0.42659967 0.26588536 0.22425747 0.35903743 0.34931548 0.11672704
 0.24908128 0.26319006 0.40379794 0.36942279]","[-0.09852923  0.35030275  0.15981956  0.2901937   0.0177165   0.20672661
  0.31834151  0.49606616  0.37448826  0.23378735]"
7,0.8750556839869754,"[0.14723799 0.34928852 0.32303147 0.18268967 0.34613855 0.20899406
 0.34033628 0.28555128 0.23350997 0.25663026]","[0.34987126 0.36803083 0.16559216 0.36700775 0.16028073 0.13727621
 0.25867441 0.31971375 0.26900008 0.2324916 ]","[0.03353337 0.33590417 0.08845279 0.35728058 0.00883417 0.27447358
 0.26083598 0.43966677 0.37844917 0.28360457]"
7,1.0316680798985933,"[0.29167415 0.25205475 0.33105271 0.1571381  0.24045298 0.34025365
 0.26758517 0.39389066 0.31045564 0.31671797]","[0.46805399 0.24605661 0.19616887 0.26674618 0.24811468 0.14092184
 0.37994755 0.38569224 0.3233692  0.31802254]","[-0.03842797  0.2673842   0.27168726  0.3077154   0.12835266  0.18150479
  0.28679671  0.35711712  0.21766584  0.22536246]"
7,0.5799548398788721,"[0.19750207 0.1486581  0.41493942 0.14302202 0.48112462 0.21898681
 0.28869909 0.38842604 0.20619214 0.34401452]","[0.47404971 0.28581144 0.17397131 0.40524108 0.4018744  0.19510573
 0.18919086 0.1954904  0.31398602 0.2359143 ]","[ 0.01036104  0.23532313  0.31230599  0.33406761 -0.09591219  0.22120527
  0.38376519  0.37103467  0.39454878  0.27327318]"
7,0.787393849526958,"[0.10900828 0.33222054 0.28619585 0.08839582 0.13990505 0.19879874
 0.20715346 0.29283731 0.19465479 0.19297996]","[0.3489306  0.31532818 0.28113328 0.31626678 0.15035461 0.31771543
 0.20780719 0.24435371 0.33724928 0.31427143]","[-0.15027253  0.30383949  0.34437537  0.44333043 -0.03255376  0.37655119
  0.358897    0.49836173  0.32931807  0.3114623 ]"
7,0.5768883982733396,"[0.2093584  0.28549841 0.30528493 0.19489211 0.43023733 0.13088794
 0.32042582 0.28731398 0.24346189 0.26901122]","[0.18781931 0.2255571  0.18527877 0.38339401 0.30771309 0.35755046
 0.28750956 0.19760607 0.37441553 0.30184064]","[-0.21039657  0.30698886  0.16930136  0.32448539 -0.01003691  0.31074937
  0.2409116   0.30785643  0.29642591  0.47958513]"
7,0.7017803001034526,"[0.09570758 0.15699206 0.31876028 0.40476154 0.15445868 0.07608872
 0.19624121 0.29261377 0.03155429 0.16158113]","[0.49899075 0.29197525 0.19518418 0.19343719 0.35788082 0.32727129
 0.36474469 0.05873937 0.25657206 0.35123893]","[ 0.1299859   0.43517967  0.21632047  0.44183466 -0.10654123  0.18812577
  0.21423291  0.45446605  0.36319266  0.30262334]"
7,0.5575576419623955,"[0.1541379  0.2798627  0.39803787 0.17912487 0.30317867 0.32269281
 0.40659279 0.33244084 0.074146   0.37067017]","[0.27361336 0.41074442 0.21271803 0.32909151 0.18334478 0.16751105
 0.25707447 0.20397533 0.25117192 0.28395951]","[ 0.05664078  0.19966416  0.15134495  0.29844109 -0.01344716  0.29454771
  0.32252475  0.49386433  0.06829972  0.38768116]"
8,0.7867022792584352,"[0.24344343 0.49973877 0.49996858 0.32697703 0.34836958 0.2277114
 0.15405953 0.46066662 0.11802005 0.2709653 ]","[0.36050978 0.37638328 0.2117948  0.24993924 0.15695837 0.09110011
 0.40107008 0.26293396 0.33092349 0.35306608]","[0.01256909 0.35802133 0.20848427 0.49914738 0.08743567 0.29303128
 0.33657007 0.17832982 0.2709082  0.39534584]"
8,0.7629814863942811,"[0.38637298 0.25586365 0.31012463 0.23469112 0.25343283 0.18326933
 0.34179006 0.27472014 0.11709163 0.28767742]","[0.41486995 0.28360365 0.22169804 0.21964128 0.19228977 0.09504796
 0.35802378 0.29739171 0.36484875 0.28169312]","[0.11520607 0.15940201 0.29962206 0.32748531 0.04192226 0.26518514
 0.20973618 0.33730022 0.26545752 0.33415038]"
8,1.2398471069415669,"[0.17638367 0.32176484 0.24796653 0.23880369 0.22476707 0.28488059
 0.39475983 0.39878851 0.14258154 0.08950579]","[0.46015638 0.32160231 0.1406097  0.33865773 0.17042005 0.09102896
 0.33216712 0.385835   0.50352045 0.28968921]","[-0.00619118  0.37528291  0.23869862  0.32208464  0.13385806  0.17861162
  0.25317695  0.39396959  0.32301523  0.43292343]"
8,0.9053262285856934,"[0.23574592 0.20945625 0.30936148 0.46408477 0.2552516  0.24456769
 0.32816774 0.24490248 0.18862886 0.28881761]","[0.33693679 0.14587544 0.09590089 0.3666935  0.22538599 0.13305438
 0.22336978 0.24937266 0.31369831 0.28673087]","[ 0.13220524  0.3228638   0.33012912  0.43097703 -0.0595729   0.20959266
  0.19098334  0.44883174  0.30617825  0.25013697]"
8,1.2633778380931944,"[0.11541117 0.30284013 0.28927676 0.11971664 0.31651173 0.319456
 0.35518972 0.23362908 0.13030929 0.21505318]","[0.20079766 0.18951193 0.22827599 0.47911538 0.2895055  0.11246732
 0.34528425 0.33866615 0.38202517 0.22796763]","[0.10184717 0.25579046 0.22064537 0.37920886 0.05563626 0.2076263
 0.39818322 0.35584365 0.29277819 0.36606453]"
8,0.9174131675845911,"[0.28231533 0.41040395 0.38079089 0.12764577 0.23909192 0.15151428
 0.24943094 0.43714958 0.16106819 0.25604714]","[0.43299901 0.30074253 0.19748673 0.32415436 0.26901284 0.0147165
 0.18565491 0.31470136 0.35224694 0.32524599]","[0.07066437 0.2942338  0.31097836 0.2436326  0.10873729 0.21498512
 0.33439442 0.42629184 0.15622507 0.35052611]"
8,0.6496280181199031,"[0.16890772 0.33378726 0.43004302 0.18554043 0.3650768  0.13378757
 0.26447863 0.30800132 0.13188232 0.27992052]","[0.20368147 0.40057006 0.34791114 0.44869695 0.15037981 0.01251822
 0.2322333  0.25854008 0.26140962 0.26594062]","[ 0.14486332  0.26697128  0.25552464  0.33720564 -0.02902879  0.36326419
  0.20611164  0.30621952  0.18386145  0.1205923 ]"
8,1.1788495589869787,"[0.3404709  0.28437703 0.24735598 0.15412989 0.18638849 0.20690015
 0.29869935 0.22304236 0.16763503 0.13319564]","[0.40902777 0.30192581 0.19680823 0.26456995 0.32430723 0.12701335
 0.32143617 0.38996469 0.18318724 0.16382974]","[0.1562795  0.14760144 0.25192638 0.46564032 0.06055303 0.28913206
 0.33886497 0.48750301 0.13562607 0.27314177]"
8,1.7767794200030316,"[0.13906712 0.25623401 0.40692461 0.2944861  0.36325756 0.19848106
 0.26986681 0.38094394 0.13421453 0.04279734]","[0.32954231 0.24711293 0.08345954 0.29586827 0.07898581 0.14707365
 0.27523365 0.3992266  0.34674765 0.4077001 ]","[-0.11321661  0.2747661   0.31193816  0.34615313 -0.04359655  0.30665149
  0.2795038   0.38513265  0.22251402  0.44090067]"
8,1.5882368848225759,"[0.13490672 0.30338673 0.47981738 0.08852286 0.34814652 0.10744229
 0.11657405 0.29447301 0.13779291 0.15858075]","[0.18409928 0.3177448  0.32607988 0.19268313 0.20496218 0.09059293
 0.34933927 0.2871108  0.370666   0.44847769]","[0.06193691 0.38693109 0.20628648 0.25455074 0.00566786 0.28332831
 0.31713808 0.49360451 0.232753   0.32624016]"
8,0.9985278630390579,"[0.23296201 0.3540803  0.2182397  0.26912339 0.39650585 0.4189627
 0.31395095 0.2946102  0.28179429 0.15669398]","[0.26719532 0.30843858 0.24919378 0.36814042 0.06467537 0.06543265
 0.44588139 0.14434755 0.41064987 0.24127432]","[0.0978789  0.37005998 0.40041858 0.40542614 0.14463813 0.18785924
 0.20608835 0.36683139 0.2666003  0.39236443]"
8,0.8724043776870587,"[0.25114423 0.27220215 0.32451183 0.28479726 0.37845416 0.28463769
 0.3537187  0.14650991 0.2729636  0.11862405]","[0.24650723 0.17331322 0.29202229 0.24641983 0.30849147 0.02936672
 0.28577742 0.26704694 0.29677498 0.36243164]","[ 0.11001242  0.37724495  0.26197305  0.41535623 -0.0035729   0.27900862
  0.38549825  0.45458526  0.24589737  0.3504403 ]"
8,0.6649462283671973,"[0.19220941 0.13037174 0.36020809 0.23216057 0.340945   0.21394096
 0.22298473 0.30075992 0.04476458 0.26755612]","[0.24463643 0.19631803 0.24529156 0.25105075 0.27524077 0.22649843
 0.37081218 0.18943343 0.33586977 0.29255413]","[ 0.03539114  0.27253574  0.36654832  0.46084555 -0.03161109  0.00112216
  0.21446681  0.48650342  0.28259753  0.32613622]"
8,0.5965832377810589,"[0.28727214 0.21366034 0.43614735 0.14498104 0.35882123 0.13212346
 0.38634426 0.3366041  0.14941538 0.19101865]","[0.37784509 0.17511063 0.16821869 0.33987939 0.29052499 0.01453895
 0.36800542 0.34031614 0.25141202 0.28737841]","[ 0.01701415  0.31939144  0.25861727  0.44945157 -0.02531843  0.25288657
  0.3063992   0.29041358  0.36152634  0.37508054]"
8,0.5537506037452566,"[0.28239774 0.49676647 0.49082122 0.230493   0.22634851 0.24658702
 0.21825214 0.24269768 0.18692374 0.13374543]","[0.49780395 0.2164023  0.28811682 0.29763055 0.16280955 0.13355611
 0.2980048  0.45303036 0.21902653 0.30117681]","[-0.04715928  0.3157545   0.28834644  0.43980372  0.1110226   0.18342454
  0.31593432  0.33885769  0.27938508  0.39349494]"
8,0.6314506996152149,"[0.23840438 0.39286889 0.1664174  0.15659176 0.24334745 0.22729936
 0.35407113 0.23207301 0.1060734  0.25913076]","[0.22972632 0.44099206 0.28899966 0.30638849 0.22678968 0.2466566
 0.38666623 0.33592941 0.24964556 0.19430646]","[0.05497654 0.25044809 0.32017471 0.36137444 0.00821505 0.24413684
 0.25056544 0.44031115 0.39619908 0.3608498 ]"
8,0.6820606146122474,"[0.27430013 0.33168432 0.27076903 0.33637186 0.42692666 0.30018275
 0.37801193 0.23301733 0.15007636 0.25190663]","[0.30779433 0.20236102 0.3426301  0.42095709 0.23751361 0.1146376
 0.2338098  0.34541446 0.18608011 0.25826311]","[0.08823126 0.35802998 0.21831352 0.22505267 0.14959365 0.27503936
 0.26054838 0.30376385 0.16035567 0.20147681]"
8,0.7315313459973554,"[0.23212498 0.3626662  0.30278486 0.28712187 0.2660458  0.25938637
 0.3983313  0.33944308 0.12475545 0.2529803 ]","[0.35283853 0.3241249  0.22861127 0.33861911 0.16766147 0.06567342
 0.30046396 0.26160835 0.29905284 0.34259599]","[-0.13592035  0.24544702  0.26535956  0.31784319  0.19026075  0.2937946
  0.33098928  0.40783589  0.25630551  0.28597644]"
8,0.6046460872071996,"[0.24852545 0.47144765 0.35145336 0.24360825 0.43984526 0.16419655
 0.32865788 0.27577415 0.33964535 0.26879731]","[0.18521191 0.29775757 0.34871567 0.3022679  0.11441673 0.12923566
 0.33506212 0.28836916 0.22975693 0.40963352]","[0.13635817 0.17246359 0.15188449 0.47658074 0.07169736 0.40945338
 0.28545131 0.4887115  0.29467003 0.29346546]"
8,0.5746320396509815,"[0.14860226 0.41444073 0.35007627 0.1451137  0.27257969 0.15565356
 0.32256321 0.3597342  0.25376218 0.20806066]","[0.23561535 0.35752013 0.17504845 0.29463408 0.1380172  0.00771061
 0.2300802  0.41533229 0.37882364 0.25255859]","[0.08557971 0.30378376 0.34039548 0.32097377 0.12613503 0.25454298
 0.19333392 0.3909584  0.20408108 0.27429075]"
9,0.8282803377160111,"[0.06261722 0.30995046 0.43951029 0.28059857 0.4142086  0.33454283
 0.23888382 0.29357837 0.06741707 0.16770368]","[0.37384035 0.21737832 0.12003897 0.27296739 0.25905947 0.23979661
 0.26607474 0.34175291 0.45330274 0.30853034]","[0.17146695 0.0653496  0.19299638 0.28243433 0.06298266 0.29833138
 0.3630488  0.46346907 0.41579611 0.41011619]"
9,0.8234312821729912,"[0.36133687 0.29748728 0.17323327 0.1449316  0.23136015 0.18700737
 0.31645008 0.44614182 0.38769645 0.17550223]","[0.27285894 0.25201557 0.2885237  0.28061848 0.24604556 0.09059231
 0.35128396 0.25493018 0.34135521 0.44395441]","[0.11186772 0.16564066 0.14363701 0.33146361 0.13868278 0.23541898
 0.16066736 0.32499011 0.30063734 0.30830106]"
9,0.9724554163302007,"[0.16761754 0.48244121 0.31051921 0.26672606 0.33820659 0.237419
 0.21738322 0.35147369 0.18138831 0.0322355 ]","[0.41380578 0.34014094 0.11924924 0.333746   0.17846786 0.00432041
 0.30755952 0.48508204 0.4181609  0.30484515]","[ 0.02980899  0.3092793   0.32579784  0.31443323 -0.12990074  0.31984712
  0.2441328   0.38478463  0.22863133  0.40184226]"
9,0.7870817750666956,"[0.1069283  0.41302889 0.19787574 0.31412835 0.33445388 0.16613474
 0.37803416 0.26720975 0.1942264  0.21035592]","[0.23200463 0.3056803  0.12988425 0.33902445 0.17716362 0.04597951
 0.38207379 0.25138121 0.46458569 0.44276031]","[0.04057544 0.23374999 0.28967053 0.37042076 0.16404824 0.3630176
 0.41810683 0.47779747 0.33672584 0.3289448 ]"
9,1.2716975175520706,"[0.08656522 0.29363635 0.3933652  0.06740282 0.28022105 0.15161798
 0.21934228 0.41374584 0.27212167 0.31147857]","[0.43507021 0.19989423 0.3301841  0.19853533 0.20082791 0.00050801
 0.4128195  0.35968217 0.31469538 0.30840374]","[0.09926674 0.36583868 0.2152132  0.23643117 0.00537727 0.1945039
 0.3876325  0.40745539 0.08177548 0.32776531]"
9,0.5543280948810523,"[0.25710217 0.31256677 0.29728648 0.23165458 0.27427298 0.19041642
 0.13026488 0.36653518 0.18645651 0.03346082]","[0.27891622 0.26061979 0.23933443 0.26503746 0.17132157 0.15223804
 0.27798156 0.39201391 0.35259606 0.28981292]","[ 0.09308791  0.380226    0.39972113  0.46716168 -0.01559815  0.26500234
  0.23847396  0.4835904   0.19224198  0.46160988]"
9,1.0179572910378254,"[0.09041401 0.22886574 0.30742502 0.10019749 0.28348942 0.28663775
 0.12477859 0.23827535 0.13654773 0.04443813]","[0.2741791  0.32212004 0.22625508 0.19163004 0.08007092 0.00259422
 0.40679677 0.20056319 0.44083895 0.38143755]","[0.12394096 0.22625559 0.3389796  0.48064386 0.12260735 0.35999207
 0.40737584 0.38304811 0.1459965  0.48339455]"
9,0.7138310181086757,"[0.31703182 0.35224901 0.26040707 0.03078382 0.40958486 0.19429543
 0.2264297  0.41555896 0.01506481 0.11710775]","[0.31319405 0.27697731 0.16159834 0.44434925 0.34466248 0.01137231
 0.4470485  0.34379551 0.54333763 0.4048829 ]","[ 0.08875695  0.29464975  0.26252953  0.08551561 -0.01487205  0.30890658
  0.3252562   0.49998537  0.18439664  0.4048142 ]"
9,0.6358762460184828,"[0.22106542 0.20119558 0.49307689 0.26862024 0.29501493 0.22499928
 0.35415249 0.35332032 0.06114151 0.04816096]","[0.37529814 0.20514072 0.37035331 0.28949365 0.20742762 0.10556222
 0.30543724 0.28927159 0.48032443 0.40408383]","[0.12238101 0.33230132 0.3050253  0.34806382 0.00586529 0.42367105
 0.30514261 0.47704191 0.25371715 0.34178014]"
9,0.4830704008141608,"[0.14664281 0.49394833 0.48899939 0.29256514 0.3019752  0.18542156
 0.35965768 0.4703047  0.14409068 0.23225368]","[0.39811551 0.38741607 0.10394045 0.42858774 0.01868109 0.00528683
 0.35003915 0.3316221  0.30482488 0.3340748 ]","[ 0.02260327  0.42258585  0.15400599  0.45926163 -0.01772881  0.24878787
  0.37310573  0.43862501  0.21371483  0.47580973]"
9,0.9201267785183914,"[0.17196948 0.49927493 0.34805293 0.25621598 0.48160479 0.24901675
 0.32798754 0.41004395 0.25065261 0.17688038]","[0.21809954 0.39529179 0.272223   0.30603124 0.27343698 0.18348415
 0.36752444 0.39305141 0.27642168 0.21705935]","[-0.09281547  0.28094138  0.22958493  0.34861963 -0.02617275  0.2736793
  0.17149286  0.41898264  0.22012134  0.39622983]"
9,0.91001645630524,"[0.14757303 0.29967218 0.34710984 0.21075414 0.39751835 0.23632299
 0.34855011 0.45695559 0.16310286 0.1592257 ]","[0.17728843 0.33589463 0.15164689 0.36345053 0.19999046 0.00241327
 0.3212697  0.22845602 0.31213387 0.26290264]","[0.08240168 0.39270087 0.20607981 0.2697741  0.0781384  0.10146287
 0.19655993 0.46869902 0.357438   0.37683167]"
9,0.7901115312379664,"[0.24927313 0.33712001 0.27385253 0.25961401 0.22237389 0.25098935
 0.1672387  0.30044769 0.01928969 0.14485083]","[0.17531747 0.42493572 0.22079002 0.30287291 0.21653995 0.0015929
 0.24494136 0.2792854  0.53966734 0.14809287]","[-0.02609092  0.38698255  0.29623201  0.33278551  0.06025408  0.14825042
  0.29744446  0.44521684  0.10726239  0.36548988]"
9,0.6572419314178135,"[0.16130009 0.33110317 0.28206807 0.21183131 0.45439198 0.34086146
 0.30175695 0.35934878 0.16620263 0.17919644]","[0.28145325 0.28212203 0.16290206 0.19152369 0.19290351 0.00735055
 0.34738163 0.22148585 0.30502843 0.30695674]","[0.10292938 0.37489527 0.11109646 0.24217719 0.19019921 0.23060565
 0.41048366 0.48200026 0.20198399 0.48681397]"
9,0.6739437801984601,"[0.20368917 0.33215842 0.40637829 0.3129581  0.41161709 0.13240621
 0.40126984 0.26322776 0.2913778  0.24190901]","[0.40288577 0.18744936 0.03970944 0.35451475 0.23374548 0.04516577
 0.41621905 0.33614839 0.33377577 0.44283479]","[-0.15900372  0.21155633  0.22256696  0.37537633  0.01617669  0.10547206
  0.39230617  0.46708488  0.24582843  0.2276759 ]"
9,0.753375915733141,"[0.10741359 0.36127948 0.28519327 0.19505766 0.41994231 0.32347975
 0.12147807 0.40015574 0.25599892 0.0622377 ]","[0.47740344 0.32336332 0.20880106 0.31572231 0.1399383  0.23877588
 0.20068688 0.42901827 0.25115234 0.34775446]","[-0.11639691  0.47559413  0.26992291  0.45550585 -0.05583396  0.2484092
  0.25553137  0.48842025  0.08253722  0.28227165]"
9,0.6630557774969632,"[0.09644118 0.14897755 0.34046579 0.29348018 0.2904897  0.23059686
 0.30832153 0.47260666 0.17387528 0.05988969]","[0.24554295 0.35743528 0.23653945 0.20010084 0.15320157 0.04764458
 0.3153907  0.36476583 0.40186974 0.21044595]","[-0.14646369  0.45327391  0.12417127  0.39289663  0.10386898  0.28396501
  0.30786665  0.40519208  0.30026362  0.36164953]"
9,0.9072777806153496,"[0.29873467 0.33417109 0.41863841 0.19023116 0.27522916 0.35674458
 0.30795925 0.3159907  0.0936341  0.18534858]","[0.18358324 0.28394175 0.17415349 0.34007287 0.22088085 0.08542926
 0.35711507 0.32600445 0.40450478 0.22630029]","[-0.0654781   0.38064673  0.02793871  0.28499578 -0.01754469  0.26174801
  0.13342922  0.42737786  0.38208898  0.30005547]"
9,0.8849562981955713,"[0.25588613 0.17924257 0.40325716 0.32685937 0.26143078 0.1474847
 0.18792263 0.29215807 0.0347176  0.19566795]","[0.43166136 0.31222886 0.0118261  0.38399956 0.23527934 0.1333295
 0.26854032 0.39372977 0.15214132 0.32220308]","[-0.03522026  0.21598013  0.34495962  0.34469521  0.03906446  0.28736467
  0.39716531  0.48183888  0.2255797   0.31253085]"
9,0.712717339005075,"[0.24336711 0.41492524 0.30017877 0.20704637 0.36691008 0.28487649
 0.47309527 0.30036403 0.23242685 0.15510593]","[0.41419808 0.03630861 0.21027315 0.36055253 0.11432185 0.17973254
 0.44145851 0.36381983 0.29625911 0.23766434]","[ 0.01379302  0.24847378  0.32226037  0.30864807 -0.03526937  0.25588856
  0.33361779  0.47109587  0.18886566  0.42851144]"
10,0.8733193191457267,"[0.09688309 0.06152691 0.489339   0.40117334 0.25153811 0.32885441
 0.32445878 0.40199287 0.23001563 0.1957026 ]","[0.42521261 0.24466696 0.23868283 0.27483185 0.2144276  0.07478018
 0.42644261 0.26067694 0.26998267 0.25973967]","[-0.05597205  0.36979467  0.18527878  0.27905854 -0.00140585  0.2858115
  0.22048666  0.36999317  0.25693727  0.32700518]"
10,0.8823990377428678,"[0.05999805 0.33841592 0.31534764 0.13840203 0.41509032 0.15276508
 0.22341697 0.32330983 0.20260662 0.16200897]","[0.41120929 0.36901703 0.29369751 0.30799249 0.12012973 0.02028629
 0.28967761 0.39680134 0.42142842 0.29329159]","[ 0.0163613   0.3796374   0.25674748  0.21579531 -0.18479967  0.2738226
  0.20113089  0.38995484  0.20059945  0.32995524]"
10,1.1439606704826215,"[0.17862062 0.43665374 0.28069643 0.20371234 0.43454347 0.25712783
 0.32659843 0.37026955 0.34321697 0.11102373]","[0.34739114 0.34478471 0.2116044  0.27303967 0.28333947 0.06822357
 0.45419975 0.29881239 0.34170082 0.21003727]","[ 0.09397279  0.33733021  0.37937676  0.2940437  -0.01527457  0.16142746
  0.26767423  0.37602942  0.28717844  0.41203224]"
10,0.6526913760427815,"[0.14405918 0.39085481 0.32545988 0.19719486 0.22367794 0.27570282
 0.3523999  0.44782128 0.10199823 0.10894513]","[3.05903777e-01 3.19379184e-01 3.89976015e-01 9.98408981e-02
 1.08044879e-01 4.73023866e-04 3.77404744e-01 2.64910614e-01
 4.75978202e-01 3.82531813e-01]","[ 0.25850198  0.30111838  0.21080464  0.2772711  -0.10445185  0.14557019
  0.3990969   0.40506587  0.13312579  0.22061482]"
10,0.7449521606569004,"[0.19956116 0.44059233 0.37943413 0.08571331 0.40636141 0.25633239
 0.35630144 0.31337986 0.38991693 0.13211129]","[0.41388035 0.2653619  0.25838691 0.29273875 0.17628698 0.04365883
 0.27963264 0.27473658 0.30977883 0.37180164]","[0.09795413 0.15145045 0.20032834 0.40296651 0.11890914 0.41512241
 0.46445444 0.38423661 0.28963615 0.37649918]"
10,0.7694938339552057,"[0.11291216 0.35189995 0.42240885 0.12942645 0.23894014 0.05712313
 0.29085506 0.36535598 0.01267265 0.03601095]","[0.32093739 0.26489776 0.28384402 0.0747697  0.37266457 0.01772542
 0.55651797 0.37703336 0.43922874 0.23340722]","[-0.02274878  0.31440266  0.31606392  0.30977275 -0.04691224  0.34332772
  0.41577302  0.49369548  0.29817441  0.41274104]"
10,0.7894437104523876,"[0.15462768 0.35809967 0.32594305 0.31074331 0.27840664 0.18384477
 0.04463052 0.31964602 0.2740059  0.25058652]","[0.36296336 0.20180293 0.27596997 0.41359143 0.20215424 0.03154375
 0.33519072 0.43551135 0.33056357 0.45792156]","[ 0.17769636  0.2435161   0.17688063  0.26116264 -0.1161122   0.34375358
  0.25620109  0.40363579  0.18607689  0.40086471]"
10,1.013359156903256,"[0.24622732 0.28536059 0.39380121 0.2786311  0.31073694 0.26272733
 0.11955496 0.41045627 0.23039002 0.13300973]","[0.19345505 0.16316252 0.26343432 0.26392373 0.12539992 0.00345839
 0.35807257 0.31633472 0.22394741 0.26438123]","[-0.06311095  0.31629822  0.18503942  0.31951968 -0.03157033  0.1372832
  0.33644882  0.32223463  0.27929138  0.3465666 ]"
10,0.7317129940236633,"[0.0778253  0.28226099 0.33110732 0.22210171 0.30877272 0.23666657
 0.21824976 0.35203935 0.22977119 0.08189442]","[0.17562545 0.40258073 0.18627526 0.21087065 0.06779315 0.11515601
 0.45068092 0.38979893 0.32759282 0.32165793]","[0.12398822 0.31491102 0.24745733 0.3178145  0.0543872  0.27868816
 0.34790215 0.39836184 0.1396977  0.33683943]"
10,0.8186781154312583,"[0.13787167 0.23785465 0.31970887 0.01331957 0.36996333 0.24261401
 0.25038119 0.30036701 0.1084218  0.20116606]","[0.38897706 0.28350711 0.17743474 0.27382285 0.20072803 0.00973311
 0.38496351 0.37420608 0.51144451 0.26906857]","[0.03804659 0.12448313 0.31948311 0.32536243 0.00470183 0.36911953
 0.22395489 0.39515817 0.08168357 0.33553356]"
10,0.8575863757206474,"[0.18409041 0.25475391 0.33034304 0.21736843 0.3775467  0.2861644
 0.15228113 0.22706915 0.35598872 0.32795142]","[0.27895925 0.37288866 0.28573867 0.07900274 0.16171868 0.00167388
 0.39488413 0.29430193 0.26303122 0.20823045]","[ 0.0420474   0.2843744   0.09292074  0.33260435 -0.03484361  0.29457735
  0.40797761  0.44578018  0.17237797  0.36764382]"
10,0.843314237391273,"[0.10728293 0.42340734 0.46587213 0.18167953 0.20011493 0.2152335
 0.26356747 0.40153994 0.25713259 0.22721871]","[0.36242864 0.20900814 0.11726438 0.18739147 0.36087661 0.02504628
 0.38151493 0.35808636 0.25286213 0.31297297]","[-0.04950094  0.39608541  0.30295265  0.34293973  0.08672843  0.28139518
  0.26374739  0.40214355  0.29432803  0.20603146]"
10,0.7524680995277044,"[0.23660172 0.49315085 0.31757202 0.213792   0.36399409 0.20292899
 0.24450354 0.45611468 0.12873944 0.26811784]","[0.31732827 0.30170095 0.37912592 0.27667297 0.21103922 0.05196012
 0.38300027 0.25745399 0.31225434 0.38496629]","[-0.02614028  0.2331529   0.23268802  0.37952108 -0.14258479  0.41356759
  0.34567141  0.36554851  0.17106672  0.31681234]"
10,1.1671204354006273,"[0.29962267 0.28774815 0.32179925 0.06294385 0.26539586 0.29067998
 0.31036232 0.46238746 0.24403092 0.09601863]","[0.3506435  0.31660731 0.30566055 0.27399456 0.18627145 0.03953691
 0.36952377 0.36510967 0.19140838 0.38389242]","[ 0.01722824  0.30820719  0.3681459   0.35722116 -0.02734284  0.43225162
  0.16344832  0.39928099  0.04103173  0.38616607]"
10,0.712271668782264,"[0.20975189 0.24844299 0.32783987 0.15262356 0.34753646 0.26761805
 0.2609513  0.4125289  0.18053802 0.05947528]","[0.31672449 0.20676677 0.09938977 0.34696117 0.20247992 0.13308407
 0.41309384 0.51184311 0.45509143 0.28398356]","[0.11987763 0.3907258  0.27462145 0.27153814 0.00826009 0.31718008
 0.27256485 0.46624776 0.15722914 0.49046851]"
10,0.8776556397662055,"[0.20818583 0.39304378 0.47581449 0.2234087  0.25051164 0.24530633
 0.17436418 0.35279228 0.35799944 0.21383473]","[0.36654737 0.32297563 0.21583423 0.15107676 0.29472747 0.01233872
 0.4253028  0.3912377  0.32637927 0.2616616 ]","[-0.04935087  0.27237808  0.34273593  0.19155428 -0.0260459   0.17557031
  0.43335335  0.36242045  0.13121053  0.46953959]"
10,0.48122747233025975,"[0.19348589 0.26811836 0.3296008  0.32347571 0.19102239 0.2237438
 0.32775657 0.30122845 0.07097437 0.11985942]","[0.28580088 0.27542723 0.04069737 0.05917751 0.09627119 0.08222512
 0.41404285 0.38557742 0.41928845 0.21643484]","[-0.00325167  0.19954426  0.30957209  0.21340748  0.00053699  0.28867727
  0.18965336  0.39855243  0.21396867  0.35158059]"
10,0.584222497594169,"[0.11598163 0.27799596 0.33713988 0.16244512 0.2534403  0.39598769
 0.29124972 0.4983466  0.26710913 0.08898002]","[0.2919322  0.16227044 0.24280008 0.19786536 0.12033664 0.00181411
 0.37735997 0.40198544 0.38640483 0.36093961]","[ 0.0482942   0.37144878  0.28953319  0.22747589 -0.06357147  0.14069652
  0.35256399  0.45143649  0.13951678  0.46890831]"
10,1.188471356522794,"[0.30487399 0.34304571 0.22380919 0.25658492 0.32509879 0.15233041
 0.22160686 0.34973124 0.40340537 0.19180924]","[0.30141237 0.34694519 0.34168702 0.17736673 0.28693212 0.02704315
 0.34034134 0.24789179 0.44827575 0.30693068]","[0.17474428 0.23387084 0.12459156 0.21583639 0.06571665 0.36861657
 0.24711237 0.40591043 0.14446486 0.41200825]"
10,0.8469104717586273,"[0.00935007 0.33246442 0.34534252 0.14562262 0.41791346 0.12368225
 0.21749806 0.3508504  0.25801342 0.08629808]","[0.35883089 0.23365819 0.2156667  0.29392363 0.17666901 0.0257338
 0.29716501 0.26951987 0.38104703 0.38294643]","[ 0.08628923  0.28298655  0.27063533  0.37889458 -0.10400529  0.33348988
  0.2089506   0.36230039  0.24458941  0.28495452]"
11,0.8870764526610855,"[0.26821233 0.32398957 0.35214431 0.27798152 0.35963624 0.2089689
 0.29564908 0.39077909 0.3327549  0.12462225]","[0.3809178  0.20999038 0.23389858 0.35436967 0.29402662 0.02203335
 0.18961935 0.34055146 0.23498894 0.21244557]","[0.10255412 0.39024522 0.22068817 0.21194623 0.0686335  0.29072749
 0.1128904  0.46847412 0.18053442 0.37292514]"
11,0.5868305797419616,"[0.19670479 0.18253001 0.14913963 0.06816921 0.48600406 0.23250931
 0.35389303 0.29974221 0.22778893 0.36072782]","[0.29971491 0.27887282 0.27066794 0.2501328  0.22209142 0.00501836
 0.39191282 0.29582502 0.24488157 0.40018977]","[0.08458176 0.21812653 0.26057346 0.31846645 0.03587425 0.30787583
 0.34924769 0.37682403 0.29259824 0.43455447]"
11,0.8039080595064221,"[0.25694145 0.4036443  0.1898008  0.01273412 0.31933118 0.21207437
 0.31200126 0.42137365 0.33132349 0.22003716]","[0.3484092  0.21322148 0.39515628 0.3218765  0.34137726 0.00757358
 0.45241427 0.30191005 0.30026345 0.34698623]","[-0.00485803  0.29596376  0.21297046  0.42591444 -0.16472283  0.31394439
  0.34516119  0.3760628   0.2000798   0.43843369]"
11,0.831277611265195,"[0.2679528  0.35463389 0.29909207 0.23203091 0.24962146 0.1463158
 0.21043574 0.48338364 0.40997501 0.01804033]","[0.34920231 0.40836038 0.25105474 0.27783182 0.31181156 0.04086822
 0.41208064 0.42484885 0.33647837 0.14767706]","[ 0.06328765  0.24355233  0.41413116  0.19708989 -0.1353852   0.2317762
  0.34298064  0.41829493  0.16150655  0.37882213]"
11,0.7101123749104375,"[0.12197849 0.28764512 0.39721158 0.18246066 0.30996772 0.35275953
 0.14566528 0.37252204 0.26859308 0.20100602]","[0.37227731 0.26831487 0.14608554 0.27236979 0.26309137 0.11363689
 0.2815212  0.3367768  0.31739228 0.21756947]","[ 0.12736324  0.31949337  0.17294561  0.26889454 -0.04797758  0.4212514
  0.25765715  0.48681685  0.12884122  0.49914246]"
11,0.8104053695470073,"[0.25183747 0.28269539 0.312477   0.23178049 0.35064918 0.24307286
 0.32686515 0.32029101 0.43102712 0.2274302 ]","[1.80475877e-01 3.01592120e-01 3.44203301e-01 2.13049314e-01
 2.42643079e-01 1.96895799e-05 5.02195148e-01 2.93950739e-01
 2.43378346e-01 2.68067542e-01]","[0.05279724 0.39097724 0.24882991 0.35813724 0.03604826 0.38002848
 0.32138226 0.37048734 0.21790951 0.39080664]"
11,0.7272373445274852,"[0.26780361 0.23614573 0.28976046 0.32146963 0.33440211 0.30897682
 0.30475848 0.31801076 0.30913535 0.32685884]","[0.29281765 0.13627201 0.266536   0.31749708 0.30662872 0.01500084
 0.40831558 0.20131318 0.38364007 0.19924777]","[ 0.14047144  0.22282196  0.26965745  0.29743257 -0.00570116  0.25376834
  0.387526    0.41036173  0.11153678  0.30472955]"
11,1.2405995259335139,"[0.0936081  0.35006398 0.45313325 0.15288771 0.26828624 0.25798895
 0.36616582 0.36109724 0.36483783 0.08013955]","[0.18028067 0.26958729 0.42151691 0.29222626 0.29642633 0.05362335
 0.43051058 0.19768721 0.22373541 0.15551068]","[0.01907613 0.39706412 0.25814902 0.40095296 0.04843418 0.26213617
 0.23544552 0.43303082 0.13810149 0.42292667]"
11,0.9747912527661602,"[0.14883764 0.37376527 0.27844427 0.20386314 0.30825134 0.26720478
 0.2511907  0.29838853 0.28937468 0.10609442]","[0.34327615 0.32240704 0.24336579 0.30145795 0.06471235 0.13125514
 0.42254511 0.31652529 0.27996433 0.2874076 ]","[0.00820528 0.34667054 0.08324263 0.24048601 0.03944911 0.29729755
 0.19635611 0.31169448 0.13240355 0.24640798]"
11,0.8214697657278305,"[0.19583074 0.41111597 0.22711712 0.03677136 0.4306354  0.21253511
 0.2458239  0.3456515  0.36528206 0.15118199]","[0.476509   0.09681529 0.35493627 0.41976617 0.08708371 0.01771662
 0.42226469 0.24749188 0.31731265 0.26282436]","[-0.01055578  0.24982031  0.30323782  0.31956684 -0.13083585  0.18853256
  0.19030167  0.22432172  0.22330012  0.45958161]"
11,0.5650397815977201,"[0.19187526 0.1659516  0.3714917  0.23811767 0.37819778 0.18601992
 0.21450563 0.41738142 0.28023753 0.07751497]","[0.28563459 0.34457953 0.24848883 0.23846404 0.16021746 0.02788175
 0.29025742 0.32436207 0.32256684 0.2614833 ]","[0.01640915 0.34139452 0.18669341 0.34561668 0.06947323 0.3286562
 0.2082399  0.30987213 0.26485818 0.42918878]"
11,0.6980811329567111,"[0.27623937 0.41467563 0.16974349 0.15196209 0.2356588  0.20221932
 0.24285922 0.36152541 0.34787992 0.21547534]","[0.33529217 0.3752586  0.30691999 0.21778588 0.03329384 0.09987957
 0.30978516 0.4020651  0.37285219 0.30887046]","[ 0.05340296  0.26553083  0.41736367  0.27984952 -0.04455086  0.24578096
  0.28603439  0.24786334  0.10200973  0.25308937]"
11,0.5105173230705873,"[0.17587882 0.30073804 0.35749729 0.15980426 0.24726358 0.27565781
 0.27382859 0.46217841 0.40973446 0.20975649]","[0.1958878  0.36096577 0.24187341 0.2304469  0.3524173  0.10183108
 0.47479304 0.34667128 0.24698734 0.37048513]","[ 0.07824134  0.35369973  0.40333228  0.26618873 -0.09370488  0.35137173
  0.31613603  0.38104367  0.15934053  0.45235934]"
11,0.8343152032066786,"[0.18862491 0.2832532  0.48547545 0.10927336 0.37105236 0.16174789
 0.29250273 0.35103749 0.30488302 0.17674206]","[0.44980771 0.38043961 0.22613638 0.32146259 0.22234764 0.06216844
 0.34670237 0.45247603 0.30078631 0.24113961]","[0.19939692 0.22992173 0.02167595 0.28261418 0.04224296 0.2159311
 0.24040165 0.28506156 0.06595146 0.26925437]"
11,0.7952468537801818,"[0.02998365 0.31113131 0.30666309 0.24764193 0.46258767 0.02834227
 0.25163613 0.19865189 0.30992115 0.18962338]","[0.35545298 0.21020718 0.25735266 0.31909964 0.23275987 0.00807359
 0.44371761 0.31901329 0.14551105 0.31432425]","[-0.03985954  0.266733    0.19704585  0.42094702  0.04870057  0.28233383
  0.15558953  0.42324699  0.21838481  0.35047055]"
11,0.9335685313702407,"[0.22435171 0.35128587 0.43935526 0.29564371 0.1895002  0.12245161
 0.12713257 0.29705452 0.34237735 0.27038221]","[0.3145097  0.36143179 0.24736692 0.35791987 0.14059911 0.00601697
 0.40059416 0.19080537 0.31418285 0.37710078]","[0.0789458  0.15595603 0.29903452 0.14142578 0.00982674 0.35342093
 0.18828259 0.44208124 0.18290644 0.41904381]"
11,1.129719170818467,"[0.25042293 0.26811771 0.25256019 0.13971023 0.26409889 0.28298742
 0.25521173 0.36297647 0.25283203 0.18393861]","[0.31635372 0.29987789 0.25930115 0.30749406 0.28965443 0.07442253
 0.25497691 0.26977453 0.29587491 0.28694478]","[0.08535588 0.40399356 0.31174132 0.15308689 0.06011359 0.3244416
 0.41582378 0.44782062 0.18182899 0.35716493]"
11,0.792640277126953,"[0.4485488  0.27710094 0.36324871 0.11885651 0.32008245 0.24189802
 0.28114709 0.36385044 0.42339617 0.16008045]","[0.24175095 0.37799451 0.37380061 0.21574619 0.36469788 0.05828375
 0.32234476 0.41164984 0.47220835 0.26311333]","[0.01867404 0.27326481 0.31918412 0.21128661 0.13155713 0.22403325
 0.18806278 0.49872705 0.1989881  0.44675146]"
11,0.6890242938733177,"[0.24194479 0.28035954 0.42243446 0.27663103 0.39403477 0.41387426
 0.27680135 0.28159097 0.22800699 0.31645716]","[0.39755633 0.35742177 0.51430237 0.1544944  0.14253099 0.04087341
 0.35126616 0.30515101 0.33859238 0.39510151]","[-0.1051274   0.2898889   0.31694199  0.29251121 -0.02950232  0.24209024
  0.31352699  0.42992704  0.09319613  0.39262499]"
11,0.4357790953096226,"[0.24740504 0.2515573  0.20307145 0.27555931 0.28523566 0.07977097
 0.20212493 0.39600998 0.33481944 0.38416479]","[0.34276523 0.46744973 0.26402045 0.21041655 0.14847269 0.00157451
 0.40471772 0.31970155 0.26546015 0.30772537]","[ 0.04955886  0.40963204  0.34206544  0.13988712 -0.12517161  0.26731313
  0.27521186  0.36422625  0.36792255  0.37834978]"
12,1.1428179825359424,"[0.03040115 0.35064798 0.45725488 0.16245563 0.33013617 0.18112066
 0.09973118 0.48763203 0.37098961 0.03764026]","[0.34464251 0.31937984 0.40067718 0.12678851 0.29274407 0.00264619
 0.34773719 0.32956859 0.18885933 0.16385141]","[0.08690097 0.43613402 0.18647482 0.2871301  0.05384698 0.33549631
 0.28008933 0.44174194 0.17503985 0.35822202]"
12,0.8290413236989391,"[0.35735587 0.27513727 0.26568676 0.17997079 0.08784536 0.16744195
 0.17018239 0.34725275 0.26157431 0.16465725]","[0.35562808 0.32631399 0.36500241 0.4231193  0.19701094 0.06794778
 0.37893302 0.35612546 0.54874747 0.17611578]","[0.04032291 0.20744912 0.11464167 0.39238138 0.14786786 0.28240399
 0.18631127 0.37012754 0.17251572 0.33010514]"
12,0.7357478620166974,"[0.12947198 0.35489627 0.40272245 0.26376613 0.30427537 0.27253712
 0.33450837 0.3055102  0.37284262 0.27751756]","[0.36615337 0.37576938 0.25343195 0.33311209 0.27975261 0.07860288
 0.35555145 0.31382149 0.2462923  0.18016033]","[0.14881043 0.32274816 0.17165491 0.35844578 0.08802311 0.19685913
 0.20486035 0.48800535 0.20705566 0.27840173]"
12,0.6357337308000905,"[0.26716544 0.34871676 0.37641261 0.13768607 0.3791131  0.18798112
 0.25861312 0.4460489  0.21612974 0.09867047]","[2.30840669e-01 1.47382082e-01 1.90664173e-01 3.35124505e-01
 3.18474446e-01 1.27488209e-05 3.86636711e-01 2.65171746e-01
 1.85855440e-01 2.76996737e-01]","[ 0.19835469  0.34128016  0.28314131  0.39962747 -0.08504     0.34118133
  0.33459692  0.45268143  0.15330246  0.31601103]"
1,0.6481789627349419,"[0.36304358 0.29248161 0.22314626 0.19597127 0.37462543 0.25463285
 0.37550158 0.22942488 0.3582678  0.35864401]","[0.13734362 0.31407702 0.37355262 0.33721457 0.20523213 0.20720078
 0.33691238 0.37899823 0.23657165 0.32228454]","[0.1822183  0.37197033 0.13998683 0.4324353  0.29759476 0.13109946
 0.24767789 0.1672927  0.1903595  0.18987754]"
1,0.9306531180574482,"[0.27923921 0.30487253 0.27654821 0.12145754 0.37070036 0.16073493
 0.2749686  0.4250035  0.28402857 0.35181553]","[0.27401723 0.20947992 0.18127123 0.23780568 0.22277398 0.3787034
 0.45201208 0.27323728 0.25794713 0.21909089]","[0.34122067 0.22616506 0.29139916 0.26637702 0.29360739 0.08726012
 0.17228017 0.41445977 0.27824797 0.11438632]"
1,0.9205455016373965,"[0.38106771 0.00930891 0.04872913 0.18550959 0.27728347 0.29725633
 0.22089509 0.3511171  0.20281436 0.30817692]","[0.20969072 0.42118451 0.31699649 0.30775889 0.3331552  0.28308817
 0.29169278 0.2640786  0.16335826 0.23673831]","[0.26173052 0.35796226 0.29965806 0.307435   0.24648951 0.18349299
 0.37059532 0.15280363 0.29599987 0.26386797]"
1,0.6214426714437766,"[0.29766802 0.26778303 0.15035635 0.39091562 0.17866641 0.24437807
 0.06890918 0.22924711 0.34641134 0.30639682]","[0.1045535  0.25103395 0.32153595 0.23929802 0.23826383 0.30124976
 0.31406521 0.23676816 0.24562194 0.3258933 ]","[0.13049946 0.2668087  0.31591335 0.19945567 0.35602052 0.09009109
 0.291869   0.31542161 0.21466376 0.10613211]"
1,0.7149846789849985,"[0.38809758 0.13694115 0.36745515 0.26000496 0.20491346 0.1237273
 0.16769712 0.36153259 0.22677242 0.32459811]","[0.18428055 0.1063369  0.31583407 0.22123761 0.12782372 0.32026178
 0.21897801 0.2557184  0.36512576 0.16199985]","[0.38753359 0.09791051 0.25331049 0.29658185 0.1258179  0.274994
 0.38427446 0.03555125 0.36121815 0.24697555]"
1,0.646620014706929,"[0.34161453 0.266914   0.31800456 0.3611546  0.1884316  0.27829048
 0.205509   0.23475585 0.34164632 0.33341762]","[0.40614623 0.10190645 0.16829244 0.31872623 0.32869964 0.18232828
 0.31038658 0.22306227 0.32776126 0.31252666]","[0.3635772  0.17718275 0.29197781 0.30999582 0.33460525 0.10312602
 0.30443828 0.16756865 0.20582477 0.31255676]"
1,0.583443672642794,"[0.25060159 0.24951816 0.19990858 0.4999525  0.32542421 0.26627504
 0.37699307 0.15829967 0.3765456  0.33333145]","[0.38987996 0.3169398  0.31789398 0.0222226  0.18092958 0.2601817
 0.27052398 0.24885575 0.22907642 0.16980761]","[0.07211165 0.21448241 0.19276891 0.26446731 0.36130926 0.36598845
 0.47128234 0.4387325  0.23811184 0.2225583 ]"
1,0.6858917684139251,"[0.41190234 0.225144   0.21104635 0.37068415 0.44401892 0.23956119
 0.20530018 0.16511688 0.35563047 0.2933137 ]","[0.16506201 0.12233151 0.24081318 0.15212739 0.24267858 0.3463545
 0.41614942 0.20019586 0.25036364 0.32491273]","[-0.01279403  0.42292299  0.24570957  0.32013876  0.31674419  0.35400899
  0.39490395  0.21312987  0.28230821  0.14027066]"
1,0.8747317044247442,"[0.13674349 0.32276436 0.15209286 0.20638072 0.18144558 0.44377027
 0.42499319 0.21592987 0.34313552 0.37942794]","[0.18831694 0.19023749 0.26181871 0.2056937  0.17192077 0.36759024
 0.22029416 0.26851308 0.1995547  0.24977375]","[0.24837282 0.2460625  0.29623759 0.28745576 0.24035474 0.21252302
 0.06199545 0.2930189  0.43665937 0.03616097]"
1,0.5609335954549816,"[0.19793863 0.12051236 0.30626674 0.21930899 0.36473185 0.13850918
 0.20394913 0.27454406 0.36397102 0.25817326]","[0.23611074 0.21386047 0.34692865 0.16747005 0.14435711 0.28399111
 0.25257229 0.30993996 0.21725244 0.16253978]","[0.33854255 0.09163594 0.33406318 0.31284451 0.22656725 0.24667669
 0.2831395  0.18764614 0.17664381 0.13528742]"
1,0.7954400549416386,"[0.19955082 0.27995541 0.14250569 0.15393856 0.18121753 0.06131731
 0.08825116 0.18404447 0.33664175 0.22584657]","[0.24124233 0.08708497 0.03644383 0.30553478 0.29610739 0.37790745
 0.00715247 0.3346322  0.34093107 0.21684658]","[0.21976981 0.26595103 0.21723558 0.23031528 0.31023705 0.42489474
 0.26924696 0.22251855 0.24412628 0.2749558 ]"
1,0.6733880130529631,"[0.1787996  0.34687704 0.24753454 0.22057207 0.24585558 0.42275454
 0.18656306 0.22339186 0.32635455 0.15763028]","[0.22738876 0.17127507 0.35563786 0.24348255 0.19130616 0.29634007
 0.31365761 0.20386669 0.05977614 0.22853043]","[0.10756568 0.11634584 0.15915346 0.3087328  0.09074965 0.13779681
 0.16086281 0.14319753 0.24463888 0.0670724 ]"
1,0.6540253778386699,"[0.1219381  0.37215212 0.30388926 0.28634453 0.44370423 0.33040194
 0.38891742 0.31737594 0.21451758 0.16057417]","[0.20926684 0.2344148  0.19760764 0.17007723 0.07599442 0.1837619
 0.20801663 0.13203427 0.36411054 0.45530909]","[0.46881635 0.26571227 0.44701623 0.37848102 0.10767974 0.22106296
 0.05273224 0.2575924  0.26376154 0.20495543]"
1,0.5789592375551421,"[0.21488054 0.19932411 0.13614488 0.38933    0.17798688 0.28379259
 0.22858185 0.06874983 0.16892202 0.14157156]","[0.20823101 0.3746161  0.08342949 0.07160232 0.24759305 0.1284604
 0.27493683 0.46753764 0.40137469 0.33611345]","[ 0.38187013  0.20617034  0.17416438  0.03960546  0.1883406   0.34077994
  0.45406645  0.25027529  0.19727242 -0.02344634]"
1,0.5626279842119973,"[0.23397155 0.15211453 0.26482776 0.20338308 0.29316399 0.4228727
 0.12135808 0.3123182  0.26950345 0.30478043]","[0.2616901  0.33125195 0.08517231 0.24634088 0.09111444 0.32488578
 0.07983395 0.43568724 0.22167174 0.39932736]","[0.22314894 0.09495779 0.20982206 0.12109653 0.42587985 0.03623873
 0.18534131 0.46401597 0.30977154 0.31040049]"
1,0.624505750851644,"[0.08239219 0.25802241 0.070041   0.19131628 0.22958533 0.33487824
 0.27636177 0.15942842 0.23311757 0.20229797]","[0.15171485 0.26672548 0.16833485 0.15204864 0.30427403 0.22954343
 0.26421982 0.06240233 0.20980831 0.01684281]","[0.26227218 0.19023999 0.31106794 0.12386815 0.14570427 0.28440594
 0.29394653 0.1906189  0.23669757 0.34674688]"
1,0.6286193136166932,"[0.21462709 0.04082677 0.10033475 0.2008952  0.23265241 0.39149113
 0.21212561 0.29834197 0.31603156 0.30119479]","[0.09921543 0.09785015 0.27238914 0.12803913 0.0992897  0.03749153
 0.29775628 0.22829855 0.28506198 0.34892281]","[0.16427262 0.2554021  0.31206834 0.29463966 0.22727615 0.10052408
 0.43195246 0.21429887 0.21818817 0.28259401]"
1,0.6862303339048518,"[0.14718627 0.41625933 0.25893235 0.38389277 0.48296599 0.38084548
 0.30647012 0.34048254 0.23378031 0.02085363]","[0.35662589 0.28945298 0.41033433 0.12912643 0.21381222 0.30188313
 0.18098254 0.19751738 0.39789322 0.21979086]","[0.22286537 0.21118648 0.10737012 0.32119757 0.16082783 0.27048947
 0.09733411 0.31819781 0.12117059 0.29798804]"
1,0.9793106107160274,"[0.22452877 0.40164281 0.30222019 0.23342445 0.2181823  0.21148274
 0.19662208 0.42918385 0.25364245 0.12795846]","[0.2196441  0.22027984 0.39816255 0.27257527 0.18026128 0.27910197
 0.50247623 0.00119619 0.23915921 0.09544796]","[0.35753753 0.23840815 0.2723883  0.37337043 0.27274844 0.31584175
 0.25384313 0.35366326 0.20034748 0.2120768 ]"
1,0.560916139782806,"[0.05810805 0.24141825 0.3675453  0.00245866 0.35045907 0.22222359
 0.07886146 0.21496767 0.19570565 0.07775974]","[0.29729486 0.42282913 0.32152104 0.38103204 0.3303052  0.22953901
 0.35950096 0.30146029 0.39492542 0.08889002]","[0.01729059 0.31050351 0.13056505 0.20928035 0.28906219 0.3564936
 0.20233111 0.21971179 0.17970278 0.16859965]"
2,0.8927857657361292,"[0.28808289 0.26822831 0.21276917 0.1394683  0.26799443 0.16497265
 0.42342058 0.47346266 0.23743319 0.41366517]","[0.34971859 0.37271468 0.31109627 0.16224413 0.1771768  0.29970566
 0.38594487 0.18458251 0.24663711 0.16119241]","[0.31325241 0.24154262 0.10011645 0.38719998 0.26576152 0.21617821
 0.16147489 0.05549088 0.17935415 0.152106  ]"
2,0.5564127956722145,"[0.10110495 0.32168884 0.20109324 0.24270304 0.30816457 0.24040356
 0.31233517 0.25656161 0.26436987 0.27184206]","[0.09687506 0.12358368 0.28515346 0.02251989 0.09628129 0.33358304
 0.43342468 0.19901074 0.26258574 0.15909161]","[0.34459989 0.33770963 0.38819738 0.40639323 0.14493791 0.29748902
 0.1492267  0.36960285 0.30616224 0.21427125]"
2,0.6761256488248516,"[0.32935964 0.23426712 0.16018499 0.0362974  0.12188156 0.17764155
 0.47180856 0.33121242 0.23985845 0.25440602]","[0.22715679 0.32322131 0.31137693 0.26873815 0.29452049 0.32953397
 0.46933223 0.2317711  0.20654629 0.22199943]","[0.32420828 0.25778118 0.22950918 0.35985859 0.21022597 0.13843086
 0.15319185 0.42410772 0.29061731 0.20069852]"
2,0.6623766525180478,"[0.28897171 0.11475183 0.2195855  0.06758109 0.34768227 0.13759266
 0.33149191 0.37377696 0.2517511  0.22217149]","[0.1881295  0.29888213 0.18681417 0.10195701 0.17789429 0.22901333
 0.46103319 0.16063548 0.12155604 0.24351298]","[0.314624   0.27300254 0.1050474  0.36795066 0.24561353 0.32098266
 0.24207115 0.14758193 0.49498341 0.11845534]"
2,0.5234487927618966,"[0.14877833 0.23073613 0.23253338 0.2985046  0.19732229 0.31891266
 0.2431271  0.35459773 0.2195228  0.04418824]","[0.21456282 0.13660521 0.30348759 0.51766733 0.30158105 0.31498879
 0.19625093 0.39832848 0.21835919 0.18093572]","[0.39793829 0.3082184  0.35098165 0.37128848 0.18653162 0.11608317
 0.16107739 0.18402039 0.2710842  0.20614241]"
2,0.7051536003629749,"[0.17463495 0.29404304 0.26655997 0.13617642 0.17090126 0.16204396
 0.22854285 0.15706537 0.27613222 0.23414213]","[0.25729364 0.26467666 0.2285677  0.27564345 0.40269277 0.50220188
 0.46298393 0.06518125 0.31923998 0.18041473]","[0.28403225 0.21610455 0.34662084 0.28555668 0.25398097 0.19910619
 0.40360959 0.1627398  0.30552533 0.24396895]"
2,0.92762419055448,"[0.27740996 0.36798011 0.10509885 0.2781793  0.16745664 0.10297851
 0.03890632 0.2900746  0.28203069 0.23859591]","[0.12928308 0.23134673 0.35674854 0.23131412 0.19273544 0.45882927
 0.48465996 0.21822615 0.19890106 0.10666811]","[0.20429222 0.19073865 0.20513947 0.39037453 0.41073227 0.232355
 0.10489306 0.20313272 0.27744208 0.21936354]"
2,0.6544214113906741,"[0.23525572 0.215691   0.12816005 0.12924476 0.27733085 0.25783061
 0.30624662 0.41021336 0.09612182 0.34411859]","[0.24079311 0.30157302 0.31367597 0.22749654 0.18288024 0.3471326
 0.40028586 0.31247023 0.15936397 0.27600274]","[0.35846509 0.16909044 0.13086859 0.30417568 0.39143637 0.1968767
 0.28184219 0.2173967  0.35897224 0.28593299]"
2,0.578881123815501,"[0.26949861 0.33906434 0.22436843 0.14326813 0.24172447 0.33823154
 0.30926878 0.39753034 0.15256905 0.26483796]","[0.07169127 0.31789449 0.2862546  0.22312411 0.13123799 0.20640391
 0.48161982 0.3158159  0.21627183 0.21119872]","[ 0.25559845  0.3686905   0.03456037  0.29138204  0.30938878  0.32186964
  0.20393006  0.26807387  0.12371173 -0.06977648]"
2,0.6306523461179205,"[0.4537933  0.20205399 0.14049276 0.2519836  0.20825287 0.07032081
 0.15231357 0.31564013 0.36588711 0.11802287]","[0.14716039 0.33330701 0.45842922 0.26817994 0.19198702 0.29389144
 0.36406648 0.08333489 0.26343786 0.19386897]","[0.27121938 0.1830049  0.25344268 0.38675638 0.20043664 0.27288905
 0.1685638  0.34863171 0.15304107 0.15847146]"
2,0.6446773845640741,"[0.33868601 0.36795037 0.18921562 0.36350856 0.11711426 0.21619522
 0.34685069 0.20121746 0.2883578  0.20423414]","[0.18936751 0.3731214  0.33265389 0.20020672 0.13981788 0.3624582
 0.1628185  0.31246041 0.26155083 0.05253095]","[0.42979293 0.14292965 0.17141232 0.46450026 0.34621994 0.21659366
 0.13559625 0.2493486  0.19580604 0.11863182]"
2,0.6699240886910447,"[0.33233865 0.30347618 0.18500059 0.22487903 0.08626066 0.26566587
 0.24778752 0.36623383 0.08584074 0.18110435]","[3.73379578e-01 2.53003084e-01 4.12946212e-01 1.58274145e-01
 2.28398555e-01 3.04584777e-01 3.76552163e-01 3.31774218e-04
 1.41025881e-01 2.43743895e-01]","[0.21514256 0.17354649 0.24536165 0.27203081 0.33280685 0.46931179
 0.26444941 0.26185207 0.15765701 0.10109948]"
2,0.5937447011447908,"[0.09206064 0.06815717 0.28128933 0.14225332 0.20648114 0.30896481
 0.22556469 0.47746913 0.26824267 0.28785731]","[0.07353213 0.22938209 0.20050229 0.26669431 0.18673186 0.27035114
 0.25562224 0.08842635 0.18001401 0.21552024]","[0.25734747 0.15199214 0.39714638 0.44681099 0.30731396 0.00698681
 0.05701893 0.30780527 0.40044069 0.12296317]"
2,0.8414305686960599,"[0.09517307 0.28625304 0.22543283 0.12127012 0.23178948 0.17172675
 0.24413981 0.49920915 0.20895587 0.26199533]","[0.20461455 0.2742501  0.17676235 0.23615845 0.23544008 0.38821155
 0.37647903 0.31220079 0.27088518 0.2491508 ]","[0.25251555 0.33768993 0.14023484 0.25013241 0.27387934 0.1465956
 0.21640504 0.20363955 0.28400857 0.2236301 ]"
2,0.9948704974814565,"[0.2416705  0.32823778 0.29157228 0.13322419 0.3818334  0.30334012
 0.2160489  0.36580313 0.28649519 0.25092992]","[0.1529904  0.24733816 0.24379977 0.1714242  0.25041301 0.31851471
 0.21114466 0.15413203 0.03667308 0.26116611]","[0.21174779 0.18256089 0.20824265 0.35305362 0.36720136 0.33294776
 0.33129656 0.29836397 0.14100183 0.03539463]"
2,0.7088604827810132,"[0.24961908 0.26054036 0.10173339 0.23724125 0.22112781 0.05777997
 0.19351678 0.37401303 0.30557228 0.21790361]","[0.21687352 0.31022749 0.38748336 0.29732888 0.3578288  0.29697151
 0.38656265 0.19859568 0.24180233 0.01208999]","[0.17311978 0.27878945 0.14385817 0.21775324 0.09721293 0.25013096
 0.33879555 0.2079739  0.42049517 0.19974287]"
2,0.5816468513551531,"[0.34795105 0.29642764 0.22664866 0.06297352 0.31743972 0.30622054
 0.07177399 0.398541   0.36469617 0.24452212]","[0.21639302 0.12273936 0.36193698 0.0762663  0.21222093 0.35899674
 0.52419849 0.12488772 0.27179843 0.14406154]","[0.36615402 0.1844492  0.32899234 0.3212261  0.37683181 0.0563822
 0.22016363 0.22855225 0.34725392 0.22727181]"
2,0.6714972922901231,"[0.2077946  0.25720534 0.4146943  0.18644707 0.27435167 0.21232856
 0.23173411 0.28595165 0.31839312 0.2197836 ]","[0.24997478 0.29888113 0.20190025 0.23833749 0.18759423 0.27344009
 0.17963533 0.22949349 0.37730736 0.17592045]","[0.28740368 0.30222123 0.21959842 0.42998038 0.31380851 0.44326115
 0.27494913 0.45733276 0.2496884  0.24280644]"
2,0.5701885903494645,"[0.13065308 0.36732833 0.15072392 0.24927834 0.35601101 0.30937247
 0.41374483 0.29412679 0.18944737 0.23469767]","[0.28819338 0.29669346 0.34738716 0.03805632 0.3275904  0.43583582
 0.43034433 0.21958641 0.26018358 0.23546802]","[0.1884737  0.29783672 0.25336368 0.28634329 0.34400514 0.21025432
 0.31285522 0.29261641 0.33191203 0.33750364]"
2,0.5262664439206981,"[0.11706745 0.39306264 0.16809475 0.27570255 0.31570029 0.32899318
 0.26135803 0.35868531 0.08023387 0.21403839]","[0.16669138 0.28720777 0.3152351  0.21968423 0.28978707 0.24246593
 0.51349629 0.30444332 0.26243171 0.23614045]","[0.27318499 0.22306124 0.2547294  0.3080471  0.28998989 0.0797662
 0.40164704 0.09993676 0.2798125  0.19771769]"
3,0.8242996521232462,"[0.34058944 0.28334615 0.18884891 0.21688258 0.15412211 0.20833858
 0.32014643 0.35554883 0.21533911 0.24836945]","[2.52764018e-01 1.55821579e-01 2.01992580e-01 6.19250455e-05
 3.60003305e-01 3.42450304e-01 2.74981844e-01 2.21452762e-02
 2.88924126e-01 1.85850438e-01]","[0.23701197 0.11069028 0.275599   0.42772536 0.12125581 0.21911223
 0.28370433 0.24624531 0.2319291  0.11991015]"
3,0.6339649409092261,"[0.08059965 0.36755453 0.39927669 0.02286856 0.31674395 0.17417836
 0.05194727 0.29503507 0.19095963 0.19812795]","[0.23825754 0.26173232 0.33322064 0.10416996 0.22905124 0.39650442
 0.46991409 0.04171685 0.21755173 0.16001219]","[0.35573049 0.08290374 0.04981218 0.4087592  0.41408112 0.14137261
 0.20401689 0.2577939  0.0517486  0.12801769]"
3,0.5217319806697351,"[0.28365809 0.34601445 0.11532936 0.05658949 0.42577359 0.28898957
 0.02940908 0.28079343 0.1499977  0.32500801]","[0.24378523 0.38100881 0.17165442 0.16789862 0.38369012 0.2786973
 0.37717427 0.23762528 0.25165102 0.02019596]","[0.35419554 0.3065466  0.10590719 0.47597325 0.15676771 0.26836091
 0.30002384 0.25501903 0.18388956 0.09774182]"
3,0.5953108573950773,"[0.30986522 0.39941565 0.17554267 0.20368035 0.16260029 0.02445157
 0.25153044 0.3858001  0.29956452 0.10639663]","[0.38025382 0.47403888 0.29697746 0.08458446 0.23217086 0.35537979
 0.44308463 0.17691486 0.10985808 0.19263972]","[0.22871711 0.19419179 0.30269671 0.44680758 0.29540935 0.20456481
 0.1770273  0.15839893 0.16229412 0.18368951]"
3,0.7662913905784456,"[0.28769023 0.23957837 0.21433184 0.00153515 0.24335975 0.45099688
 0.13375585 0.30052828 0.24195118 0.23272918]","[0.07518402 0.28288589 0.27710512 0.18441751 0.17679624 0.45783365
 0.3434274  0.28350239 0.21207361 0.27865407]","[0.18068804 0.15892    0.13261284 0.4682109  0.43091527 0.29920564
 0.32766887 0.10947339 0.11728435 0.10237524]"
3,0.40423352105807037,"[0.17593215 0.31659331 0.15394561 0.17958955 0.20859095 0.21047175
 0.12713226 0.21839431 0.30586696 0.38002195]","[0.45616543 0.35250854 0.30416374 0.21605841 0.28896162 0.37189967
 0.3468159  0.20906343 0.07961768 0.31635076]","[ 0.30262514  0.25495756  0.36112952  0.25408391  0.3618296   0.26759944
  0.21428941  0.21069863  0.34447089 -0.05853761]"
3,0.6007223992600705,"[0.25977497 0.38158281 0.16690836 0.21796237 0.25096536 0.22214794
 0.27637507 0.4602412  0.21394713 0.02234506]","[0.2420349  0.37099394 0.42866545 0.21390713 0.1045042  0.36413187
 0.4017454  0.1316917  0.19679985 0.29035632]","[0.19675327 0.00977364 0.14716532 0.28956766 0.32496357 0.32736151
 0.22185277 0.13311514 0.23399423 0.19096478]"
3,1.0235308119702609,"[0.17143801 0.17369593 0.16108186 0.13576325 0.24521229 0.3042448
 0.26735695 0.41828522 0.09510918 0.3003706 ]","[0.33217488 0.28646944 0.22279647 0.34629711 0.40589809 0.28740315
 0.34333421 0.26844771 0.24228776 0.15859735]","[0.35135228 0.39357673 0.19652192 0.23018505 0.1487806  0.27617738
 0.21852287 0.28559468 0.16116177 0.02806842]"
3,0.586618380565176,"[0.24702302 0.21795828 0.27982807 0.30738534 0.23289917 0.09613258
 0.18294306 0.15411372 0.00740951 0.1676001 ]","[0.09439287 0.24732157 0.32953194 0.2053921  0.37469207 0.43567482
 0.47496272 0.28261934 0.33684737 0.20914111]","[0.21521052 0.24730387 0.15340543 0.35327745 0.35308526 0.35563512
 0.2836665  0.27398689 0.25427334 0.1267153 ]"
3,0.5050318467278734,"[0.2422191  0.27831557 0.19522849 0.09790113 0.32431345 0.23307683
 0.19557526 0.38197713 0.20142685 0.39738711]","[0.22207487 0.38934371 0.35870285 0.10270665 0.24425584 0.40688688
 0.3281347  0.26244122 0.10907395 0.23549659]","[0.39493816 0.15247122 0.1213597  0.38713793 0.43134071 0.26905875
 0.28559758 0.23767216 0.2737699  0.14520529]"
3,1.0020268218100277,"[0.47381632 0.19738155 0.12139109 0.29242017 0.26331576 0.17887537
 0.37590223 0.42663587 0.26941106 0.31057225]","[0.29389196 0.43615483 0.23327807 0.21965379 0.24283005 0.43480727
 0.37603558 0.1337455  0.24669044 0.21735742]","[0.23007388 0.08887434 0.17081435 0.25399057 0.06341431 0.32002554
 0.17479431 0.28243338 0.08730056 0.20785618]"
3,0.7254616010544263,"[0.39741519 0.34124513 0.16031006 0.21030987 0.38560265 0.18587301
 0.35672924 0.46794284 0.18873276 0.27167006]","[0.20603675 0.37692471 0.21597489 0.13759425 0.17338477 0.40976905
 0.43515681 0.14334057 0.15546826 0.16017931]","[0.27985727 0.15678571 0.08337189 0.30667994 0.42218436 0.25084654
 0.26945845 0.32822204 0.24374588 0.12011169]"
3,1.013779620525064,"[0.29266544 0.38692611 0.23852588 0.26069231 0.2708276  0.34776435
 0.19584592 0.42336306 0.19433556 0.27297514]","[0.12668947 0.25732844 0.15270268 0.28073638 0.22163018 0.55478661
 0.37195342 0.0365855  0.25937591 0.07907892]","[0.22067828 0.15061131 0.20581491 0.39785762 0.19236707 0.25486145
 0.24618663 0.18912375 0.13268883 0.13630512]"
3,0.7600383034309367,"[0.20415283 0.20219341 0.32345828 0.15360111 0.2891683  0.26068223
 0.22170775 0.42283348 0.14154094 0.37519745]","[0.19360584 0.33529652 0.26850234 0.14804687 0.20095421 0.4758022
 0.37431385 0.14212217 0.20016972 0.08093633]","[0.29219741 0.19593151 0.21558299 0.33799355 0.19639663 0.28776152
 0.23532239 0.31065999 0.1493543  0.25614286]"
3,0.6947501699627472,"[0.10676139 0.41341531 0.13637087 0.01595593 0.23888643 0.15543507
 0.12618668 0.34649541 0.32089588 0.3251105 ]","[0.27307003 0.29282846 0.3690052  0.35270375 0.23092758 0.19893339
 0.27647095 0.23035081 0.21090702 0.19741814]","[0.20200361 0.27071242 0.18418747 0.1576284  0.3171628  0.43712149
 0.3335121  0.30139342 0.20753489 0.07837224]"
3,0.7048242151544446,"[0.29025918 0.26310362 0.16781154 0.21485901 0.33749083 0.1741936
 0.10471581 0.3473059  0.26499889 0.16080487]","[0.19113265 0.18477214 0.28948249 0.36076086 0.33349044 0.41501788
 0.32412764 0.24602826 0.1455841  0.16742203]","[0.20535704 0.0812585  0.31578358 0.39672944 0.39189446 0.34948617
 0.25471753 0.32802401 0.32611281 0.10088469]"
3,0.666203145629634,"[0.20879777 0.08666422 0.45574456 0.07207366 0.11476637 0.328271
 0.17882319 0.44705215 0.2260543  0.23282634]","[0.29541617 0.36860935 0.33722192 0.26269393 0.33754737 0.31630567
 0.53914289 0.10813548 0.23549008 0.08973341]","[0.13566133 0.20008205 0.22573513 0.35110613 0.16240837 0.27008746
 0.21958661 0.33668779 0.04095002 0.31118422]"
3,0.4977287082498089,"[0.43915379 0.1046229  0.0400079  0.22225204 0.23161321 0.12598993
 0.20187037 0.44443938 0.33334669 0.19527744]","[0.14965452 0.29834205 0.17988758 0.16632983 0.25450633 0.16729622
 0.3808871  0.24340966 0.1309886  0.21510431]","[0.39365689 0.28460984 0.23630083 0.30272934 0.2873756  0.18017172
 0.16216062 0.34649721 0.27473894 0.21681838]"
3,0.8603321182006085,"[0.33607373 0.20718004 0.02892935 0.16476961 0.37705256 0.13668784
 0.31518859 0.32865732 0.36678857 0.28187485]","[0.2146572  0.24526231 0.4703631  0.28585899 0.01811245 0.42431875
 0.36070881 0.0542107  0.2392684  0.27535493]","[ 0.3148905   0.3766555   0.15956821  0.26971469  0.29314674  0.24025206
  0.13262007 -0.00530994  0.3416595   0.04352598]"
3,0.40546241812872447,"[0.45339207 0.39478096 0.17735027 0.0418764  0.19185838 0.11103577
 0.10485911 0.43191241 0.25904173 0.14601019]","[0.13270934 0.38021169 0.3099771  0.1281923  0.17031654 0.35031089
 0.45505386 0.20605156 0.28258653 0.24175895]","[0.41529365 0.30063899 0.25155574 0.30144948 0.48478506 0.33998361
 0.2860801  0.0696552  0.18992437 0.05883495]"
4,0.733237209830559,"[0.31358975 0.27221074 0.32939012 0.31818418 0.3504434  0.19653549
 0.39087653 0.26257116 0.41460132 0.24571199]","[0.28414761 0.2352318  0.26568046 0.30266897 0.3078199  0.41804268
 0.30306641 0.08687793 0.23049802 0.10545263]","[0.28814554 0.2293458  0.14320826 0.25891921 0.15082589 0.23343466
 0.17514717 0.30080562 0.21446187 0.06130654]"
4,0.5715985896752238,"[0.17569023 0.33103131 0.1932726  0.22148049 0.32855998 0.34187503
 0.14967076 0.48596101 0.06738718 0.30008493]","[0.30541097 0.26962491 0.30269414 0.36012039 0.33417029 0.45573998
 0.34339782 0.02195214 0.24204761 0.15556623]","[ 0.25746724  0.34589931  0.07794349  0.28326478  0.16065395  0.15833013
  0.33270377  0.28143972  0.27566505 -0.06127231]"
4,0.6205507599671608,"[0.22742627 0.37014937 0.20951959 0.21448702 0.2873493  0.25063308
 0.28156212 0.48287092 0.12310273 0.16881166]","[0.09322331 0.25008195 0.11373672 0.213322   0.30690855 0.41666943
 0.43799763 0.07684134 0.30466058 0.07175487]","[0.26790299 0.25703123 0.15557747 0.25294612 0.21816601 0.41910892
 0.17942361 0.10101754 0.1549684  0.0824032 ]"
4,0.5350561267720788,"[0.4223348  0.28218698 0.23309532 0.14191543 0.19138164 0.18554817
 0.23553179 0.41397803 0.18779468 0.2226993 ]","[0.262117   0.3787833  0.1618787  0.32722427 0.25764094 0.19416119
 0.39897718 0.16415893 0.23939648 0.10512625]","[0.24617291 0.24325512 0.34380278 0.33457588 0.29746436 0.32530743
 0.11990642 0.23781041 0.22238319 0.20453131]"
4,0.6400509751514323,"[0.21903864 0.1587188  0.21002699 0.06529257 0.30265672 0.32798682
 0.32535657 0.44335978 0.00857244 0.0783308 ]","[0.21054088 0.2469618  0.38065094 0.34265596 0.31272371 0.37183243
 0.41326032 0.21604738 0.31115093 0.26385606]","[0.1451496  0.1568061  0.39825055 0.28545367 0.04249341 0.22682546
 0.26245771 0.27902684 0.23329824 0.06971154]"
4,0.7076855980428027,"[0.15246615 0.20229777 0.2300973  0.24463836 0.198917   0.15890728
 0.36956221 0.3719776  0.2782107  0.28750941]","[0.30076806 0.15998389 0.18967905 0.08092907 0.28210359 0.29133181
 0.37991774 0.30916959 0.33236694 0.1220946 ]","[0.13984362 0.1867622  0.08363393 0.25527687 0.19396506 0.21921905
 0.05404163 0.07317108 0.09025033 0.13503037]"
4,0.6249632245738083,"[0.42831904 0.36094222 0.15813075 0.02501701 0.35160114 0.06438307
 0.27376326 0.3949885  0.38092353 0.27396419]","[0.05099666 0.30467732 0.37578815 0.25615742 0.29581958 0.27304497
 0.36923596 0.13714134 0.26784979 0.18764087]","[0.23591162 0.14841236 0.17198147 0.28007009 0.21467138 0.3012045
 0.24573935 0.00359688 0.08044864 0.20776409]"
4,0.5900688974547117,"[0.36094863 0.45000846 0.16324565 0.27160632 0.22432276 0.35476717
 0.11905777 0.29808459 0.1294766  0.29661327]","[0.48970065 0.31970565 0.16736274 0.1930216  0.3574425  0.45125991
 0.23810513 0.24230421 0.2037373  0.09693504]","[ 0.16415192  0.16718271  0.16112154  0.40523863  0.16308276  0.26218347
  0.26324154  0.24814111  0.07965567 -0.0176425 ]"
4,0.8493045406386652,"[0.31784841 0.17184761 0.17705864 0.31164071 0.43300965 0.14625875
 0.37946098 0.46358136 0.32007379 0.31687125]","[0.18875836 0.17604304 0.25913618 0.28400972 0.21943696 0.31928016
 0.45228694 0.25494049 0.14916675 0.22436738]","[0.37329108 0.20103832 0.09565413 0.43783028 0.24991142 0.29016042
 0.16823996 0.24881582 0.1869904  0.12200685]"
4,0.7081473081296773,"[0.2362585  0.22493133 0.14481783 0.13813526 0.09182387 0.22834838
 0.23550261 0.49930453 0.21173024 0.3774798 ]","[0.22101595 0.21541286 0.16677414 0.15803766 0.35389181 0.43513506
 0.45749546 0.19365681 0.20577314 0.21686393]","[ 0.25332149  0.2594716   0.23662494  0.45449057  0.28257509  0.31503953
  0.22932843  0.0741871   0.28636901 -0.03874162]"
4,0.6619178215751689,"[0.16074455 0.48671754 0.17709716 0.32351955 0.14832088 0.34803126
 0.20822653 0.27283067 0.42098879 0.23905743]","[0.16919598 0.17321824 0.13819413 0.2206046  0.13138799 0.31216373
 0.38895699 0.19203947 0.19444999 0.10170944]","[0.32225437 0.23289972 0.1864973  0.25175676 0.24491047 0.35520326
 0.25657874 0.32203863 0.10574027 0.10001985]"
4,0.6825086492749481,"[0.24588897 0.16561326 0.13863094 0.23439499 0.31208223 0.25633008
 0.22737052 0.46546389 0.15957633 0.19607876]","[0.19442374 0.30510879 0.06497056 0.26961209 0.19180025 0.36403706
 0.38670008 0.08435179 0.16896253 0.31051904]","[0.39404503 0.36507281 0.14174912 0.44855516 0.2189732  0.20884562
 0.15056615 0.31535325 0.22781957 0.09911188]"
4,0.5262501797884187,"[0.10187832 0.08798783 0.0292394  0.36872241 0.17874549 0.35871543
 0.3181344  0.31038086 0.15438707 0.209527  ]","[0.11546174 0.23602271 0.18523086 0.30164163 0.26335202 0.49667336
 0.35920686 0.1363866  0.11779919 0.19742458]","[0.26665009 0.32545669 0.1449646  0.33789733 0.17366298 0.11171926
 0.25668376 0.22788719 0.04785529 0.07747108]"
4,0.8817691043846337,"[0.27645984 0.2599052  0.2869512  0.1691074  0.22105104 0.18900094
 0.02717023 0.48492865 0.10041682 0.24298977]","[0.15744179 0.14148741 0.18057707 0.22580549 0.34594909 0.40698785
 0.27434152 0.05113516 0.22957936 0.02754423]","[0.3140874  0.01738791 0.0787707  0.14156369 0.21080594 0.40852103
 0.21729081 0.22678183 0.22384993 0.08004882]"
4,0.6723048250647706,"[0.25922813 0.22047609 0.09710835 0.29337253 0.27016732 0.21795247
 0.37998618 0.34367065 0.25353264 0.27454309]","[0.18580909 0.30158689 0.26081528 0.21278014 0.34358045 0.47594219
 0.46028556 0.14624357 0.18434377 0.25122865]","[0.32833043 0.32888188 0.02910893 0.26339054 0.13429254 0.31087951
 0.17410541 0.06420631 0.14919764 0.01209582]"
4,0.8565584000369014,"[0.32345393 0.19785177 0.05835932 0.0344945  0.24656307 0.37211062
 0.3004749  0.46422616 0.04961773 0.39742674]","[0.25673081 0.33177421 0.2071632  0.22042769 0.26254841 0.32107121
 0.22616878 0.18639    0.31034123 0.07442168]","[0.28414326 0.28180017 0.09956446 0.34781216 0.14128829 0.24373418
 0.48220772 0.34281664 0.09966425 0.18246471]"
4,0.6026454054708057,"[2.71119704e-01 3.35452898e-01 3.69371276e-05 2.47151875e-01
 2.51753656e-01 2.19304391e-01 1.42677019e-01 3.19720924e-01
 1.28166947e-01 3.93114024e-01]","[0.24713805 0.28110013 0.2877865  0.27968125 0.19061064 0.40550771
 0.33490097 0.18182922 0.17116718 0.28130741]","[0.11617802 0.08901057 0.24833891 0.46883131 0.17580053 0.14651519
 0.15481086 0.29068802 0.3379894  0.20029706]"
4,0.6172176544515358,"[0.31848661 0.35190711 0.11637457 0.23919893 0.10761607 0.10982352
 0.43162951 0.43913972 0.20642667 0.29380058]","[0.28047392 0.34501993 0.31141686 0.25431208 0.32881817 0.32492717
 0.33588017 0.26198389 0.20946083 0.14007755]","[0.29988097 0.39672309 0.29758714 0.23833111 0.27433304 0.44498934
 0.23425024 0.22175831 0.16036449 0.04498042]"
4,1.1651457581623814,"[0.30250776 0.19171531 0.19287866 0.2828325  0.08793874 0.35583408
 0.36309983 0.39964749 0.12366448 0.2178054 ]","[0.19816166 0.36339348 0.22766398 0.15975892 0.31395077 0.39646426
 0.1099821  0.22493796 0.35666118 0.27084103]","[0.3437696  0.29360397 0.3184268  0.20695934 0.21278819 0.22541938
 0.18014644 0.3171484  0.23195317 0.14749518]"
4,0.8970551660783466,"[0.37314314 0.27319041 0.18524218 0.01605927 0.30947061 0.18014427
 0.34904506 0.39021193 0.31620725 0.03049617]","[0.0487448  0.23453998 0.22651758 0.32017951 0.3629234  0.37568992
 0.29272121 0.08959108 0.25899315 0.05534013]","[0.36097299 0.32475186 0.047461   0.27733489 0.24507378 0.26514705
 0.10296094 0.36565458 0.18421485 0.16791659]"
5,0.5239527161981526,"[0.31581811 0.2353577  0.24197222 0.1727188  0.10264269 0.28365884
 0.11833894 0.37136263 0.11899269 0.29422521]","[0.26393713 0.3504345  0.1976302  0.1704335  0.19386002 0.33593481
 0.24147403 0.1419794  0.24999525 0.0721037 ]","[0.39860308 0.15476194 0.01517434 0.27340722 0.17240077 0.20099053
 0.14538183 0.30675353 0.17554348 0.03360689]"
5,0.7739617530698916,"[0.36886095 0.32653284 0.16459874 0.14863156 0.21670665 0.14304425
 0.42979819 0.48925683 0.27912946 0.23080168]","[0.14455389 0.23254023 0.26513227 0.20325    0.16698517 0.40925269
 0.25160409 0.2098097  0.18249328 0.26564843]","[0.32486086 0.21106301 0.20654448 0.3871526  0.17136144 0.24445842
 0.14070196 0.27788535 0.18698511 0.09351848]"
5,0.5039262071532201,"[0.22550157 0.1856277  0.27764035 0.17247283 0.2062675  0.24079996
 0.10416718 0.43255249 0.26283795 0.30910852]","[0.10372622 0.27697346 0.21945875 0.26472244 0.21117252 0.19067259
 0.25321623 0.16243376 0.43174853 0.17636528]","[0.49952074 0.3556788  0.27945385 0.34561889 0.15761754 0.30181094
 0.25902775 0.33205398 0.15565918 0.11248939]"
5,0.678541022957167,"[0.27855056 0.33370762 0.10593305 0.26803319 0.19235927 0.07996655
 0.36361052 0.49892148 0.02116846 0.27859093]","[0.20647652 0.27244499 0.26368181 0.23205796 0.21850459 0.45962005
 0.19416172 0.21151084 0.32583456 0.1529248 ]","[0.49845244 0.18685214 0.02946846 0.17571641 0.21770154 0.41474271
 0.21259653 0.4804873  0.12814053 0.03840983]"
5,0.36135865877785833,"[0.31115568 0.20857608 0.2219048  0.2454777  0.15819989 0.34775224
 0.30244397 0.37196752 0.15769001 0.2952409 ]","[0.3492808  0.15268253 0.05833318 0.24242258 0.29656067 0.20076798
 0.25463397 0.05736998 0.13555964 0.17658129]","[0.47296556 0.42820835 0.24042017 0.40811006 0.154384   0.14341694
 0.21414731 0.27521008 0.30655433 0.2159669 ]"
5,0.6089220127221556,"[0.2082875  0.15748168 0.21587794 0.05956944 0.27900105 0.27780129
 0.38503694 0.43507146 0.27107551 0.20371888]","[0.07970637 0.26888489 0.31141897 0.17531508 0.2705863  0.44793739
 0.17796598 0.10440442 0.43579945 0.19606017]","[0.30754104 0.20490611 0.1547845  0.32863416 0.26345362 0.23264215
 0.1369408  0.39684198 0.36130566 0.1730252 ]"
5,0.7548947353452864,"[0.25594689 0.42324142 0.02296386 0.01814992 0.34060513 0.16137313
 0.1390205  0.48287215 0.25048129 0.28564096]","[0.22123451 0.29994646 0.22357008 0.15764797 0.33211622 0.37024183
 0.2709655  0.10118848 0.11740644 0.1379977 ]","[0.3642055  0.13955581 0.29419325 0.32169505 0.18370907 0.15752577
 0.2562869  0.14217468 0.12777988 0.04961462]"
5,0.7615427885098908,"[0.30989351 0.18695564 0.13228613 0.15250283 0.18860771 0.44175098
 0.37356859 0.49071399 0.14157233 0.34335638]","[0.25372832 0.30848898 0.30011862 0.19613735 0.40787342 0.20107737
 0.27712991 0.17392612 0.17312456 0.1471354 ]","[0.32598057 0.25318797 0.237029   0.1943204  0.20860513 0.22187237
 0.12739238 0.199435   0.14780674 0.11329431]"
5,0.4091653156929246,"[0.28713426 0.28723387 0.24061118 0.1241121  0.40933652 0.21845427
 0.34807767 0.40716469 0.12011328 0.04206608]","[0.26003764 0.24372178 0.19358305 0.14383117 0.32157973 0.57179412
 0.26577497 0.04470865 0.0868597  0.10419568]","[0.14807956 0.25646562 0.08807121 0.08151905 0.25082402 0.11937009
 0.28229474 0.21673585 0.18442103 0.11675591]"
5,0.7066261687210629,"[0.30428643 0.226878   0.29357884 0.23849983 0.2023999  0.14876268
 0.34455449 0.46854874 0.1207995  0.18541599]","[0.13504963 0.3160843  0.12517748 0.13152129 0.40566442 0.3493843
 0.02039065 0.29939325 0.29289507 0.0850575 ]","[0.28599139 0.14344563 0.17270787 0.29387101 0.1798211  0.30496725
 0.17172671 0.34984935 0.14752825 0.14351863]"
5,0.6899687445102021,"[0.46373109 0.27823242 0.1682819  0.24680119 0.1384885  0.21840125
 0.37988739 0.43485582 0.29761564 0.08237389]","[0.07481939 0.31481292 0.07109329 0.19088457 0.33214058 0.42873626
 0.3682201  0.1284284  0.30441029 0.13458684]","[0.24182753 0.07675995 0.07077052 0.17506476 0.28665808 0.36046964
 0.01864052 0.2078367  0.20107325 0.02513717]"
5,0.45080466031273003,"[0.21755769 0.19157936 0.00109818 0.15598889 0.2475712  0.08866128
 0.23564307 0.49639959 0.1149283  0.02297788]","[0.21037018 0.40603398 0.21170691 0.17804637 0.38197945 0.42710928
 0.20676628 0.18138486 0.36100669 0.12961043]","[ 0.3273413   0.1061345   0.11362107  0.01492171  0.19444017  0.31081278
  0.11137923  0.32450673  0.1706082  -0.02409721]"
5,0.5860747725537278,"[0.23196215 0.37014612 0.29453655 0.24515519 0.28539732 0.17796179
 0.34325172 0.45047192 0.20460189 0.20196677]","[0.09615021 0.39746279 0.21660039 0.31120027 0.35945216 0.45780573
 0.28141329 0.11029859 0.16143384 0.07242779]","[0.4097057  0.39492789 0.13647924 0.34298897 0.23577839 0.24602578
 0.13222794 0.4537944  0.12203302 0.19430479]"
5,0.6127580638002734,"[2.19917070e-01 1.35516278e-01 1.41337454e-05 5.53662039e-02
 2.30352277e-01 2.65501442e-01 3.13516055e-01 4.35932108e-01
 1.08318218e-01 1.68940477e-01]","[0.27676709 0.39171724 0.30699479 0.34062817 0.34104372 0.30457024
 0.18328733 0.16020221 0.21305466 0.08938642]","[0.42124584 0.12084517 0.00135064 0.30181185 0.14999838 0.41583147
 0.20523977 0.22467811 0.16895184 0.13524748]"
5,0.7246762344068387,"[0.35644079 0.13481313 0.27006159 0.16347623 0.27158146 0.26805832
 0.38068439 0.49272593 0.25222477 0.34685638]","[0.2657895  0.39432658 0.17376974 0.19531244 0.4113765  0.35133431
 0.23035504 0.28453147 0.30424733 0.07240551]","[0.37289508 0.20264662 0.16104388 0.36063689 0.11401039 0.14805268
 0.3917821  0.20262281 0.17978472 0.09699524]"
5,0.7146599991060284,"[0.35547033 0.37161543 0.15248928 0.08235087 0.03631499 0.43435688
 0.16827272 0.49992408 0.40545091 0.26175792]","[0.12372127 0.18963318 0.3321361  0.27444246 0.34895199 0.42137344
 0.19745944 0.1504254  0.28597251 0.21756714]","[0.39840925 0.35310204 0.14466428 0.28656176 0.07314812 0.25228172
 0.12252853 0.27306755 0.17010473 0.07104134]"
5,0.4685669864927128,"[0.32345875 0.0937697  0.19320507 0.09601251 0.15087082 0.19237335
 0.41856524 0.48112969 0.12851471 0.06514133]","[0.17787554 0.26223698 0.20590288 0.15053979 0.26741339 0.3090031
 0.32178116 0.17574978 0.26018524 0.141376  ]","[ 0.32415428  0.30512785  0.15546733  0.19572679  0.27191711  0.20875988
  0.25696554  0.29053601  0.18623227 -0.09471307]"
5,0.7003577271202718,"[0.40536321 0.28077724 0.22601396 0.24374376 0.08837142 0.28059208
 0.29819692 0.41169516 0.2097306  0.13519274]","[0.14358807 0.18173358 0.25764575 0.14717392 0.41157649 0.40684432
 0.31250908 0.28068044 0.38225655 0.27303867]","[0.41559404 0.26062691 0.06484341 0.44437885 0.14771421 0.29955108
 0.18992659 0.18183654 0.12243345 0.17968416]"
5,0.65292684996616,"[0.44802163 0.29962304 0.20919802 0.19077161 0.37346412 0.21157793
 0.48405748 0.41868746 0.37648993 0.16381776]","[0.20672363 0.39457968 0.11848256 0.24696781 0.40045233 0.25233065
 0.183751   0.07674589 0.27355921 0.25502803]","[0.45378455 0.25447733 0.15152051 0.25573151 0.28596433 0.47834832
 0.33146843 0.31487379 0.24665332 0.21936834]"
5,0.9599907259236073,"[0.28632467 0.17339519 0.12504258 0.166138   0.09500034 0.26101752
 0.3597713  0.48836067 0.01598198 0.21086163]","[0.26411441 0.25885086 0.26132837 0.28546208 0.25983984 0.39318623
 0.32232665 0.24967572 0.22147225 0.10830316]","[0.23751498 0.36580824 0.2903954  0.14823502 0.11170278 0.31979653
 0.16447246 0.39615419 0.05964328 0.17952241]"
6,0.6991195276905361,"[0.3095443  0.23237849 0.16030874 0.05772231 0.19616201 0.26560907
 0.32482979 0.46393326 0.09213657 0.13936701]","[0.10136916 0.3656241  0.20215443 0.37391896 0.30840724 0.57230139
 0.31929493 0.23261715 0.1823495  0.12967629]","[0.26231884 0.36330988 0.10821863 0.38162317 0.34590794 0.26805637
 0.2748679  0.35285373 0.08952399 0.01291256]"
6,0.6707646909166748,"[0.44366579 0.37733234 0.02469076 0.26414828 0.36344113 0.29990216
 0.32127602 0.48971691 0.01306822 0.3018382 ]","[0.44525895 0.28179075 0.17106015 0.39288109 0.39502105 0.29912088
 0.3304909  0.21319743 0.24711164 0.33617493]","[0.28599242 0.24572923 0.07762275 0.23993635 0.15417072 0.37483891
 0.40003509 0.14010381 0.24861776 0.25910517]"
6,0.5118282861824814,"[0.28747494 0.39169425 0.15130816 0.16564896 0.16386518 0.30372254
 0.39324372 0.496457   0.23920149 0.18656985]","[0.26278384 0.3986296  0.23322117 0.22301569 0.13635206 0.30117202
 0.2686535  0.19393674 0.2038847  0.19261743]","[0.23768176 0.28977226 0.22921976 0.3600132  0.12054665 0.07346907
 0.25467617 0.28311712 0.17543997 0.1713928 ]"
6,0.638481399506132,"[0.27081121 0.26829378 0.05570303 0.13776615 0.31519753 0.19685058
 0.42260114 0.4489877  0.11684015 0.29998903]","[0.09471584 0.28191296 0.18981239 0.22804788 0.23822123 0.15567494
 0.29872412 0.18080744 0.24159986 0.19703073]","[0.29114607 0.26368815 0.25857586 0.18179584 0.24543066 0.12068068
 0.27107048 0.22613191 0.02756461 0.02749225]"
6,0.6232341436101216,"[0.47982669 0.00609263 0.1217948  0.03444857 0.11946048 0.30927288
 0.30049083 0.49884081 0.15328779 0.17079422]","[0.19320889 0.39811124 0.09025514 0.27765053 0.35921407 0.27939018
 0.27458467 0.23399189 0.28323923 0.19747244]","[ 0.45745756  0.34501322  0.13124746  0.24064742  0.29739431  0.24775048
  0.10867383  0.40025318  0.19525625 -0.00526466]"
6,0.3774077162269142,"[0.4060341  0.36212743 0.18796917 0.25444166 0.25957391 0.1822495
 0.38532523 0.485153   0.23297509 0.12300692]","[0.30540101 0.28908093 0.41075315 0.28092333 0.33108626 0.40215507
 0.28837216 0.11208453 0.24839938 0.20960365]","[0.31924752 0.26541133 0.21620945 0.30868253 0.13513626 0.25042196
 0.13478381 0.30959612 0.04749865 0.10222956]"
6,0.7135617564933804,"[0.37173131 0.31366081 0.12516241 0.08056956 0.22815038 0.31111501
 0.33998577 0.49827411 0.33229736 0.0482249 ]","[0.3526902  0.1366131  0.23249123 0.27702323 0.38139582 0.29707053
 0.24572753 0.25576273 0.37016308 0.14084339]","[0.29831845 0.1245278  0.27422761 0.26122789 0.15829634 0.3022971
 0.07713682 0.46061724 0.16123631 0.20742759]"
6,0.7844109302340827,"[0.32774758 0.19698931 0.2054335  0.25026695 0.38763605 0.26348451
 0.26837234 0.38067264 0.11666411 0.2449961 ]","[0.26286476 0.20276181 0.2801036  0.15754847 0.22036768 0.3401712
 0.35181863 0.15233063 0.00578273 0.20132089]","[0.34340218 0.39319819 0.14204222 0.20395158 0.17733083 0.13771435
 0.08450203 0.31664666 0.14167571 0.07723445]"
6,0.6488282433243323,"[0.32419131 0.30780517 0.10053259 0.21927957 0.28693394 0.31531448
 0.19356864 0.42358687 0.00833263 0.15452499]","[3.26620972e-01 2.39168698e-01 1.25044690e-01 9.72600972e-02
 3.84712736e-01 4.26134504e-01 2.64655947e-01 1.77284093e-01
 2.44259781e-01 1.83012519e-04]","[0.32543999 0.3468277  0.2065992  0.36518352 0.00918769 0.4335331
 0.13438845 0.4055764  0.18959659 0.05474772]"
6,0.5517041812586245,"[0.29605604 0.14941767 0.09086992 0.25546393 0.18662403 0.25176619
 0.19818532 0.49913307 0.09802865 0.21771718]","[0.27812878 0.31335203 0.24584504 0.30774805 0.15743924 0.36655667
 0.12121135 0.20516705 0.17127334 0.09060253]","[0.29229232 0.32945436 0.24506093 0.37160672 0.23581172 0.15346757
 0.0607465  0.22736481 0.13382659 0.02165129]"
6,0.5444915303458282,"[0.19684622 0.40487058 0.11920632 0.0598718  0.13815525 0.27358456
 0.440414   0.46416101 0.11035066 0.46414308]","[0.16913623 0.27036132 0.34613556 0.27836674 0.1811714  0.30180632
 0.11872493 0.22319902 0.32751379 0.24981458]","[0.20871188 0.23617703 0.12586671 0.42196331 0.16513439 0.17061744
 0.21359058 0.42466569 0.04656285 0.0945089 ]"
6,0.7071494555413919,"[0.3879801  0.18352665 0.06553463 0.02228409 0.154191   0.43379352
 0.39988652 0.4754686  0.1218505  0.13961899]","[0.18061122 0.29419857 0.30730121 0.28868275 0.27825141 0.3569383
 0.27803609 0.25674621 0.30237592 0.20502306]","[0.34152037 0.35549226 0.4150236  0.35286506 0.24953432 0.24727213
 0.25874021 0.06645242 0.26055324 0.17083747]"
6,0.6488790475176595,"[0.36112971 0.19488826 0.0755416  0.03086453 0.1447506  0.26011908
 0.31119441 0.41731078 0.14444649 0.29629779]","[0.20439173 0.3537766  0.18534407 0.19146591 0.37213853 0.35622666
 0.22830297 0.18879473 0.1002208  0.23936468]","[0.33127865 0.30866506 0.25351443 0.12461449 0.13688932 0.30051733
 0.18971191 0.29906131 0.1108502  0.00391573]"
6,0.7540376018396574,"[0.27384069 0.22661687 0.0878742  0.19479682 0.25903239 0.31675869
 0.34305142 0.39565452 0.27680535 0.10261193]","[0.12586052 0.27759336 0.42836514 0.31262823 0.28087441 0.29107252
 0.55240007 0.33052769 0.18066371 0.00866457]","[0.36336487 0.25890549 0.26964365 0.35187929 0.19341051 0.27751465
 0.10649787 0.31594732 0.09159506 0.06355976]"
6,0.6160192382481731,"[0.2719043  0.26359489 0.19690854 0.11558732 0.09390607 0.11832639
 0.25332003 0.49997178 0.18017387 0.25532201]","[0.3408742  0.44599568 0.15186272 0.1796474  0.24381197 0.48124765
 0.42286312 0.17693453 0.10156888 0.05827013]","[0.32621276 0.142893   0.17802384 0.39833371 0.3594816  0.30898561
 0.19420719 0.23173455 0.15515734 0.16028025]"
6,0.6381814414270945,"[0.26735194 0.23425167 0.23028082 0.20237598 0.19442597 0.27964542
 0.26473622 0.49298243 0.24904497 0.19894862]","[0.2542774  0.25841675 0.1215527  0.30692636 0.34850762 0.41781383
 0.14639185 0.190408   0.21463385 0.07929332]","[ 0.32997     0.32621924  0.34223908  0.29639189  0.22705032  0.22682396
  0.18648579  0.18035483  0.12468251 -0.02778089]"
6,0.5359503636318332,"[0.24519755 0.4876824  0.15305374 0.14793315 0.14860966 0.21535666
 0.32404886 0.49881082 0.07449685 0.26211903]","[0.14404783 0.1881173  0.24345072 0.01764837 0.33628658 0.36428079
 0.33846826 0.15533303 0.38438956 0.40365318]","[0.23767728 0.24377699 0.2155074  0.47617507 0.26153079 0.20099597
 0.10607259 0.23111152 0.08501401 0.30129761]"
6,0.3882623877179229,"[0.25189665 0.21061375 0.21210917 0.25038034 0.07532065 0.1372617
 0.31856558 0.49988006 0.16564461 0.25763863]","[0.34314047 0.30976791 0.2489858  0.2040817  0.15288911 0.34994563
 0.2314953  0.29861253 0.28124904 0.27823732]","[0.38036448 0.37081691 0.17913497 0.36004405 0.16479809 0.13974053
 0.11379877 0.3247808  0.23692231 0.15720462]"
6,0.3842304748076188,"[0.17856393 0.14183919 0.1135715  0.08395918 0.1107316  0.24727626
 0.3396602  0.41441673 0.16763927 0.18032437]","[0.29356383 0.20418166 0.30144908 0.35368248 0.41511012 0.3208419
 0.19270177 0.15520155 0.10002313 0.17003738]","[0.19672357 0.31079965 0.39417349 0.28250699 0.18549891 0.1893799
 0.16378567 0.23266847 0.14999134 0.1014568 ]"
6,0.5238671655618579,"[0.23337005 0.17075927 0.19720946 0.29087197 0.19063119 0.29448788
 0.4088275  0.47124544 0.14946278 0.13097964]","[0.28698321 0.33608576 0.23293539 0.32101026 0.18743929 0.40052335
 0.21474722 0.29981746 0.15447937 0.08750205]","[0.45422319 0.24700069 0.2799951  0.26326255 0.2598715  0.16540678
 0.18086815 0.25835967 0.05427163 0.02697875]"
7,0.6128740898296796,"[0.27019521 0.37217244 0.04734672 0.08530817 0.35456753 0.49821285
 0.37338153 0.4591144  0.20539627 0.08248662]","[0.22213515 0.15256437 0.31855133 0.22841822 0.08996498 0.36199919
 0.23774616 0.18331894 0.2225156  0.19892906]","[ 0.23772245  0.24775363  0.24313367  0.32086271  0.13038042  0.39400378
  0.10767717  0.33120815  0.13794122 -0.08217909]"
7,0.5069034496716152,"[0.28214388 0.29246446 0.01964926 0.18493319 0.28974434 0.26601099
 0.22829523 0.42121706 0.25777761 0.25092442]","[0.21496298 0.20785309 0.33612453 0.2333691  0.18644359 0.38174577
 0.44641266 0.19687335 0.21606309 0.1282402 ]","[0.35060345 0.17390617 0.23075902 0.34725818 0.34830773 0.130606
 0.04129066 0.31891124 0.14228667 0.06882084]"
7,0.6464820428142946,"[0.32585173 0.25060768 0.17781082 0.18957551 0.37063412 0.35150275
 0.38859427 0.44798461 0.24867181 0.14419016]","[0.3314579  0.35748137 0.28525067 0.1911822  0.28310966 0.24377712
 0.26810229 0.20338615 0.00229713 0.10589973]","[0.3859445  0.3585358  0.20596487 0.20147339 0.14534465 0.27911412
 0.14587401 0.23327378 0.03860856 0.06486093]"
7,0.5316361835856019,"[0.30834387 0.14543693 0.14437157 0.09580704 0.25428744 0.23807214
 0.35259499 0.47431874 0.05667103 0.33194495]","[0.1178087  0.15914393 0.24804276 0.22348389 0.33943412 0.31280814
 0.39118225 0.40775944 0.22653435 0.28606362]","[0.34191603 0.19306778 0.12050772 0.33980041 0.18802723 0.28424201
 0.15180051 0.2879774  0.18106072 0.13057361]"
7,0.5423666067766465,"[0.30675758 0.24102285 0.12249736 0.16796656 0.28169307 0.27403586
 0.45606835 0.47704736 0.09407239 0.09460595]","[0.12625191 0.19028783 0.36683128 0.30173619 0.24065196 0.47637139
 0.25991617 0.24517924 0.20659254 0.05418237]","[0.25480809 0.25386851 0.28888213 0.30259998 0.05528779 0.23672148
 0.02240123 0.2774714  0.25315061 0.05170918]"
7,0.8270661343332149,"[0.46346307 0.22368953 0.09951782 0.22686532 0.28140551 0.3701498
 0.39557449 0.49882018 0.20558903 0.24969668]","[0.2248086  0.17450988 0.20080157 0.27555801 0.29792199 0.36132063
 0.34495971 0.18515603 0.27013133 0.08822425]","[0.44982448 0.21241283 0.22508123 0.23712672 0.30245791 0.29657372
 0.09083411 0.31887709 0.20430551 0.14795963]"
7,0.34473999237719005,"[0.43369202 0.2129298  0.13337097 0.24731482 0.4726383  0.35782159
 0.15463524 0.34687354 0.0409615  0.15615506]","[0.24338494 0.19939051 0.43314837 0.21191805 0.26955346 0.24462991
 0.3578017  0.30915991 0.09279718 0.15615969]","[0.35431167 0.26120858 0.22427242 0.29576889 0.09247647 0.19766434
 0.16784078 0.28035525 0.16842402 0.1154498 ]"
7,0.8715816721076306,"[0.37530069 0.21976404 0.14138661 0.21953587 0.23010178 0.43256878
 0.39378354 0.42888415 0.02682825 0.1016399 ]","[0.31968069 0.29139026 0.27611976 0.23421113 0.36273119 0.4470049
 0.27457764 0.21222469 0.07367412 0.11303801]","[0.35272528 0.31686666 0.14739456 0.39396487 0.27117754 0.21898381
 0.11142875 0.268521   0.19726447 0.05167348]"
7,0.6467935114362058,"[0.3416818  0.29548181 0.16933833 0.17865474 0.25708999 0.23747097
 0.25370841 0.49735589 0.15477765 0.21054554]","[0.37394709 0.23125075 0.37836875 0.24691227 0.17551852 0.34997512
 0.43153822 0.18310706 0.11000449 0.20429295]","[0.40247086 0.25965715 0.16076645 0.28452801 0.05086071 0.31048411
 0.24980192 0.29468836 0.3245909  0.20164668]"
7,0.5521910413179575,"[0.30113311 0.41411548 0.10813083 0.17202781 0.28489513 0.41725119
 0.26251992 0.42158621 0.15383912 0.22189482]","[0.24171285 0.21034054 0.11935427 0.27165595 0.25799482 0.37347894
 0.30468396 0.22814005 0.24795467 0.26953833]","[0.30412803 0.31374592 0.06698194 0.11913841 0.11927376 0.19736215
 0.0961946  0.34914996 0.0839062  0.03478914]"
7,0.8468852823159152,"[0.26406978 0.25738765 0.19896301 0.17210295 0.25593764 0.31351379
 0.33230861 0.49787546 0.2193962  0.12589242]","[0.3789153  0.2174104  0.20254252 0.22388074 0.37696711 0.4298109
 0.21224014 0.25493544 0.20042567 0.07591382]","[0.37156546 0.24555008 0.22479021 0.28207791 0.19830268 0.24392462
 0.07452249 0.41711074 0.12053396 0.05268359]"
7,0.4407078111819656,"[0.29469865 0.21761413 0.15651304 0.14303247 0.25867923 0.25640429
 0.28608844 0.47828786 0.22360287 0.12588308]","[0.31131473 0.17157517 0.19634498 0.27908363 0.36968811 0.18830058
 0.34111818 0.19576343 0.17754818 0.22118786]","[0.20100564 0.28264761 0.24325753 0.20869342 0.156272   0.26757623
 0.22162504 0.34684694 0.0708376  0.10169686]"
7,0.5313025379404701,"[0.25743326 0.29142502 0.11219853 0.13525227 0.25918646 0.36123367
 0.28955795 0.32057227 0.17076761 0.19424069]","[0.41056552 0.20797352 0.26428969 0.29503921 0.37304844 0.38437407
 0.37146892 0.2312597  0.31951345 0.12145975]","[0.41406657 0.29275202 0.29159307 0.17568594 0.10743754 0.32435448
 0.1404361  0.26905522 0.23715816 0.16540857]"
7,0.4982721976625457,"[0.3924046  0.28649815 0.18800176 0.05538071 0.30365772 0.40676633
 0.2678873  0.42911786 0.25285154 0.33702417]","[0.08264726 0.14582104 0.27717054 0.42411908 0.23031269 0.37151109
 0.37448492 0.26529349 0.23113479 0.17386088]","[0.17909311 0.38417958 0.26843728 0.25402722 0.19546826 0.27918002
 0.15711642 0.32507834 0.11552769 0.12178069]"
7,0.5431590738811798,"[0.17234646 0.25378701 0.05780529 0.28807552 0.25514417 0.23907198
 0.35166392 0.4397403  0.19992001 0.23150044]","[0.2183269  0.19080327 0.17430059 0.20237399 0.11772925 0.28398772
 0.29273062 0.18153817 0.04097315 0.19796143]","[ 0.49382328  0.29898329  0.2486482   0.25201477  0.06795354  0.3347587
  0.14889926  0.34357758  0.18191845 -0.00740717]"
7,0.521075654943866,"[0.25041191 0.27119657 0.23759234 0.13995597 0.28175432 0.21103619
 0.3589598  0.44456463 0.16815788 0.16410508]","[0.32591289 0.29112597 0.24890588 0.14244617 0.27179043 0.38820106
 0.16404106 0.28724959 0.16826218 0.08238205]","[0.4011988  0.29778441 0.1699403  0.28667162 0.20405542 0.24606046
 0.22443549 0.35396787 0.16933981 0.17387937]"
7,0.57634727926057,"[0.31845322 0.17450761 0.02308325 0.18825301 0.28807265 0.49360632
 0.42316611 0.48216184 0.019994   0.23382259]","[0.35561697 0.24262402 0.15351191 0.27675636 0.43278084 0.42605461
 0.45926254 0.28708651 0.14205801 0.10697585]","[0.49926242 0.25603292 0.25252953 0.26582718 0.20598344 0.23247261
 0.2173243  0.2819294  0.09158346 0.10272485]"
7,0.49335979121973866,"[0.45100142 0.12774547 0.00171738 0.15450872 0.36702866 0.24819244
 0.347225   0.46951612 0.36864736 0.22350345]","[0.29021712 0.34358511 0.25898687 0.2649899  0.33683164 0.37590147
 0.36670272 0.36654863 0.35756572 0.24878423]","[0.31467361 0.19461998 0.24059466 0.33916543 0.06695935 0.2300633
 0.17404687 0.29943904 0.19032437 0.05856316]"
7,0.7076252736869317,"[0.30754742 0.19021809 0.21660245 0.22065285 0.26949852 0.27702286
 0.36328671 0.49048312 0.28357977 0.15469083]","[0.15771853 0.28269009 0.32549855 0.21337947 0.34899575 0.46079
 0.24337023 0.28442506 0.02562993 0.01864678]","[0.28990166 0.20963749 0.18223133 0.28397049 0.12276358 0.2139127
 0.10007703 0.3944361  0.13598611 0.23454251]"
7,0.5510514545331078,"[0.360248   0.19774694 0.16925519 0.10080451 0.35020019 0.3002779
 0.38960777 0.3112242  0.2563225  0.05884489]","[0.30298885 0.24733092 0.24207747 0.47594454 0.34649311 0.36646191
 0.44021058 0.29972955 0.08495806 0.19772563]","[ 0.35869695  0.37356953  0.29241102  0.35378539  0.12892221  0.10511244
 -0.00286308  0.33573345  0.22716088  0.06044604]"
8,0.6701295217741566,"[0.38739833 0.34216068 0.22866722 0.14955303 0.29828027 0.33439269
 0.37813313 0.49359692 0.00504765 0.18373156]","[0.35011708 0.25782574 0.31484548 0.19626204 0.22731124 0.30647749
 0.3011761  0.23147319 0.0989912  0.133491  ]","[ 4.32815253e-01  3.51201224e-01  3.22342767e-01  2.81334181e-01
  1.92043957e-01  2.50448756e-01  1.30267467e-01  3.14208071e-01
  4.61474511e-01 -3.60152992e-04]"
8,0.5425748356214013,"[0.28793223 0.19678468 0.10402118 0.09332426 0.2669954  0.35610396
 0.35111365 0.47406085 0.22066551 0.20692363]","[0.25433064 0.2970353  0.30584314 0.2004296  0.38363914 0.36728941
 0.30591604 0.35049294 0.13556189 0.07647169]","[0.39634913 0.39092067 0.15612161 0.21037046 0.18459142 0.27247183
 0.00914466 0.20118274 0.10445219 0.20752003]"
8,0.5517297092199226,"[0.20783773 0.23437765 0.28165204 0.12696005 0.15804298 0.48125813
 0.39138923 0.49368445 0.2299349  0.11854608]","[0.30469114 0.26256857 0.26200106 0.14251695 0.29022213 0.46341491
 0.43405228 0.1895428  0.18513077 0.14251573]","[0.37519658 0.131754   0.05938667 0.24953521 0.13335282 0.18567336
 0.13936572 0.38211153 0.16942151 0.13358085]"
8,0.8124539505199655,"[0.37858591 0.25454086 0.13228421 0.39532683 0.31774245 0.3001304
 0.36194284 0.43631557 0.11901163 0.24623632]","[0.23728579 0.17481495 0.37089029 0.23801822 0.35987789 0.31241148
 0.27309572 0.34382066 0.02803105 0.06991388]","[0.42533407 0.39290885 0.23247075 0.28793499 0.23933574 0.38638898
 0.19071882 0.15936474 0.09140619 0.3157644 ]"
8,0.5485510088800913,"[0.33389774 0.25155245 0.10265287 0.19492083 0.28488245 0.48412887
 0.32070247 0.49998759 0.01005899 0.15143115]","[0.33211537 0.26586256 0.26234284 0.30444474 0.38631517 0.42662848
 0.2125955  0.21302343 0.1745623  0.13131494]","[ 0.37180701  0.31296743  0.11764042  0.26146806  0.12194332  0.30894395
 -0.0066404   0.34793934  0.16004708  0.19321426]"
8,0.7076622545515722,"[4.68697670e-01 1.70439232e-01 1.38636201e-01 2.59040088e-01
 2.20734274e-01 4.56362280e-01 3.74071999e-01 3.66395432e-01
 8.77697274e-02 2.64969969e-04]","[0.27884425 0.17162457 0.2865097  0.19897291 0.38837438 0.31643375
 0.16452288 0.11804729 0.21897759 0.24458129]","[0.46923044 0.31382671 0.20332477 0.32421704 0.15829585 0.19338971
 0.14208323 0.25828612 0.25897797 0.11379725]"
8,1.0524009102308396,"[0.25111614 0.22134964 0.19702746 0.05289937 0.28845695 0.47705042
 0.30696033 0.49874348 0.31147975 0.13827881]","[0.24476577 0.27061363 0.36163614 0.29487825 0.25544705 0.3445631
 0.37661672 0.10727441 0.25205731 0.01546662]","[0.38517227 0.22744855 0.27289257 0.15991759 0.22259765 0.29263148
 0.11425561 0.33208274 0.18669863 0.07274897]"
8,0.8393630502123773,"[0.37046063 0.26997372 0.25820942 0.05143952 0.19109814 0.40651804
 0.46832884 0.49333907 0.17386297 0.29232221]","[0.30945389 0.1174029  0.18158316 0.21114418 0.35232646 0.36246324
 0.35407834 0.40217999 0.16327766 0.16371688]","[0.36581892 0.32095457 0.21375118 0.35372403 0.16114576 0.2130363
 0.13254239 0.26342202 0.2011069  0.11675638]"
8,0.914648279298031,"[0.29462816 0.28384798 0.00229914 0.18350407 0.38730146 0.26215291
 0.41261317 0.47793486 0.09715645 0.04470239]","[0.02639665 0.07687127 0.06130579 0.25310085 0.26451282 0.36857059
 0.36029401 0.23079645 0.01635946 0.2551823 ]","[0.49963314 0.43825729 0.27013571 0.14240162 0.31870951 0.33155243
 0.18899929 0.4238658  0.08362442 0.14371764]"
8,0.6744470538392288,"[0.2895899  0.3053547  0.04902482 0.23275902 0.3110768  0.43562673
 0.3760192  0.49682561 0.05947666 0.15539054]","[0.19906514 0.23059102 0.32572501 0.17959428 0.22831883 0.45305132
 0.33370438 0.25699714 0.03417542 0.10034257]","[0.36398466 0.39397673 0.14766045 0.38140356 0.18082058 0.22377281
 0.05477775 0.393062   0.02847028 0.10621221]"
8,0.853298661745369,"[0.37176796 0.11485173 0.02249912 0.02127294 0.28979482 0.34677187
 0.39578312 0.49567383 0.14575305 0.08691274]","[0.32310798 0.37159331 0.15519616 0.30229374 0.27035276 0.47335338
 0.15530889 0.13001076 0.17669035 0.0396551 ]","[0.28536144 0.26397926 0.01786473 0.2830888  0.28958736 0.25579577
 0.12368083 0.29465148 0.06967647 0.11154889]"
8,0.5886685885493234,"[0.21174772 0.2334345  0.10247193 0.20195225 0.25895565 0.39100227
 0.25650644 0.34269939 0.12173661 0.03533158]","[0.35590222 0.26156455 0.09958835 0.25084217 0.33613148 0.38372782
 0.34573726 0.09417017 0.16814876 0.18426426]","[0.47145355 0.32626086 0.20518159 0.40238183 0.23457795 0.32069745
 0.22623129 0.3357727  0.179042   0.06398021]"
8,0.4090068831190982,"[0.30288917 0.24113229 0.2004178  0.18708918 0.2393394  0.38166903
 0.38183889 0.35097627 0.04945433 0.18025407]","[0.35847308 0.26225571 0.30857095 0.34864621 0.29713298 0.51216022
 0.39676132 0.2016925  0.12967978 0.11545668]","[ 0.27315972  0.17876768  0.25791656  0.2340832   0.15708851  0.35979788
 -0.04177453  0.11634177  0.30714985 -0.17471583]"
8,0.4869686457159573,"[0.37245018 0.31717756 0.09944026 0.04895373 0.23060934 0.36368712
 0.4029495  0.47056477 0.05353684 0.16719551]","[0.18184635 0.34671223 0.14342657 0.2186632  0.50938918 0.36318212
 0.23321865 0.25145533 0.16603054 0.13060466]","[0.3845289  0.26033093 0.13773826 0.21890685 0.08879265 0.22304116
 0.04456983 0.43861201 0.24725192 0.0780907 ]"
8,0.595871598639082,"[0.21777044 0.33888695 0.01057406 0.14380576 0.33867393 0.336976
 0.34541621 0.3867456  0.12186442 0.23793951]","[0.28758077 0.28089091 0.29091936 0.21916645 0.37728403 0.36904407
 0.21619375 0.28136182 0.02071636 0.13198508]","[0.27265831 0.29326864 0.15338458 0.05642161 0.15180761 0.14075039
 0.19491014 0.19052943 0.30318519 0.14336276]"
8,0.5522141406254208,"[0.42430634 0.3135352  0.16549609 0.28740575 0.28536799 0.28821617
 0.29046247 0.49980267 0.00374851 0.13401276]","[0.32538766 0.27583286 0.17676167 0.21610797 0.3126339  0.47673327
 0.31730724 0.15093845 0.25700197 0.2898134 ]","[0.47855654 0.44079665 0.21148078 0.39027976 0.25600642 0.14329661
 0.21728591 0.23744808 0.15646793 0.09368698]"
8,0.5306324533067177,"[0.43697655 0.1309886  0.11668686 0.17586875 0.29389843 0.3437157
 0.42389704 0.49485859 0.07203697 0.15736203]","[0.18001067 0.18616509 0.22985408 0.39289029 0.38092896 0.44009376
 0.29790717 0.2010616  0.10165144 0.11786637]","[0.47737939 0.34855727 0.21208137 0.26391794 0.05654962 0.31368498
 0.17015052 0.15189543 0.25549908 0.09546521]"
8,0.588608265271926,"[0.31831902 0.16157346 0.05885853 0.34954878 0.279431   0.4231129
 0.28378692 0.48150982 0.07919038 0.20708501]","[0.37183664 0.36033722 0.32098309 0.33347727 0.29316187 0.54557679
 0.16348616 0.24262567 0.05320505 0.10832262]","[0.37264826 0.25198348 0.07590246 0.25827851 0.07964613 0.21831994
 0.16520414 0.38682175 0.221651   0.11078309]"
8,0.6910648117214114,"[0.4244761  0.34210001 0.07164126 0.26437881 0.47253566 0.32126262
 0.28452129 0.43960787 0.11519365 0.13466759]","[0.27702271 0.26968031 0.18440264 0.22467181 0.31295823 0.35689548
 0.41503113 0.26259612 0.23306749 0.02166619]","[0.42739823 0.3496876  0.17911944 0.33743701 0.14538933 0.11412825
 0.05234259 0.27818964 0.00551008 0.0747501 ]"
8,0.720312897954163,"[0.317298   0.26806624 0.2298602  0.23947603 0.20380271 0.38474256
 0.3876042  0.47990054 0.03449719 0.03709485]","[0.18976906 0.26711429 0.16194697 0.15854046 0.35744651 0.51753258
 0.34107324 0.1926225  0.12971148 0.01328321]","[0.49554156 0.22817408 0.17868547 0.24370405 0.2420342  0.22319405
 0.1100389  0.24825593 0.18011735 0.16651507]"
9,0.47535232187592874,"[0.3166556  0.33046812 0.06798166 0.18601042 0.33690796 0.4698937
 0.26759738 0.43587126 0.22680529 0.1721383 ]","[0.31161571 0.27563947 0.34460343 0.31292792 0.32462878 0.2886837
 0.32689108 0.14891216 0.05116727 0.08085718]","[0.36765622 0.26672488 0.25682813 0.28783589 0.12571125 0.31047342
 0.01257632 0.2067934  0.16402565 0.16700937]"
9,0.5996253512842888,"[0.24059532 0.16279753 0.19726911 0.121276   0.32917996 0.49540278
 0.40433122 0.48511942 0.34762608 0.14529046]","[0.14854522 0.20124006 0.38231017 0.20351743 0.44052655 0.35935915
 0.31842162 0.18980368 0.12231382 0.00736376]","[0.43333881 0.12736092 0.26819631 0.20715123 0.28701883 0.23132914
 0.20631    0.24165528 0.20126843 0.19148125]"
9,0.56378104077849,"[0.23327214 0.27181129 0.09021869 0.12207699 0.08438635 0.48270774
 0.45610788 0.44414025 0.15969955 0.08038362]","[0.28078818 0.30255052 0.35576986 0.16045608 0.27518119 0.34172278
 0.28081212 0.22651357 0.19966901 0.23064628]","[ 0.44030456  0.49177894  0.03434361  0.11443673  0.21153848  0.31224753
 -0.03652522  0.46644067  0.29806622 -0.00281232]"
9,0.9296661460249619,"[0.28489628 0.28005655 0.17381303 0.24268834 0.31983368 0.46491079
 0.39362334 0.3625165  0.22954451 0.25540778]","[0.17539567 0.2299112  0.08348316 0.3632658  0.32651456 0.34196041
 0.10086152 0.12641103 0.11151639 0.0259456 ]","[ 0.3471335   0.27626506  0.2944239   0.20420074  0.26241198  0.31449644
  0.12652762  0.34745127  0.1396039  -0.03518192]"
9,1.0795139887441247,"[0.22412879 0.36194321 0.14832209 0.19510482 0.24492579 0.45933891
 0.20035458 0.47324783 0.27223444 0.19942063]","[0.12977352 0.26504367 0.18113196 0.26589911 0.51678442 0.45287325
 0.27673129 0.21653966 0.14058345 0.16338748]","[0.3931805  0.25429856 0.12426037 0.24581372 0.24603487 0.3411579
 0.16137176 0.25630732 0.25671164 0.12811124]"
9,0.5734312521687336,"[0.31779556 0.17802183 0.13263527 0.06120554 0.31057504 0.35463288
 0.30568535 0.43647213 0.12049821 0.18087077]","[0.20713571 0.17155474 0.09436713 0.37597176 0.27023827 0.35438077
 0.42008109 0.23699654 0.26609098 0.21047331]","[0.49989382 0.32903753 0.18704919 0.30917759 0.10782752 0.27504174
 0.05002917 0.34441186 0.11736349 0.17785793]"
9,0.8915735718331927,"[0.24480669 0.301045   0.14619144 0.15763494 0.18180884 0.47857599
 0.49847909 0.49859379 0.12324188 0.05151929]","[0.08206468 0.15891847 0.12972282 0.28499978 0.29549044 0.44287694
 0.2601455  0.21071856 0.08907211 0.05857192]","[0.3940454  0.3043629  0.27448077 0.21267738 0.20666477 0.225144
 0.14204403 0.10827391 0.2188449  0.08993932]"
9,0.550427645147816,"[0.28088022 0.3297244  0.14950911 0.22041472 0.15847792 0.37676102
 0.3757931  0.48405244 0.07843449 0.2026587 ]","[0.28241145 0.26598971 0.36115717 0.2261554  0.19437373 0.57157061
 0.20892862 0.16018288 0.07424853 0.00713563]","[0.34613108 0.25235151 0.12550911 0.38017165 0.35637595 0.17048778
 0.13378808 0.3371575  0.18515435 0.12487393]"
9,0.5644395114347699,"[0.40459356 0.25563336 0.01973255 0.11753047 0.28301523 0.4629275
 0.36295768 0.48354789 0.32230686 0.19964936]","[0.21604526 0.18561117 0.25931426 0.25890998 0.32535655 0.45347596
 0.2408115  0.13197956 0.1609024  0.02445035]","[0.38496613 0.27960576 0.14355279 0.39084374 0.30144048 0.18215318
 0.21958811 0.27059489 0.13100319 0.16681407]"
9,0.5830718792314974,"[0.29968092 0.18414503 0.14530837 0.20054823 0.29306014 0.36682462
 0.34527304 0.49791473 0.22710843 0.16059786]","[0.4169943  0.31486371 0.19060572 0.34480937 0.29971951 0.33684239
 0.29405364 0.14443537 0.13691977 0.00832747]","[0.42882689 0.22286197 0.18315925 0.24248701 0.09275093 0.30142357
 0.14884383 0.21056947 0.12027512 0.23122423]"
9,0.6424256388307326,"[0.30628677 0.2117303  0.07577707 0.18286176 0.34848365 0.40243425
 0.44198607 0.49530774 0.23623316 0.07273186]","[0.24315045 0.299769   0.27500786 0.18425715 0.37802044 0.3462247
 0.15317215 0.11656033 0.13593768 0.02878362]","[0.4963995  0.25052771 0.0518977  0.26821043 0.1094725  0.24088927
 0.09714051 0.34031822 0.11435871 0.28173057]"
9,0.7927938568472408,"[0.41472359 0.24640489 0.07143881 0.2217107  0.35992584 0.32163587
 0.38343586 0.48626146 0.19548929 0.09759498]","[2.73860165e-01 1.87929764e-01 3.18441442e-01 3.16048702e-01
 2.77099051e-01 5.21616106e-01 2.97896561e-01 2.55344474e-01
 3.21045024e-01 3.47026494e-04]","[0.47813079 0.2054937  0.14954187 0.37360328 0.24175187 0.27453548
 0.11673125 0.23592004 0.25362732 0.1337184 ]"
9,0.6202576207319896,"[0.32589238 0.10595286 0.28034735 0.09514375 0.38707237 0.32047088
 0.427415   0.48160689 0.35853801 0.2388203 ]","[0.28154697 0.12339649 0.2118398  0.26892728 0.25991327 0.34210328
 0.26455656 0.10572532 0.19692803 0.06135674]","[0.44311528 0.28834578 0.16463787 0.20620493 0.14660676 0.32933312
 0.02797412 0.21046476 0.13249862 0.03019532]"
9,0.6147858680413907,"[0.35460453 0.1543051  0.08802995 0.00417844 0.20713429 0.48373054
 0.32047011 0.49993731 0.0811414  0.20256702]","[0.25248808 0.3135647  0.14520898 0.05644515 0.29572888 0.46304995
 0.18468377 0.32127634 0.05790319 0.10101681]","[0.47441163 0.30935994 0.12107852 0.18997524 0.15139804 0.22989488
 0.16271306 0.35175697 0.08380596 0.06500128]"
9,0.9106575678474057,"[0.2601981  0.26763826 0.16262967 0.18749675 0.3394236  0.32725565
 0.49099097 0.44667581 0.11451788 0.20816265]","[0.38441358 0.18183468 0.17679054 0.10817148 0.38603043 0.37253321
 0.16478016 0.17931948 0.1606623  0.09667319]","[0.42153101 0.22424432 0.1788775  0.19539738 0.31768483 0.40698429
 0.06461471 0.38758837 0.1814238  0.18310108]"
9,0.6480304980670908,"[0.37819555 0.3161493  0.01083766 0.19517346 0.39510727 0.38624358
 0.26838723 0.49818926 0.02182751 0.03259727]","[0.30026301 0.22338823 0.39313968 0.2559837  0.25071749 0.47655485
 0.36284799 0.05776835 0.04896479 0.04309789]","[0.49637144 0.27716447 0.36716734 0.00611707 0.33296866 0.43695836
 0.13787851 0.37635417 0.19390642 0.17637627]"
9,0.6719435413483776,"[0.31841992 0.18293846 0.0696169  0.03859803 0.40288242 0.40817089
 0.4525084  0.4607113  0.13923746 0.05320405]","[0.26392113 0.15003901 0.25103456 0.30889456 0.33037343 0.24264971
 0.39496638 0.18512129 0.15400422 0.00188937]","[ 4.58733000e-01  2.70328793e-01  1.51485597e-01  1.67746103e-01
  1.85082086e-01  2.24676150e-01 -1.91473300e-04  3.91340375e-01
  1.54635739e-01  1.67813574e-01]"
9,0.794256310056757,"[0.42664647 0.22070209 0.01239629 0.18658772 0.17531184 0.40078925
 0.35599336 0.49980931 0.07155914 0.27127867]","[0.2883416  0.1295351  0.31156346 0.09595532 0.22262197 0.31919032
 0.28521856 0.09913181 0.16173255 0.03046302]","[0.46369834 0.18946889 0.23768179 0.16198865 0.2148786  0.27613994
 0.19014011 0.30680535 0.21653602 0.04617426]"
9,0.8687456135729055,"[0.38534209 0.29017044 0.00116438 0.02137606 0.24354847 0.2573472
 0.42764251 0.49949992 0.00236765 0.19769234]","[0.25035193 0.31416814 0.1656583  0.23207163 0.27677587 0.30245986
 0.33421463 0.22606493 0.30714618 0.0311594 ]","[0.47771306 0.31107627 0.2526729  0.2528345  0.19064384 0.29262485
 0.01997312 0.30767891 0.12055167 0.27320933]"
9,0.6373009523187958,"[0.34717194 0.37349823 0.18655843 0.2738674  0.41009179 0.35344566
 0.32604509 0.45487265 0.16571269 0.07175543]","[0.26628358 0.32661267 0.15594626 0.2433766  0.2452834  0.38501213
 0.33874586 0.17773708 0.17092616 0.01809083]","[0.36936719 0.31194408 0.11330225 0.2923143  0.22659018 0.24644527
 0.09870258 0.37061719 0.09333371 0.0866211 ]"
10,0.8227287386548439,"[0.31840235 0.48897359 0.18323274 0.25970561 0.29759272 0.38982717
 0.38634765 0.39714945 0.06546011 0.20882521]","[0.3151948  0.34265277 0.15345629 0.30823081 0.32629678 0.30137936
 0.29016016 0.13596081 0.33451787 0.02624921]","[0.44092203 0.24616075 0.17850932 0.29762471 0.17176407 0.43191943
 0.1010871  0.17598098 0.19136432 0.06782087]"
10,1.0051492189395244,"[0.00984779 0.27360052 0.08789886 0.08376429 0.21421104 0.49856343
 0.3846122  0.37329851 0.15798479 0.23019664]","[0.30840651 0.2790293  0.09451502 0.19541212 0.37846191 0.32010699
 0.12568028 0.22971    0.33514028 0.10095326]","[0.39179025 0.31511797 0.24037324 0.12155643 0.18960472 0.17956147
 0.19462585 0.22680005 0.07515057 0.18676064]"
10,0.3903014327032112,"[0.3135909  0.29939109 0.02486322 0.08510357 0.0940031  0.41734006
 0.43624349 0.49133764 0.30367828 0.17838148]","[0.00554007 0.33408447 0.07885709 0.34921638 0.60150312 0.54367025
 0.29568291 0.16696869 0.20315549 0.18498337]","[0.49147246 0.32255795 0.12862152 0.1664809  0.2028614  0.21215428
 0.27896506 0.22405673 0.16362486 0.00509818]"
10,0.583353790845775,"[0.36167506 0.19003023 0.13603507 0.20259446 0.29135636 0.41912443
 0.34493138 0.48236777 0.13717232 0.1586849 ]","[0.15858265 0.25953117 0.1922864  0.25849555 0.47454567 0.38062798
 0.38452735 0.20476975 0.25407606 0.05514886]","[0.35499827 0.26532577 0.20370499 0.26410002 0.32893638 0.38442363
 0.10074735 0.40063284 0.34304307 0.09327372]"
10,0.5507665899421006,"[0.22522328 0.27817267 0.05245418 0.11395304 0.35127193 0.35498376
 0.34917717 0.47610045 0.13669705 0.15225227]","[0.18402791 0.16993338 0.13286348 0.17418308 0.3865069  0.22957277
 0.1926389  0.19593129 0.09973791 0.11234623]","[ 0.23638324  0.11421541  0.10830061  0.19144871  0.24670159  0.29142453
 -0.0040603   0.17996403  0.14944766  0.10563924]"
10,0.6979259422262498,"[0.2720886  0.40533691 0.06043543 0.24749398 0.28984128 0.36927257
 0.3321776  0.49028361 0.21274877 0.20639409]","[0.16558144 0.15117483 0.2100353  0.26393154 0.43775659 0.41027049
 0.24854947 0.19891923 0.15643589 0.13900364]","[0.49803936 0.11907005 0.23641887 0.28972944 0.32674102 0.17732233
 0.09190975 0.24959376 0.1534312  0.06983997]"
10,0.5285197249183612,"[0.18621985 0.41723257 0.14455996 0.18587493 0.21942169 0.41902555
 0.36656734 0.46951719 0.057112   0.19047666]","[0.06976248 0.32653169 0.04501075 0.29416565 0.50967953 0.33827907
 0.29332534 0.0649691  0.2132455  0.01825626]","[0.30132093 0.34346606 0.19112273 0.23958845 0.12253468 0.33335246
 0.0978113  0.33417016 0.12441368 0.13189785]"
10,0.7065118533985999,"[0.29822529 0.15143047 0.08336725 0.29924898 0.39656928 0.43406426
 0.41839257 0.49890584 0.23132916 0.2000564 ]","[0.27015753 0.19608241 0.21053731 0.17088658 0.37149636 0.3937662
 0.29455467 0.20802032 0.21024284 0.02798811]","[0.35412277 0.225049   0.27294806 0.31922901 0.28875208 0.33783225
 0.08858328 0.32502867 0.16778919 0.1548571 ]"
10,0.7950837686858043,"[0.30886769 0.31072516 0.16996611 0.2397471  0.00110803 0.39470919
 0.36081338 0.49948207 0.11514133 0.02431629]","[0.12077266 0.30484835 0.38819082 0.21786328 0.42094569 0.38933128
 0.38817674 0.13576886 0.24113538 0.15907395]","[0.41857707 0.40514444 0.23552827 0.28943307 0.2320044  0.43872628
 0.24262679 0.45212493 0.15985816 0.16872587]"
10,0.6539691197906624,"[0.28729475 0.29467184 0.09034536 0.30042963 0.33139485 0.39768365
 0.39281287 0.4972699  0.0679003  0.25628506]","[0.23062241 0.28691814 0.25237468 0.31558814 0.55897265 0.35895664
 0.28455819 0.19812289 0.05717695 0.02216099]","[0.27996273 0.33497889 0.15867047 0.2076975  0.22960462 0.25771273
 0.02578407 0.22216906 0.26290248 0.14140354]"
10,0.7914772404399044,"[0.25342638 0.21070426 0.20912589 0.13408287 0.39554119 0.47130259
 0.37564184 0.49899703 0.17591375 0.11986734]","[0.28519262 0.11284309 0.26961074 0.21001661 0.42822342 0.4553077
 0.11359949 0.23292275 0.14450642 0.1031441 ]","[0.47546505 0.22023425 0.42672496 0.15561645 0.33744378 0.35546365
 0.26681033 0.21375613 0.16422225 0.00942357]"
10,0.5421873755188266,"[0.13540706 0.14690696 0.03567318 0.23560011 0.28914    0.450749
 0.39653403 0.46000436 0.07757259 0.16167925]","[0.18358437 0.15506003 0.10766775 0.28598779 0.40061974 0.39368098
 0.22802545 0.19672787 0.1538075  0.17305793]","[0.46994417 0.31277201 0.10754157 0.26422821 0.36905469 0.45320302
 0.12199249 0.36632015 0.11269416 0.05304812]"
10,0.8215712894534661,"[0.22991357 0.3726491  0.06173916 0.105845   0.34266914 0.40599751
 0.25249456 0.4637943  0.17558892 0.08988705]","[0.27931863 0.24073319 0.24510034 0.24567755 0.29161213 0.42252571
 0.39512854 0.30937577 0.08886563 0.00351488]","[0.49965813 0.17389615 0.1365562  0.12110468 0.16239241 0.39038594
 0.1313961  0.2689234  0.32766238 0.20408989]"
10,0.5424057938434316,"[0.29069086 0.25137443 0.00292363 0.03038948 0.37707274 0.41959775
 0.49918976 0.37626235 0.06976265 0.08946075]","[0.11717789 0.05616541 0.06299043 0.26053932 0.2659272  0.45946385
 0.33983233 0.13432545 0.00768594 0.02780262]","[0.29447463 0.22812894 0.26729091 0.16596597 0.33029971 0.29881905
 0.15424589 0.44094004 0.34137571 0.00959497]"
10,0.7043978279041321,"[0.27052465 0.1783158  0.13500939 0.18385946 0.24198715 0.45358436
 0.41699408 0.46451477 0.19081866 0.15813201]","[0.12676835 0.0902502  0.00041445 0.31074788 0.2414404  0.24985522
 0.21913309 0.1415813  0.19868115 0.10772974]","[0.49706456 0.19035266 0.16919019 0.2375489  0.35398994 0.4278499
 0.0915716  0.41847492 0.20871398 0.15779213]"
10,0.8874367458317413,"[0.30855541 0.24280125 0.15554891 0.26477195 0.31143004 0.39689448
 0.33149025 0.4911153  0.00677019 0.17665557]","[0.03654255 0.22319575 0.23840864 0.29398753 0.34445198 0.26532886
 0.34283601 0.17897807 0.05379828 0.11245906]","[0.49980518 0.19176496 0.1824312  0.2118888  0.3322444  0.27546052
 0.12802218 0.35297179 0.24052111 0.08818189]"
10,0.7126759764778241,"[0.23091255 0.33099075 0.02753238 0.20920025 0.21962505 0.44099918
 0.32228065 0.4462307  0.1347071  0.18923078]","[0.26210742 0.21291199 0.19935399 0.38058954 0.36849204 0.42167785
 0.03813726 0.18607676 0.23051813 0.02331399]","[0.42040989 0.38634337 0.10693761 0.41545679 0.2754517  0.33697315
 0.07972496 0.31978316 0.18492325 0.17073827]"
10,0.9102917913647787,"[0.10594746 0.29736968 0.11976699 0.23637772 0.31256162 0.46614838
 0.39160509 0.44948549 0.23918031 0.21729585]","[0.27426623 0.26791134 0.31099942 0.12083388 0.37226647 0.44029619
 0.31161107 0.18460869 0.2288757  0.00586827]","[ 0.44162039  0.2197588   0.09938151  0.21145102  0.1693532   0.36172292
  0.12367012  0.33677443  0.15738241 -0.0023984 ]"
10,0.5867151099887433,"[0.27790355 0.33172519 0.21608971 0.15459436 0.26287462 0.412423
 0.44616653 0.48737115 0.19562208 0.26629206]","[0.22625813 0.18722582 0.15418309 0.30729216 0.59995337 0.44712623
 0.13367218 0.14829276 0.2805132  0.0141707 ]","[ 0.42321123  0.33525293  0.0949222   0.23557685  0.24799799  0.30455366
  0.03200961  0.18187369  0.13302969 -0.08120207]"
10,0.7222007436280086,"[0.33721619 0.29635691 0.00547071 0.1425919  0.23565796 0.36601819
 0.49991662 0.45488027 0.17332959 0.22069845]","[0.13618414 0.25354477 0.18472717 0.37209436 0.33300604 0.3278043
 0.09141826 0.17212266 0.03891724 0.17300717]","[0.33435016 0.2202329  0.25764433 0.36527299 0.37946947 0.43378923
 0.29422803 0.33402143 0.29219002 0.15526827]"
11,0.547913296583954,"[0.28375105 0.3922357  0.1025651  0.16990466 0.21413389 0.48536571
 0.35883547 0.4974847  0.07314357 0.27372115]","[0.31278372 0.31185189 0.30824764 0.26317451 0.34491017 0.31014564
 0.35383985 0.16912843 0.1719862  0.01627632]","[0.39463205 0.33345426 0.34228536 0.22067009 0.28541949 0.44935607
 0.29744573 0.14305131 0.23780117 0.06850446]"
11,0.5560435162582207,"[0.09285896 0.31279311 0.18022832 0.30316239 0.17682368 0.47410995
 0.41256872 0.46403536 0.01931826 0.08973952]","[0.26810971 0.31223312 0.25637748 0.27940387 0.32520145 0.34887202
 0.12079294 0.24480951 0.21555729 0.05890634]","[0.49489332 0.20434285 0.10698038 0.08902205 0.18545171 0.32332943
 0.06667411 0.33508116 0.10871188 0.25843303]"
11,0.8605215111080919,"[0.25372521 0.44667731 0.15067689 0.27897077 0.28181448 0.35323587
 0.43563956 0.40812046 0.25171165 0.22082804]","[0.17297385 0.12112528 0.0963637  0.21430959 0.38474277 0.22458639
 0.46676693 0.16680516 0.24959974 0.08082823]","[0.45607525 0.25098724 0.14934573 0.25210461 0.29206259 0.31987998
 0.15781698 0.28174441 0.25359854 0.08503991]"
11,0.871606528686987,"[0.04427747 0.2732441  0.19383666 0.35902437 0.36930638 0.48819462
 0.42924575 0.40783016 0.0325982  0.13638499]","[0.36799707 0.26797109 0.16483128 0.21666066 0.26069479 0.29257417
 0.24681486 0.30478043 0.21341262 0.1559753 ]","[0.4956762  0.33096049 0.27365747 0.0947765  0.09178581 0.30221437
 0.16369516 0.34322883 0.13819118 0.18160622]"
11,0.7540334223473665,"[0.24222856 0.2331765  0.14629482 0.27236098 0.21087467 0.43011157
 0.23998911 0.49523013 0.11142413 0.15878658]","[0.22685562 0.30717061 0.1419285  0.17087784 0.24726317 0.27940642
 0.19745782 0.1349412  0.29242205 0.05974859]","[0.3791875  0.34000857 0.11047476 0.37424266 0.22557422 0.27766841
 0.14508299 0.23279457 0.24458811 0.05121614]"
11,0.5400612905158244,"[0.13053957 0.11285197 0.14638477 0.02374473 0.37660934 0.48951299
 0.46650321 0.49983903 0.1245074  0.13322734]","[0.22103279 0.14000966 0.12937854 0.23327793 0.27980233 0.36454846
 0.37601741 0.23872779 0.20749432 0.00067433]","[ 0.46977655  0.35254834  0.22502807  0.23704187  0.15471538  0.35562417
  0.10312318  0.26419184  0.22526907 -0.02149837]"
11,1.1210114648552363,"[0.00906617 0.47171716 0.27205087 0.12902115 0.28243932 0.4350263
 0.42864806 0.48756773 0.07860483 0.20612828]","[0.22552978 0.25401788 0.07247777 0.22700233 0.32915361 0.43432226
 0.21894116 0.1918765  0.20500747 0.16397266]","[0.3062994  0.25375219 0.30273324 0.06187849 0.22520928 0.29970861
 0.23470816 0.47126489 0.12852817 0.11951947]"
11,0.9618337850925953,"[0.12755738 0.34201889 0.14595736 0.20288596 0.3188521  0.4387918
 0.36825934 0.47764145 0.08086416 0.13736954]","[0.27420044 0.3983474  0.12334701 0.13387215 0.4279771  0.46448641
 0.3451612  0.20734411 0.24257221 0.01840249]","[0.39901229 0.27321214 0.11458784 0.36552974 0.33539403 0.26231883
 0.12420693 0.36087622 0.15498341 0.18323227]"
11,0.7868763439787344,"[0.16804438 0.20915759 0.07916138 0.04269917 0.29075473 0.35324831
 0.38322845 0.47586183 0.22787885 0.18250704]","[0.26036757 0.24709781 0.25260504 0.27937978 0.53034146 0.4367214
 0.31556548 0.24056358 0.23391435 0.04761058]","[0.44519035 0.32613062 0.1856604  0.22052092 0.24835234 0.41014189
 0.21954977 0.33688567 0.22724245 0.18521747]"
11,0.6740457242777745,"[0.17625286 0.33310166 0.17232179 0.02204145 0.39618567 0.49450015
 0.38203221 0.475942   0.07366287 0.15297313]","[0.19870076 0.18768479 0.10306975 0.26991617 0.43341079 0.4960453
 0.19818602 0.11545859 0.25549033 0.02377757]","[ 0.4981686   0.24233134  0.16178191  0.21993154  0.17472296  0.29600715
 -0.02176763  0.24256617  0.04899161  0.06825297]"
11,0.9126661907405222,"[0.26600563 0.30168928 0.12707963 0.1546758  0.28488495 0.48806786
 0.36696415 0.49905833 0.0953578  0.29578366]","[0.26609531 0.2130222  0.21509294 0.2002241  0.35775601 0.19875232
 0.15385669 0.26590323 0.28630167 0.11105895]","[0.4414455  0.30059856 0.21672277 0.14522249 0.2193065  0.30201328
 0.21519305 0.22825477 0.13349701 0.14061967]"
11,1.2552340979821741,"[0.21500242 0.35954688 0.07775802 0.17483049 0.39986017 0.37445074
 0.41745074 0.49656485 0.11017859 0.26605698]","[0.22968711 0.13607551 0.18611429 0.24666934 0.34113751 0.32936251
 0.10130676 0.32113158 0.18493388 0.18240854]","[0.39983022 0.12611955 0.08029546 0.20747838 0.14678293 0.28202735
 0.30533938 0.31240934 0.07870043 0.05569506]"
11,0.9000118401583606,"[0.18066061 0.2562919  0.25695874 0.15153636 0.26956501 0.3669282
 0.49111163 0.46102357 0.03020619 0.2729447 ]","[0.14614564 0.17948255 0.27394962 0.19127317 0.52107711 0.32096148
 0.23451898 0.29972538 0.29098874 0.00060438]","[0.38507653 0.21260763 0.15738342 0.12824569 0.32938515 0.25711877
 0.07357967 0.31009114 0.13113554 0.03437374]"
11,0.8005714529107539,"[0.20348463 0.26427047 0.14028432 0.19136981 0.23182271 0.43473198
 0.29249088 0.49199542 0.02316862 0.15199299]","[0.16462641 0.25130975 0.26868122 0.34747182 0.34921111 0.3478667
 0.13199167 0.01318175 0.24158572 0.02833657]","[0.36170756 0.26392136 0.21996989 0.1839408  0.10817973 0.37186161
 0.09805783 0.40511409 0.25317324 0.19821514]"
11,1.4863772693799522,"[0.15525444 0.42235793 0.15374948 0.16903543 0.12962261 0.48436258
 0.37503568 0.46889724 0.09803484 0.17012027]","[0.20376672 0.23872363 0.20108754 0.07867103 0.27574608 0.34871938
 0.22021972 0.25553903 0.32224638 0.25013211]","[0.34693863 0.3575045  0.17666415 0.15960568 0.15085932 0.33455129
 0.24738344 0.37796784 0.09067082 0.05517193]"
